ISO-10303-21;
HEADER;
/* Generated by software containing ST-Developer
 * from STEP Tools, Inc. (www.steptools.com) 
 */

FILE_DESCRIPTION(
/* description */ (''),
/* implementation_level */ '2;1');

FILE_NAME(
/* name */ 'Full_Final_CAD.step',
/* time_stamp */ '2026-06-09T21:41:20-04:00',
/* author */ (''),
/* organization */ (''),
/* preprocessor_version */ 'ST-DEVELOPER v20.1',
/* originating_system */ 'Autodesk Translation Framework v15.8.0.0',
/* authorisation */ '');

FILE_SCHEMA (('AUTOMOTIVE_DESIGN { 1 0 10303 214 3 1 1 }'));
ENDSEC;

DATA;
#10=MECHANICAL_DESIGN_GEOMETRIC_PRESENTATION_REPRESENTATION('',(#167,#168,
#169,#170,#171,#172,#173,#174,#175,#176,#177,#178,#179,#180,#181,#182,#183,
#184,#185,#186),#12361);
#11=(
BOUNDED_SURFACE()
B_SPLINE_SURFACE(2,2,((#11813,#11814,#11815),(#11816,#11817,#11818),(#11819,
#11820,#11821)),.UNSPECIFIED.,.F.,.F.,.F.)
B_SPLINE_SURFACE_WITH_KNOTS((3,3),(3,3),(-0.864865921289837,-0.753960647471918),
(1.43116998663535,1.71042266695444),.UNSPECIFIED.)
GEOMETRIC_REPRESENTATION_ITEM()
RATIONAL_B_SPLINE_SURFACE(((1.,0.99026806874157,1.),(0.998462896473006,
0.988745924200438,0.998462896473006),(1.,0.99026806874157,1.)))
REPRESENTATION_ITEM('')
SURFACE()
);
#12=(
BOUNDED_SURFACE()
B_SPLINE_SURFACE(2,2,((#11856,#11857,#11858),(#11859,#11860,#11861),(#11862,
#11863,#11864)),.UNSPECIFIED.,.F.,.F.,.F.)
B_SPLINE_SURFACE_WITH_KNOTS((3,3),(3,3),(-0.753960647471922,0.),(1.43116998663535,
1.71042266695444),.UNSPECIFIED.)
GEOMETRIC_REPRESENTATION_ITEM()
RATIONAL_B_SPLINE_SURFACE(((1.,0.99026806874157,1.),(0.929780459626277,
0.920731900107763,0.929780459626277),(1.,0.99026806874157,1.)))
REPRESENTATION_ITEM('')
SURFACE()
);
#13=(
BOUNDED_SURFACE()
B_SPLINE_SURFACE(2,2,((#11866,#11867,#11868),(#11869,#11870,#11871),(#11872,
#11873,#11874)),.UNSPECIFIED.,.F.,.F.,.F.)
B_SPLINE_SURFACE_WITH_KNOTS((3,3),(3,3),(-0.744707213560728,-1.43425279218796E-8),
(1.43116998663535,1.71042266695444),.UNSPECIFIED.)
GEOMETRIC_REPRESENTATION_ITEM()
RATIONAL_B_SPLINE_SURFACE(((1.,0.99026806874157,1.),(0.931473666172119,
0.922408628483894,0.931473666172119),(1.,0.99026806874157,1.)))
REPRESENTATION_ITEM('')
SURFACE()
);
#14=(
BOUNDED_SURFACE()
B_SPLINE_SURFACE(2,2,((#12030,#12031,#12032),(#12033,#12034,#12035),(#12036,
#12037,#12038)),.UNSPECIFIED.,.F.,.F.,.F.)
B_SPLINE_SURFACE_WITH_KNOTS((3,3),(3,3),(-0.744707213560728,-1.43425279218796E-8),
(1.43116998663535,1.71042266695444),.UNSPECIFIED.)
GEOMETRIC_REPRESENTATION_ITEM()
RATIONAL_B_SPLINE_SURFACE(((1.,0.99026806874157,1.),(0.931473666172118,
0.922408628483894,0.931473666172118),(1.,0.99026806874157,1.)))
REPRESENTATION_ITEM('')
SURFACE()
);
#15=(
BOUNDED_SURFACE()
B_SPLINE_SURFACE(2,2,((#12042,#12043,#12044),(#12045,#12046,#12047),(#12048,
#12049,#12050)),.UNSPECIFIED.,.F.,.F.,.F.)
B_SPLINE_SURFACE_WITH_KNOTS((3,3),(3,3),(-0.753960647471923,0.),(1.43116998663535,
1.71042266695444),.UNSPECIFIED.)
GEOMETRIC_REPRESENTATION_ITEM()
RATIONAL_B_SPLINE_SURFACE(((1.,0.99026806874157,1.),(0.929780459626281,
0.920731900107767,0.929780459626281),(1.,0.99026806874157,1.)))
REPRESENTATION_ITEM('')
SURFACE()
);
#16=(
BOUNDED_SURFACE()
B_SPLINE_SURFACE(2,2,((#12072,#12073,#12074),(#12075,#12076,#12077),(#12078,
#12079,#12080)),.UNSPECIFIED.,.F.,.F.,.F.)
B_SPLINE_SURFACE_WITH_KNOTS((3,3),(3,3),(-0.864865921289837,-0.753960647471919),
(1.43116998663535,1.71042266695444),.UNSPECIFIED.)
GEOMETRIC_REPRESENTATION_ITEM()
RATIONAL_B_SPLINE_SURFACE(((1.,0.99026806874157,1.),(0.998462896472373,
0.988745924199811,0.998462896472373),(1.,0.99026806874157,1.)))
REPRESENTATION_ITEM('')
SURFACE()
);
#17=(
BOUNDED_SURFACE()
B_SPLINE_SURFACE(2,2,((#12239,#12240,#12241),(#12242,#12243,#12244),(#12245,
#12246,#12247)),.UNSPECIFIED.,.F.,.F.,.F.)
B_SPLINE_SURFACE_WITH_KNOTS((3,3),(3,3),(-0.744707213560728,-1.43425279218796E-8),
(1.43116998663535,1.71042266695444),.UNSPECIFIED.)
GEOMETRIC_REPRESENTATION_ITEM()
RATIONAL_B_SPLINE_SURFACE(((1.,0.99026806874157,1.),(0.931473666172121,
0.922408628483896,0.931473666172121),(1.,0.99026806874157,1.)))
REPRESENTATION_ITEM('')
SURFACE()
);
#18=(
BOUNDED_SURFACE()
B_SPLINE_SURFACE(2,2,((#12251,#12252,#12253),(#12254,#12255,#12256),(#12257,
#12258,#12259)),.UNSPECIFIED.,.F.,.F.,.F.)
B_SPLINE_SURFACE_WITH_KNOTS((3,3),(3,3),(-0.753960647471923,0.),(1.43116998663535,
1.71042266695444),.UNSPECIFIED.)
GEOMETRIC_REPRESENTATION_ITEM()
RATIONAL_B_SPLINE_SURFACE(((1.,0.99026806874157,1.),(0.929780459626281,
0.920731900107767,0.929780459626281),(1.,0.99026806874157,1.)))
REPRESENTATION_ITEM('')
SURFACE()
);
#19=(
BOUNDED_SURFACE()
B_SPLINE_SURFACE(2,2,((#12281,#12282,#12283),(#12284,#12285,#12286),(#12287,
#12288,#12289)),.UNSPECIFIED.,.F.,.F.,.F.)
B_SPLINE_SURFACE_WITH_KNOTS((3,3),(3,3),(-0.864865921289837,-0.753960647471918),
(1.43116998663535,1.71042266695444),.UNSPECIFIED.)
GEOMETRIC_REPRESENTATION_ITEM()
RATIONAL_B_SPLINE_SURFACE(((1.,0.99026806874157,1.),(0.998462896472962,
0.988745924200394,0.998462896472962),(1.,0.99026806874157,1.)))
REPRESENTATION_ITEM('')
SURFACE()
);
#20=B_SPLINE_CURVE_WITH_KNOTS('',3,(#10877,#10878,#10879,#10880,#10881,
#10882,#10883,#10884,#10885,#10886,#10887,#10888,#10889,#10890,#10891,#10892,
#10893,#10894),.UNSPECIFIED.,.F.,.F.,(4,2,2,2,2,2,2,2,4),(0.73089516973536,
0.913618945085644,1.09634272043593,1.27906652995332,1.46179033947072,1.64451414898811,
1.82723795850551,2.00996173385579,2.19268550920608),.UNSPECIFIED.);
#21=B_SPLINE_CURVE_WITH_KNOTS('',3,(#10895,#10896,#10897,#10898,#10899,
#10900,#10901,#10902,#10903,#10904,#10905,#10906,#10907,#10908,#10909,#10910,
#10911,#10912,#10913),.UNSPECIFIED.,.F.,.F.,(4,2,2,2,3,2,2,2,4),(2.19268550920608,
2.37540928455636,2.55813305990665,2.74085686942404,2.92358067894144,3.10630448845883,
3.28902829797623,3.47175207332651,3.6544758486768),.UNSPECIFIED.);
#22=B_SPLINE_CURVE_WITH_KNOTS('',3,(#10917,#10918,#10919,#10920,#10921,
#10922,#10923,#10924,#10925,#10926),.UNSPECIFIED.,.F.,.F.,(4,2,2,2,4),(0.,
0.182726431149011,0.365452862298023,0.548179253211407,0.730905644124791),
 .UNSPECIFIED.);
#23=B_SPLINE_CURVE_WITH_KNOTS('',3,(#10927,#10928,#10929,#10930,#10931,
#10932,#10933,#10934,#10935,#10936,#10937,#10938,#10939,#10940,#10941,#10942,
#10943,#10944,#10945,#10946,#10947,#10948,#10949,#10950,#10951,#10952),
 .UNSPECIFIED.,.F.,.F.,(4,2,2,2,2,2,2,2,2,2,2,2,4),(0.730905644124791,0.913632035038175,
1.09635842595156,1.27908485710057,1.46181128824958,1.64453771939859,1.8272641505476,
2.00999054146099,2.19271693237437,2.37544332328776,2.55816971420114,2.74089614535015,
2.92362257649916),.UNSPECIFIED.);
#24=ITEM_DEFINED_TRANSFORMATION($,$,#7322,#7374);
#25=ITEM_DEFINED_TRANSFORMATION($,$,#7336,#7375);
#26=ITEM_DEFINED_TRANSFORMATION($,$,#7322,#7376);
#27=ITEM_DEFINED_TRANSFORMATION($,$,#7336,#7377);
#28=ITEM_DEFINED_TRANSFORMATION($,$,#7247,#7378);
#29=ITEM_DEFINED_TRANSFORMATION($,$,#7271,#7379);
#30=ITEM_DEFINED_TRANSFORMATION($,$,#7293,#7380);
#31=ITEM_DEFINED_TRANSFORMATION($,$,#7310,#7381);
#32=ITEM_DEFINED_TRANSFORMATION($,$,#7320,#7382);
#33=ITEM_DEFINED_TRANSFORMATION($,$,#7321,#7383);
#34=ITEM_DEFINED_TRANSFORMATION($,$,#7246,#7542);
#35=ITEM_DEFINED_TRANSFORMATION($,$,#7656,#7725);
#36=ITEM_DEFINED_TRANSFORMATION($,$,#7656,#7726);
#37=ITEM_DEFINED_TRANSFORMATION($,$,#7656,#7727);
#38=ITEM_DEFINED_TRANSFORMATION($,$,#7594,#7988);
#39=ITEM_DEFINED_TRANSFORMATION($,$,#7244,#7989);
#40=ITEM_DEFINED_TRANSFORMATION($,$,#7544,#7990);
#41=ITEM_DEFINED_TRANSFORMATION($,$,#7245,#7991);
#42=ITEM_DEFINED_TRANSFORMATION($,$,#7594,#7992);
#43=ITEM_DEFINED_TRANSFORMATION($,$,#7543,#7993);
#44=ITEM_DEFINED_TRANSFORMATION($,$,#7544,#7994);
#45=ITEM_DEFINED_TRANSFORMATION($,$,#7594,#7995);
#46=ITEM_DEFINED_TRANSFORMATION($,$,#7655,#7996);
#47=ITEM_DEFINED_TRANSFORMATION($,$,#7728,#7997);
#48=ITEM_DEFINED_TRANSFORMATION($,$,#7737,#7998);
#49=ITEM_DEFINED_TRANSFORMATION($,$,#7852,#7999);
#50=ITEM_DEFINED_TRANSFORMATION($,$,#7920,#8000);
#51=(
REPRESENTATION_RELATIONSHIP($,$,#12445,#12443)
REPRESENTATION_RELATIONSHIP_WITH_TRANSFORMATION(#24)
SHAPE_REPRESENTATION_RELATIONSHIP()
);
#52=(
REPRESENTATION_RELATIONSHIP($,$,#12446,#12443)
REPRESENTATION_RELATIONSHIP_WITH_TRANSFORMATION(#25)
SHAPE_REPRESENTATION_RELATIONSHIP()
);
#53=(
REPRESENTATION_RELATIONSHIP($,$,#12445,#12444)
REPRESENTATION_RELATIONSHIP_WITH_TRANSFORMATION(#26)
SHAPE_REPRESENTATION_RELATIONSHIP()
);
#54=(
REPRESENTATION_RELATIONSHIP($,$,#12446,#12444)
REPRESENTATION_RELATIONSHIP_WITH_TRANSFORMATION(#27)
SHAPE_REPRESENTATION_RELATIONSHIP()
);
#55=(
REPRESENTATION_RELATIONSHIP($,$,#12439,#12438)
REPRESENTATION_RELATIONSHIP_WITH_TRANSFORMATION(#28)
SHAPE_REPRESENTATION_RELATIONSHIP()
);
#56=(
REPRESENTATION_RELATIONSHIP($,$,#12440,#12438)
REPRESENTATION_RELATIONSHIP_WITH_TRANSFORMATION(#29)
SHAPE_REPRESENTATION_RELATIONSHIP()
);
#57=(
REPRESENTATION_RELATIONSHIP($,$,#12441,#12438)
REPRESENTATION_RELATIONSHIP_WITH_TRANSFORMATION(#30)
SHAPE_REPRESENTATION_RELATIONSHIP()
);
#58=(
REPRESENTATION_RELATIONSHIP($,$,#12442,#12438)
REPRESENTATION_RELATIONSHIP_WITH_TRANSFORMATION(#31)
SHAPE_REPRESENTATION_RELATIONSHIP()
);
#59=(
REPRESENTATION_RELATIONSHIP($,$,#12443,#12438)
REPRESENTATION_RELATIONSHIP_WITH_TRANSFORMATION(#32)
SHAPE_REPRESENTATION_RELATIONSHIP()
);
#60=(
REPRESENTATION_RELATIONSHIP($,$,#12444,#12438)
REPRESENTATION_RELATIONSHIP_WITH_TRANSFORMATION(#33)
SHAPE_REPRESENTATION_RELATIONSHIP()
);
#61=(
REPRESENTATION_RELATIONSHIP($,$,#12438,#12437)
REPRESENTATION_RELATIONSHIP_WITH_TRANSFORMATION(#34)
SHAPE_REPRESENTATION_RELATIONSHIP()
);
#62=(
REPRESENTATION_RELATIONSHIP($,$,#12451,#12436)
REPRESENTATION_RELATIONSHIP_WITH_TRANSFORMATION(#35)
SHAPE_REPRESENTATION_RELATIONSHIP()
);
#63=(
REPRESENTATION_RELATIONSHIP($,$,#12451,#12447)
REPRESENTATION_RELATIONSHIP_WITH_TRANSFORMATION(#36)
SHAPE_REPRESENTATION_RELATIONSHIP()
);
#64=(
REPRESENTATION_RELATIONSHIP($,$,#12451,#12450)
REPRESENTATION_RELATIONSHIP_WITH_TRANSFORMATION(#37)
SHAPE_REPRESENTATION_RELATIONSHIP()
);
#65=(
REPRESENTATION_RELATIONSHIP($,$,#12449,#12435)
REPRESENTATION_RELATIONSHIP_WITH_TRANSFORMATION(#38)
SHAPE_REPRESENTATION_RELATIONSHIP()
);
#66=(
REPRESENTATION_RELATIONSHIP($,$,#12436,#12435)
REPRESENTATION_RELATIONSHIP_WITH_TRANSFORMATION(#39)
SHAPE_REPRESENTATION_RELATIONSHIP()
);
#67=(
REPRESENTATION_RELATIONSHIP($,$,#12448,#12435)
REPRESENTATION_RELATIONSHIP_WITH_TRANSFORMATION(#40)
SHAPE_REPRESENTATION_RELATIONSHIP()
);
#68=(
REPRESENTATION_RELATIONSHIP($,$,#12437,#12435)
REPRESENTATION_RELATIONSHIP_WITH_TRANSFORMATION(#41)
SHAPE_REPRESENTATION_RELATIONSHIP()
);
#69=(
REPRESENTATION_RELATIONSHIP($,$,#12449,#12435)
REPRESENTATION_RELATIONSHIP_WITH_TRANSFORMATION(#42)
SHAPE_REPRESENTATION_RELATIONSHIP()
);
#70=(
REPRESENTATION_RELATIONSHIP($,$,#12447,#12435)
REPRESENTATION_RELATIONSHIP_WITH_TRANSFORMATION(#43)
SHAPE_REPRESENTATION_RELATIONSHIP()
);
#71=(
REPRESENTATION_RELATIONSHIP($,$,#12448,#12435)
REPRESENTATION_RELATIONSHIP_WITH_TRANSFORMATION(#44)
SHAPE_REPRESENTATION_RELATIONSHIP()
);
#72=(
REPRESENTATION_RELATIONSHIP($,$,#12449,#12435)
REPRESENTATION_RELATIONSHIP_WITH_TRANSFORMATION(#45)
SHAPE_REPRESENTATION_RELATIONSHIP()
);
#73=(
REPRESENTATION_RELATIONSHIP($,$,#12450,#12435)
REPRESENTATION_RELATIONSHIP_WITH_TRANSFORMATION(#46)
SHAPE_REPRESENTATION_RELATIONSHIP()
);
#74=(
REPRESENTATION_RELATIONSHIP($,$,#12452,#12435)
REPRESENTATION_RELATIONSHIP_WITH_TRANSFORMATION(#47)
SHAPE_REPRESENTATION_RELATIONSHIP()
);
#75=(
REPRESENTATION_RELATIONSHIP($,$,#12453,#12435)
REPRESENTATION_RELATIONSHIP_WITH_TRANSFORMATION(#48)
SHAPE_REPRESENTATION_RELATIONSHIP()
);
#76=(
REPRESENTATION_RELATIONSHIP($,$,#12454,#12435)
REPRESENTATION_RELATIONSHIP_WITH_TRANSFORMATION(#49)
SHAPE_REPRESENTATION_RELATIONSHIP()
);
#77=(
REPRESENTATION_RELATIONSHIP($,$,#12455,#12435)
REPRESENTATION_RELATIONSHIP_WITH_TRANSFORMATION(#50)
SHAPE_REPRESENTATION_RELATIONSHIP()
);
#78=CONTEXT_DEPENDENT_SHAPE_REPRESENTATION(#51,#12399);
#79=CONTEXT_DEPENDENT_SHAPE_REPRESENTATION(#52,#12400);
#80=CONTEXT_DEPENDENT_SHAPE_REPRESENTATION(#53,#12401);
#81=CONTEXT_DEPENDENT_SHAPE_REPRESENTATION(#54,#12402);
#82=CONTEXT_DEPENDENT_SHAPE_REPRESENTATION(#55,#12403);
#83=CONTEXT_DEPENDENT_SHAPE_REPRESENTATION(#56,#12404);
#84=CONTEXT_DEPENDENT_SHAPE_REPRESENTATION(#57,#12405);
#85=CONTEXT_DEPENDENT_SHAPE_REPRESENTATION(#58,#12406);
#86=CONTEXT_DEPENDENT_SHAPE_REPRESENTATION(#59,#12407);
#87=CONTEXT_DEPENDENT_SHAPE_REPRESENTATION(#60,#12408);
#88=CONTEXT_DEPENDENT_SHAPE_REPRESENTATION(#61,#12409);
#89=CONTEXT_DEPENDENT_SHAPE_REPRESENTATION(#62,#12415);
#90=CONTEXT_DEPENDENT_SHAPE_REPRESENTATION(#63,#12416);
#91=CONTEXT_DEPENDENT_SHAPE_REPRESENTATION(#64,#12417);
#92=CONTEXT_DEPENDENT_SHAPE_REPRESENTATION(#65,#12422);
#93=CONTEXT_DEPENDENT_SHAPE_REPRESENTATION(#66,#12423);
#94=CONTEXT_DEPENDENT_SHAPE_REPRESENTATION(#67,#12424);
#95=CONTEXT_DEPENDENT_SHAPE_REPRESENTATION(#68,#12425);
#96=CONTEXT_DEPENDENT_SHAPE_REPRESENTATION(#69,#12426);
#97=CONTEXT_DEPENDENT_SHAPE_REPRESENTATION(#70,#12427);
#98=CONTEXT_DEPENDENT_SHAPE_REPRESENTATION(#71,#12428);
#99=CONTEXT_DEPENDENT_SHAPE_REPRESENTATION(#72,#12429);
#100=CONTEXT_DEPENDENT_SHAPE_REPRESENTATION(#73,#12430);
#101=CONTEXT_DEPENDENT_SHAPE_REPRESENTATION(#74,#12431);
#102=CONTEXT_DEPENDENT_SHAPE_REPRESENTATION(#75,#12432);
#103=CONTEXT_DEPENDENT_SHAPE_REPRESENTATION(#76,#12433);
#104=CONTEXT_DEPENDENT_SHAPE_REPRESENTATION(#77,#12434);
#105=NEXT_ASSEMBLY_USAGE_OCCURRENCE('wireholder:1','wireholder:1',
'wireholder:1',#12465,#12467,'wireholder:1');
#106=NEXT_ASSEMBLY_USAGE_OCCURRENCE(
'pan cross head_ai_CR-PHMS 0.06-80x0.125x0.125-N:1',
'pan cross head_ai_CR-PHMS 0.06-80x0.125x0.125-N:1',
'pan cross head_ai_CR-PHMS 0.06-80x0.125x0.125-N:1',#12465,#12468,
'pan cross head_ai_CR-PHMS 0.06-80x0.125x0.125-N:1');
#107=NEXT_ASSEMBLY_USAGE_OCCURRENCE('wireholder:1','wireholder:1',
'wireholder:1',#12466,#12467,'wireholder:1');
#108=NEXT_ASSEMBLY_USAGE_OCCURRENCE(
'pan cross head_ai_CR-PHMS 0.06-80x0.125x0.125-N:1',
'pan cross head_ai_CR-PHMS 0.06-80x0.125x0.125-N:1',
'pan cross head_ai_CR-PHMS 0.06-80x0.125x0.125-N:1',#12466,#12468,
'pan cross head_ai_CR-PHMS 0.06-80x0.125x0.125-N:1');
#109=NEXT_ASSEMBLY_USAGE_OCCURRENCE('main_body:1','main_body:1',
'main_body:1',#12460,#12461,'main_body:1');
#110=NEXT_ASSEMBLY_USAGE_OCCURRENCE('green_screw_section:1',
'green_screw_section:1','green_screw_section:1',#12460,#12462,
'green_screw_section:1');
#111=NEXT_ASSEMBLY_USAGE_OCCURRENCE('jack_outer_metal:1',
'jack_outer_metal:1','jack_outer_metal:1',#12460,#12463,
'jack_outer_metal:1');
#112=NEXT_ASSEMBLY_USAGE_OCCURRENCE('jack_inner_rod:1',
'jack_inner_rod:1','jack_inner_rod:1',#12460,#12464,'jack_inner_rod:1');
#113=NEXT_ASSEMBLY_USAGE_OCCURRENCE('wireholder_with_screw_assembly:1',
'wireholder_with_screw_assembly:1','wireholder_with_screw_assembly:1',#12460,
#12465,'wireholder_with_screw_assembly:1');
#114=NEXT_ASSEMBLY_USAGE_OCCURRENCE('wireholder_with_screw_assembly:2',
'wireholder_with_screw_assembly:2','wireholder_with_screw_assembly:2',#12460,
#12466,'wireholder_with_screw_assembly:2');
#115=NEXT_ASSEMBLY_USAGE_OCCURRENCE('dc_power_jack_assembly:1',
'dc_power_jack_assembly:1','dc_power_jack_assembly:1',#12459,#12460,
'dc_power_jack_assembly:1');
#116=NEXT_ASSEMBLY_USAGE_OCCURRENCE('Plastic Integrator:1',
'Plastic Integrator:1','Plastic Integrator:1',#12458,#12473,
'Plastic Integrator:1');
#117=NEXT_ASSEMBLY_USAGE_OCCURRENCE('Plastic Integrator:1',
'Plastic Integrator:1','Plastic Integrator:1',#12469,#12473,
'Plastic Integrator:1');
#118=NEXT_ASSEMBLY_USAGE_OCCURRENCE('Plastic Integrator:1',
'Plastic Integrator:1','Plastic Integrator:1',#12472,#12473,
'Plastic Integrator:1');
#119=NEXT_ASSEMBLY_USAGE_OCCURRENCE('Arm 1:1','Arm 1:1','Arm 1:1',#12457,
#12471,'Arm 1:1');
#120=NEXT_ASSEMBLY_USAGE_OCCURRENCE('Servo + Linkage:1',
'Servo + Linkage:1','Servo + Linkage:1',#12457,#12458,
'Servo + Linkage:1');
#121=NEXT_ASSEMBLY_USAGE_OCCURRENCE('Servo Holer:1','Servo Holer:1',
'Servo Holer:1',#12457,#12470,'Servo Holer:1');
#122=NEXT_ASSEMBLY_USAGE_OCCURRENCE('Base And Electronics:1',
'Base And Electronics:1','Base And Electronics:1',#12457,#12459,
'Base And Electronics:1');
#123=NEXT_ASSEMBLY_USAGE_OCCURRENCE('Arm 1:4','Arm 1:4','Arm 1:4',#12457,
#12471,'Arm 1:4');
#124=NEXT_ASSEMBLY_USAGE_OCCURRENCE('Servo + Linkage:4',
'Servo + Linkage:4','Servo + Linkage:4',#12457,#12469,
'Servo + Linkage:4');
#125=NEXT_ASSEMBLY_USAGE_OCCURRENCE('Servo Holer:2','Servo Holer:2',
'Servo Holer:2',#12457,#12470,'Servo Holer:2');
#126=NEXT_ASSEMBLY_USAGE_OCCURRENCE('Arm 1:5','Arm 1:5','Arm 1:5',#12457,
#12471,'Arm 1:5');
#127=NEXT_ASSEMBLY_USAGE_OCCURRENCE('Servo + Linkage:5',
'Servo + Linkage:5','Servo + Linkage:5',#12457,#12472,
'Servo + Linkage:5');
#128=NEXT_ASSEMBLY_USAGE_OCCURRENCE('Bearing:5','Bearing:5','Bearing:5',
#12457,#12474,'Bearing:5');
#129=NEXT_ASSEMBLY_USAGE_OCCURRENCE('Pi and Camera Holder:1',
'Pi and Camera Holder:1','Pi and Camera Holder:1',#12457,#12475,
'Pi and Camera Holder:1');
#130=NEXT_ASSEMBLY_USAGE_OCCURRENCE('Component17:1','Component17:1',
'Component17:1',#12457,#12476,'Component17:1');
#131=NEXT_ASSEMBLY_USAGE_OCCURRENCE('Component18:1','Component18:1',
'Component18:1',#12457,#12477,'Component18:1');
#132=SPHERICAL_SURFACE('',#7346,2.4384);
#133=TOROIDAL_SURFACE('',#7294,2.95,0.2);
#134=TOROIDAL_SURFACE('',#7299,3.3,0.2);
#135=TOROIDAL_SURFACE('',#7311,0.55,0.5);
#136=TOROIDAL_SURFACE('',#7337,1.3462,0.127);
#137=TOROIDAL_SURFACE('',#7778,135.548370319132,110.);
#138=TOROIDAL_SURFACE('',#7786,135.548370319132,110.);
#139=SHAPE_REPRESENTATION_RELATIONSHIP('SRR','None',#12439,#153);
#140=SHAPE_REPRESENTATION_RELATIONSHIP('SRR','None',#12440,#154);
#141=SHAPE_REPRESENTATION_RELATIONSHIP('SRR','None',#12441,#155);
#142=SHAPE_REPRESENTATION_RELATIONSHIP('SRR','None',#12442,#156);
#143=SHAPE_REPRESENTATION_RELATIONSHIP('SRR','None',#12445,#157);
#144=SHAPE_REPRESENTATION_RELATIONSHIP('SRR','None',#12446,#158);
#145=SHAPE_REPRESENTATION_RELATIONSHIP('SRR','None',#12437,#159);
#146=SHAPE_REPRESENTATION_RELATIONSHIP('SRR','None',#12448,#160);
#147=SHAPE_REPRESENTATION_RELATIONSHIP('SRR','None',#12449,#161);
#148=SHAPE_REPRESENTATION_RELATIONSHIP('SRR','None',#12451,#162);
#149=SHAPE_REPRESENTATION_RELATIONSHIP('SRR','None',#12452,#163);
#150=SHAPE_REPRESENTATION_RELATIONSHIP('SRR','None',#12453,#164);
#151=SHAPE_REPRESENTATION_RELATIONSHIP('SRR','None',#12454,#165);
#152=SHAPE_REPRESENTATION_RELATIONSHIP('SRR','None',#12455,#166);
#153=ADVANCED_BREP_SHAPE_REPRESENTATION('',(#187),#12344);
#154=ADVANCED_BREP_SHAPE_REPRESENTATION('',(#188),#12345);
#155=ADVANCED_BREP_SHAPE_REPRESENTATION('',(#189),#12346);
#156=ADVANCED_BREP_SHAPE_REPRESENTATION('',(#190),#12347);
#157=ADVANCED_BREP_SHAPE_REPRESENTATION('',(#191),#12350);
#158=ADVANCED_BREP_SHAPE_REPRESENTATION('',(#192),#12351);
#159=ADVANCED_BREP_SHAPE_REPRESENTATION('',(#193,#194),#12342);
#160=ADVANCED_BREP_SHAPE_REPRESENTATION('',(#195),#12353);
#161=ADVANCED_BREP_SHAPE_REPRESENTATION('',(#196,#197),#12354);
#162=ADVANCED_BREP_SHAPE_REPRESENTATION('',(#198,#199),#12356);
#163=ADVANCED_BREP_SHAPE_REPRESENTATION('',(#200),#12357);
#164=ADVANCED_BREP_SHAPE_REPRESENTATION('',(#201,#202),#12358);
#165=ADVANCED_BREP_SHAPE_REPRESENTATION('',(#203,#204),#12359);
#166=ADVANCED_BREP_SHAPE_REPRESENTATION('',(#205,#206),#12360);
#167=STYLED_ITEM('',(#12546),#187);
#168=STYLED_ITEM('',(#12547),#188);
#169=STYLED_ITEM('',(#12548),#189);
#170=STYLED_ITEM('',(#12548),#190);
#171=STYLED_ITEM('',(#12548),#191);
#172=STYLED_ITEM('',(#12549),#192);
#173=STYLED_ITEM('',(#12545),#193);
#174=STYLED_ITEM('',(#12545),#194);
#175=STYLED_ITEM('',(#12545),#195);
#176=STYLED_ITEM('',(#12545),#196);
#177=STYLED_ITEM('',(#12545),#197);
#178=STYLED_ITEM('',(#12545),#198);
#179=STYLED_ITEM('',(#12545),#199);
#180=STYLED_ITEM('',(#12544),#200);
#181=STYLED_ITEM('',(#12545),#201);
#182=STYLED_ITEM('',(#12545),#202);
#183=STYLED_ITEM('',(#12545),#203);
#184=STYLED_ITEM('',(#12545),#204);
#185=STYLED_ITEM('',(#12545),#205);
#186=STYLED_ITEM('',(#12545),#206);
#187=MANIFOLD_SOLID_BREP('Body1',#7079);
#188=MANIFOLD_SOLID_BREP('Body1',#7080);
#189=MANIFOLD_SOLID_BREP('Body1',#7081);
#190=MANIFOLD_SOLID_BREP('Body1',#7082);
#191=MANIFOLD_SOLID_BREP('Body1',#7083);
#192=MANIFOLD_SOLID_BREP('Body1',#7084);
#193=MANIFOLD_SOLID_BREP('Body1',#7085);
#194=MANIFOLD_SOLID_BREP('Body2',#7086);
#195=MANIFOLD_SOLID_BREP('Body1',#7087);
#196=MANIFOLD_SOLID_BREP('Body1',#7088);
#197=MANIFOLD_SOLID_BREP('Body3',#7089);
#198=MANIFOLD_SOLID_BREP('Body1',#7090);
#199=MANIFOLD_SOLID_BREP('Body2',#7091);
#200=MANIFOLD_SOLID_BREP('Body1',#7092);
#201=MANIFOLD_SOLID_BREP('Body1',#7093);
#202=MANIFOLD_SOLID_BREP('Body2',#7094);
#203=MANIFOLD_SOLID_BREP('Body2',#7095);
#204=MANIFOLD_SOLID_BREP('Body1',#7096);
#205=MANIFOLD_SOLID_BREP('Body2',#7097);
#206=MANIFOLD_SOLID_BREP('Body1',#7098);
#207=FACE_BOUND('',#968,.T.);
#208=FACE_BOUND('',#983,.T.);
#209=FACE_BOUND('',#985,.T.);
#210=FACE_BOUND('',#990,.T.);
#211=FACE_BOUND('',#991,.T.);
#212=FACE_BOUND('',#994,.T.);
#213=FACE_BOUND('',#995,.T.);
#214=FACE_BOUND('',#998,.T.);
#215=FACE_BOUND('',#999,.T.);
#216=FACE_BOUND('',#1006,.T.);
#217=FACE_BOUND('',#1011,.T.);
#218=FACE_BOUND('',#1017,.T.);
#219=FACE_BOUND('',#1019,.T.);
#220=FACE_BOUND('',#1026,.T.);
#221=FACE_BOUND('',#1028,.T.);
#222=FACE_BOUND('',#1033,.T.);
#223=FACE_BOUND('',#1038,.T.);
#224=FACE_BOUND('',#1043,.T.);
#225=FACE_BOUND('',#1049,.T.);
#226=FACE_BOUND('',#1083,.T.);
#227=FACE_BOUND('',#1084,.T.);
#228=FACE_BOUND('',#1085,.T.);
#229=FACE_BOUND('',#1086,.T.);
#230=FACE_BOUND('',#1087,.T.);
#231=FACE_BOUND('',#1088,.T.);
#232=FACE_BOUND('',#1089,.T.);
#233=FACE_BOUND('',#1090,.T.);
#234=FACE_BOUND('',#1091,.T.);
#235=FACE_BOUND('',#1092,.T.);
#236=FACE_BOUND('',#1093,.T.);
#237=FACE_BOUND('',#1094,.T.);
#238=FACE_BOUND('',#1096,.T.);
#239=FACE_BOUND('',#1097,.T.);
#240=FACE_BOUND('',#1098,.T.);
#241=FACE_BOUND('',#1099,.T.);
#242=FACE_BOUND('',#1100,.T.);
#243=FACE_BOUND('',#1101,.T.);
#244=FACE_BOUND('',#1102,.T.);
#245=FACE_BOUND('',#1103,.T.);
#246=FACE_BOUND('',#1104,.T.);
#247=FACE_BOUND('',#1105,.T.);
#248=FACE_BOUND('',#1106,.T.);
#249=FACE_BOUND('',#1107,.T.);
#250=FACE_BOUND('',#1148,.T.);
#251=FACE_BOUND('',#1151,.T.);
#252=FACE_BOUND('',#1154,.T.);
#253=FACE_BOUND('',#1162,.T.);
#254=FACE_BOUND('',#1163,.T.);
#255=FACE_BOUND('',#1164,.T.);
#256=FACE_BOUND('',#1165,.T.);
#257=FACE_BOUND('',#1167,.T.);
#258=FACE_BOUND('',#1168,.T.);
#259=FACE_BOUND('',#1169,.T.);
#260=FACE_BOUND('',#1170,.T.);
#261=FACE_BOUND('',#1171,.T.);
#262=FACE_BOUND('',#1176,.T.);
#263=FACE_BOUND('',#1180,.T.);
#264=FACE_BOUND('',#1182,.T.);
#265=FACE_BOUND('',#1183,.T.);
#266=FACE_BOUND('',#1184,.T.);
#267=FACE_BOUND('',#1185,.T.);
#268=FACE_BOUND('',#1192,.T.);
#269=FACE_BOUND('',#1195,.T.);
#270=FACE_BOUND('',#1202,.T.);
#271=FACE_BOUND('',#1205,.T.);
#272=FACE_BOUND('',#1211,.T.);
#273=FACE_BOUND('',#1212,.T.);
#274=FACE_BOUND('',#1217,.T.);
#275=FACE_BOUND('',#1218,.T.);
#276=FACE_BOUND('',#1223,.T.);
#277=FACE_BOUND('',#1224,.T.);
#278=FACE_BOUND('',#1225,.T.);
#279=FACE_BOUND('',#1226,.T.);
#280=FACE_BOUND('',#1230,.T.);
#281=FACE_BOUND('',#1234,.T.);
#282=FACE_BOUND('',#1238,.T.);
#283=FACE_BOUND('',#1240,.T.);
#284=FACE_BOUND('',#1242,.T.);
#285=FACE_BOUND('',#1246,.T.);
#286=FACE_BOUND('',#1249,.T.);
#287=FACE_BOUND('',#1254,.T.);
#288=FACE_BOUND('',#1258,.T.);
#289=FACE_BOUND('',#1259,.T.);
#290=FACE_BOUND('',#1269,.T.);
#291=FACE_BOUND('',#1270,.T.);
#292=FACE_BOUND('',#1280,.T.);
#293=FACE_BOUND('',#1285,.T.);
#294=FACE_BOUND('',#1286,.T.);
#295=FACE_BOUND('',#1287,.T.);
#296=FACE_BOUND('',#1289,.T.);
#297=FACE_BOUND('',#1292,.T.);
#298=FACE_BOUND('',#1293,.T.);
#299=FACE_BOUND('',#1303,.T.);
#300=FACE_BOUND('',#1308,.T.);
#301=FACE_BOUND('',#1309,.T.);
#302=FACE_BOUND('',#1310,.T.);
#303=FACE_BOUND('',#1312,.T.);
#304=FACE_BOUND('',#1315,.T.);
#305=FACE_BOUND('',#1316,.T.);
#306=FACE_BOUND('',#1318,.T.);
#307=FACE_BOUND('',#1322,.T.);
#308=FACE_BOUND('',#1335,.T.);
#309=FACE_BOUND('',#1339,.T.);
#310=FACE_BOUND('',#1344,.T.);
#311=FACE_BOUND('',#1365,.T.);
#312=FACE_BOUND('',#1376,.T.);
#313=FACE_BOUND('',#1386,.T.);
#314=FACE_BOUND('',#1403,.T.);
#315=FACE_BOUND('',#1408,.T.);
#316=FACE_BOUND('',#1410,.T.);
#317=FACE_BOUND('',#1424,.T.);
#318=FACE_BOUND('',#1443,.T.);
#319=FACE_BOUND('',#1448,.T.);
#320=FACE_BOUND('',#1450,.T.);
#321=FACE_BOUND('',#1464,.T.);
#322=PLANE('',#7254);
#323=PLANE('',#7255);
#324=PLANE('',#7256);
#325=PLANE('',#7257);
#326=PLANE('',#7258);
#327=PLANE('',#7259);
#328=PLANE('',#7260);
#329=PLANE('',#7261);
#330=PLANE('',#7262);
#331=PLANE('',#7263);
#332=PLANE('',#7264);
#333=PLANE('',#7265);
#334=PLANE('',#7266);
#335=PLANE('',#7267);
#336=PLANE('',#7268);
#337=PLANE('',#7269);
#338=PLANE('',#7270);
#339=PLANE('',#7278);
#340=PLANE('',#7279);
#341=PLANE('',#7280);
#342=PLANE('',#7281);
#343=PLANE('',#7282);
#344=PLANE('',#7283);
#345=PLANE('',#7284);
#346=PLANE('',#7285);
#347=PLANE('',#7286);
#348=PLANE('',#7287);
#349=PLANE('',#7288);
#350=PLANE('',#7289);
#351=PLANE('',#7290);
#352=PLANE('',#7291);
#353=PLANE('',#7292);
#354=PLANE('',#7308);
#355=PLANE('',#7309);
#356=PLANE('',#7318);
#357=PLANE('',#7319);
#358=PLANE('',#7326);
#359=PLANE('',#7327);
#360=PLANE('',#7328);
#361=PLANE('',#7329);
#362=PLANE('',#7330);
#363=PLANE('',#7331);
#364=PLANE('',#7332);
#365=PLANE('',#7333);
#366=PLANE('',#7334);
#367=PLANE('',#7335);
#368=PLANE('',#7359);
#369=PLANE('',#7360);
#370=PLANE('',#7361);
#371=PLANE('',#7362);
#372=PLANE('',#7363);
#373=PLANE('',#7364);
#374=PLANE('',#7365);
#375=PLANE('',#7366);
#376=PLANE('',#7367);
#377=PLANE('',#7368);
#378=PLANE('',#7369);
#379=PLANE('',#7370);
#380=PLANE('',#7371);
#381=PLANE('',#7372);
#382=PLANE('',#7373);
#383=PLANE('',#7402);
#384=PLANE('',#7403);
#385=PLANE('',#7404);
#386=PLANE('',#7405);
#387=PLANE('',#7406);
#388=PLANE('',#7407);
#389=PLANE('',#7408);
#390=PLANE('',#7409);
#391=PLANE('',#7410);
#392=PLANE('',#7411);
#393=PLANE('',#7412);
#394=PLANE('',#7413);
#395=PLANE('',#7426);
#396=PLANE('',#7427);
#397=PLANE('',#7428);
#398=PLANE('',#7429);
#399=PLANE('',#7433);
#400=PLANE('',#7434);
#401=PLANE('',#7438);
#402=PLANE('',#7441);
#403=PLANE('',#7442);
#404=PLANE('',#7446);
#405=PLANE('',#7447);
#406=PLANE('',#7451);
#407=PLANE('',#7457);
#408=PLANE('',#7458);
#409=PLANE('',#7462);
#410=PLANE('',#7463);
#411=PLANE('',#7464);
#412=PLANE('',#7473);
#413=PLANE('',#7474);
#414=PLANE('',#7475);
#415=PLANE('',#7476);
#416=PLANE('',#7477);
#417=PLANE('',#7478);
#418=PLANE('',#7479);
#419=PLANE('',#7480);
#420=PLANE('',#7481);
#421=PLANE('',#7482);
#422=PLANE('',#7483);
#423=PLANE('',#7484);
#424=PLANE('',#7485);
#425=PLANE('',#7486);
#426=PLANE('',#7491);
#427=PLANE('',#7496);
#428=PLANE('',#7501);
#429=PLANE('',#7503);
#430=PLANE('',#7506);
#431=PLANE('',#7509);
#432=PLANE('',#7512);
#433=PLANE('',#7519);
#434=PLANE('',#7541);
#435=PLANE('',#7548);
#436=PLANE('',#7552);
#437=PLANE('',#7556);
#438=PLANE('',#7560);
#439=PLANE('',#7564);
#440=PLANE('',#7568);
#441=PLANE('',#7572);
#442=PLANE('',#7576);
#443=PLANE('',#7583);
#444=PLANE('',#7584);
#445=PLANE('',#7585);
#446=PLANE('',#7586);
#447=PLANE('',#7587);
#448=PLANE('',#7588);
#449=PLANE('',#7589);
#450=PLANE('',#7590);
#451=PLANE('',#7591);
#452=PLANE('',#7592);
#453=PLANE('',#7593);
#454=PLANE('',#7601);
#455=PLANE('',#7608);
#456=PLANE('',#7615);
#457=PLANE('',#7618);
#458=PLANE('',#7619);
#459=PLANE('',#7620);
#460=PLANE('',#7621);
#461=PLANE('',#7622);
#462=PLANE('',#7627);
#463=PLANE('',#7629);
#464=PLANE('',#7630);
#465=PLANE('',#7633);
#466=PLANE('',#7637);
#467=PLANE('',#7646);
#468=PLANE('',#7647);
#469=PLANE('',#7650);
#470=PLANE('',#7651);
#471=PLANE('',#7654);
#472=PLANE('',#7666);
#473=PLANE('',#7670);
#474=PLANE('',#7671);
#475=PLANE('',#7677);
#476=PLANE('',#7678);
#477=PLANE('',#7679);
#478=PLANE('',#7683);
#479=PLANE('',#7685);
#480=PLANE('',#7690);
#481=PLANE('',#7700);
#482=PLANE('',#7704);
#483=PLANE('',#7705);
#484=PLANE('',#7711);
#485=PLANE('',#7712);
#486=PLANE('',#7713);
#487=PLANE('',#7717);
#488=PLANE('',#7719);
#489=PLANE('',#7724);
#490=PLANE('',#7729);
#491=PLANE('',#7736);
#492=PLANE('',#7738);
#493=PLANE('',#7739);
#494=PLANE('',#7742);
#495=PLANE('',#7743);
#496=PLANE('',#7746);
#497=PLANE('',#7747);
#498=PLANE('',#7748);
#499=PLANE('',#7751);
#500=PLANE('',#7752);
#501=PLANE('',#7753);
#502=PLANE('',#7754);
#503=PLANE('',#7755);
#504=PLANE('',#7760);
#505=PLANE('',#7763);
#506=PLANE('',#7768);
#507=PLANE('',#7773);
#508=PLANE('',#7774);
#509=PLANE('',#7791);
#510=PLANE('',#7792);
#511=PLANE('',#7793);
#512=PLANE('',#7794);
#513=PLANE('',#7795);
#514=PLANE('',#7796);
#515=PLANE('',#7797);
#516=PLANE('',#7807);
#517=PLANE('',#7808);
#518=PLANE('',#7809);
#519=PLANE('',#7810);
#520=PLANE('',#7812);
#521=PLANE('',#7813);
#522=PLANE('',#7814);
#523=PLANE('',#7815);
#524=PLANE('',#7819);
#525=PLANE('',#7823);
#526=PLANE('',#7828);
#527=PLANE('',#7829);
#528=PLANE('',#7834);
#529=PLANE('',#7840);
#530=PLANE('',#7846);
#531=PLANE('',#7850);
#532=PLANE('',#7851);
#533=PLANE('',#7853);
#534=PLANE('',#7857);
#535=PLANE('',#7861);
#536=PLANE('',#7865);
#537=PLANE('',#7869);
#538=PLANE('',#7870);
#539=PLANE('',#7871);
#540=PLANE('',#7872);
#541=PLANE('',#7873);
#542=PLANE('',#7875);
#543=PLANE('',#7876);
#544=PLANE('',#7880);
#545=PLANE('',#7882);
#546=PLANE('',#7884);
#547=PLANE('',#7888);
#548=PLANE('',#7893);
#549=PLANE('',#7904);
#550=PLANE('',#7907);
#551=PLANE('',#7910);
#552=PLANE('',#7914);
#553=PLANE('',#7917);
#554=PLANE('',#7921);
#555=PLANE('',#7925);
#556=PLANE('',#7929);
#557=PLANE('',#7933);
#558=PLANE('',#7937);
#559=PLANE('',#7938);
#560=PLANE('',#7939);
#561=PLANE('',#7940);
#562=PLANE('',#7941);
#563=PLANE('',#7943);
#564=PLANE('',#7944);
#565=PLANE('',#7948);
#566=PLANE('',#7950);
#567=PLANE('',#7952);
#568=PLANE('',#7956);
#569=PLANE('',#7961);
#570=PLANE('',#7972);
#571=PLANE('',#7975);
#572=PLANE('',#7978);
#573=PLANE('',#7982);
#574=PLANE('',#7985);
#575=FACE_OUTER_BOUND('',#965,.T.);
#576=FACE_OUTER_BOUND('',#966,.T.);
#577=FACE_OUTER_BOUND('',#967,.T.);
#578=FACE_OUTER_BOUND('',#969,.T.);
#579=FACE_OUTER_BOUND('',#970,.T.);
#580=FACE_OUTER_BOUND('',#971,.T.);
#581=FACE_OUTER_BOUND('',#972,.T.);
#582=FACE_OUTER_BOUND('',#973,.T.);
#583=FACE_OUTER_BOUND('',#974,.T.);
#584=FACE_OUTER_BOUND('',#975,.T.);
#585=FACE_OUTER_BOUND('',#976,.T.);
#586=FACE_OUTER_BOUND('',#977,.T.);
#587=FACE_OUTER_BOUND('',#978,.T.);
#588=FACE_OUTER_BOUND('',#979,.T.);
#589=FACE_OUTER_BOUND('',#980,.T.);
#590=FACE_OUTER_BOUND('',#981,.T.);
#591=FACE_OUTER_BOUND('',#982,.T.);
#592=FACE_OUTER_BOUND('',#984,.T.);
#593=FACE_OUTER_BOUND('',#986,.T.);
#594=FACE_OUTER_BOUND('',#987,.T.);
#595=FACE_OUTER_BOUND('',#988,.T.);
#596=FACE_OUTER_BOUND('',#989,.T.);
#597=FACE_OUTER_BOUND('',#992,.T.);
#598=FACE_OUTER_BOUND('',#993,.T.);
#599=FACE_OUTER_BOUND('',#996,.T.);
#600=FACE_OUTER_BOUND('',#997,.T.);
#601=FACE_OUTER_BOUND('',#1000,.T.);
#602=FACE_OUTER_BOUND('',#1001,.T.);
#603=FACE_OUTER_BOUND('',#1002,.T.);
#604=FACE_OUTER_BOUND('',#1003,.T.);
#605=FACE_OUTER_BOUND('',#1004,.T.);
#606=FACE_OUTER_BOUND('',#1005,.T.);
#607=FACE_OUTER_BOUND('',#1007,.T.);
#608=FACE_OUTER_BOUND('',#1008,.T.);
#609=FACE_OUTER_BOUND('',#1009,.T.);
#610=FACE_OUTER_BOUND('',#1010,.T.);
#611=FACE_OUTER_BOUND('',#1012,.T.);
#612=FACE_OUTER_BOUND('',#1013,.T.);
#613=FACE_OUTER_BOUND('',#1014,.T.);
#614=FACE_OUTER_BOUND('',#1015,.T.);
#615=FACE_OUTER_BOUND('',#1016,.T.);
#616=FACE_OUTER_BOUND('',#1018,.T.);
#617=FACE_OUTER_BOUND('',#1020,.T.);
#618=FACE_OUTER_BOUND('',#1021,.T.);
#619=FACE_OUTER_BOUND('',#1022,.T.);
#620=FACE_OUTER_BOUND('',#1023,.T.);
#621=FACE_OUTER_BOUND('',#1024,.T.);
#622=FACE_OUTER_BOUND('',#1025,.T.);
#623=FACE_OUTER_BOUND('',#1027,.T.);
#624=FACE_OUTER_BOUND('',#1029,.T.);
#625=FACE_OUTER_BOUND('',#1030,.T.);
#626=FACE_OUTER_BOUND('',#1031,.T.);
#627=FACE_OUTER_BOUND('',#1032,.T.);
#628=FACE_OUTER_BOUND('',#1034,.T.);
#629=FACE_OUTER_BOUND('',#1035,.T.);
#630=FACE_OUTER_BOUND('',#1036,.T.);
#631=FACE_OUTER_BOUND('',#1037,.T.);
#632=FACE_OUTER_BOUND('',#1039,.T.);
#633=FACE_OUTER_BOUND('',#1040,.T.);
#634=FACE_OUTER_BOUND('',#1041,.T.);
#635=FACE_OUTER_BOUND('',#1042,.T.);
#636=FACE_OUTER_BOUND('',#1044,.T.);
#637=FACE_OUTER_BOUND('',#1045,.T.);
#638=FACE_OUTER_BOUND('',#1046,.T.);
#639=FACE_OUTER_BOUND('',#1047,.T.);
#640=FACE_OUTER_BOUND('',#1048,.T.);
#641=FACE_OUTER_BOUND('',#1050,.T.);
#642=FACE_OUTER_BOUND('',#1051,.T.);
#643=FACE_OUTER_BOUND('',#1052,.T.);
#644=FACE_OUTER_BOUND('',#1053,.T.);
#645=FACE_OUTER_BOUND('',#1054,.T.);
#646=FACE_OUTER_BOUND('',#1055,.T.);
#647=FACE_OUTER_BOUND('',#1056,.T.);
#648=FACE_OUTER_BOUND('',#1057,.T.);
#649=FACE_OUTER_BOUND('',#1058,.T.);
#650=FACE_OUTER_BOUND('',#1059,.T.);
#651=FACE_OUTER_BOUND('',#1060,.T.);
#652=FACE_OUTER_BOUND('',#1061,.T.);
#653=FACE_OUTER_BOUND('',#1062,.T.);
#654=FACE_OUTER_BOUND('',#1063,.T.);
#655=FACE_OUTER_BOUND('',#1064,.T.);
#656=FACE_OUTER_BOUND('',#1065,.T.);
#657=FACE_OUTER_BOUND('',#1066,.T.);
#658=FACE_OUTER_BOUND('',#1067,.T.);
#659=FACE_OUTER_BOUND('',#1068,.T.);
#660=FACE_OUTER_BOUND('',#1069,.T.);
#661=FACE_OUTER_BOUND('',#1070,.T.);
#662=FACE_OUTER_BOUND('',#1071,.T.);
#663=FACE_OUTER_BOUND('',#1072,.T.);
#664=FACE_OUTER_BOUND('',#1073,.T.);
#665=FACE_OUTER_BOUND('',#1074,.T.);
#666=FACE_OUTER_BOUND('',#1075,.T.);
#667=FACE_OUTER_BOUND('',#1076,.T.);
#668=FACE_OUTER_BOUND('',#1077,.T.);
#669=FACE_OUTER_BOUND('',#1078,.T.);
#670=FACE_OUTER_BOUND('',#1079,.T.);
#671=FACE_OUTER_BOUND('',#1080,.T.);
#672=FACE_OUTER_BOUND('',#1081,.T.);
#673=FACE_OUTER_BOUND('',#1082,.T.);
#674=FACE_OUTER_BOUND('',#1095,.T.);
#675=FACE_OUTER_BOUND('',#1108,.T.);
#676=FACE_OUTER_BOUND('',#1109,.T.);
#677=FACE_OUTER_BOUND('',#1110,.T.);
#678=FACE_OUTER_BOUND('',#1111,.T.);
#679=FACE_OUTER_BOUND('',#1112,.T.);
#680=FACE_OUTER_BOUND('',#1113,.T.);
#681=FACE_OUTER_BOUND('',#1114,.T.);
#682=FACE_OUTER_BOUND('',#1115,.T.);
#683=FACE_OUTER_BOUND('',#1116,.T.);
#684=FACE_OUTER_BOUND('',#1117,.T.);
#685=FACE_OUTER_BOUND('',#1118,.T.);
#686=FACE_OUTER_BOUND('',#1119,.T.);
#687=FACE_OUTER_BOUND('',#1120,.T.);
#688=FACE_OUTER_BOUND('',#1121,.T.);
#689=FACE_OUTER_BOUND('',#1122,.T.);
#690=FACE_OUTER_BOUND('',#1123,.T.);
#691=FACE_OUTER_BOUND('',#1124,.T.);
#692=FACE_OUTER_BOUND('',#1125,.T.);
#693=FACE_OUTER_BOUND('',#1126,.T.);
#694=FACE_OUTER_BOUND('',#1127,.T.);
#695=FACE_OUTER_BOUND('',#1128,.T.);
#696=FACE_OUTER_BOUND('',#1129,.T.);
#697=FACE_OUTER_BOUND('',#1130,.T.);
#698=FACE_OUTER_BOUND('',#1131,.T.);
#699=FACE_OUTER_BOUND('',#1132,.T.);
#700=FACE_OUTER_BOUND('',#1133,.T.);
#701=FACE_OUTER_BOUND('',#1134,.T.);
#702=FACE_OUTER_BOUND('',#1135,.T.);
#703=FACE_OUTER_BOUND('',#1136,.T.);
#704=FACE_OUTER_BOUND('',#1137,.T.);
#705=FACE_OUTER_BOUND('',#1138,.T.);
#706=FACE_OUTER_BOUND('',#1139,.T.);
#707=FACE_OUTER_BOUND('',#1140,.T.);
#708=FACE_OUTER_BOUND('',#1141,.T.);
#709=FACE_OUTER_BOUND('',#1142,.T.);
#710=FACE_OUTER_BOUND('',#1143,.T.);
#711=FACE_OUTER_BOUND('',#1144,.T.);
#712=FACE_OUTER_BOUND('',#1145,.T.);
#713=FACE_OUTER_BOUND('',#1146,.T.);
#714=FACE_OUTER_BOUND('',#1147,.T.);
#715=FACE_OUTER_BOUND('',#1149,.T.);
#716=FACE_OUTER_BOUND('',#1150,.T.);
#717=FACE_OUTER_BOUND('',#1152,.T.);
#718=FACE_OUTER_BOUND('',#1153,.T.);
#719=FACE_OUTER_BOUND('',#1155,.T.);
#720=FACE_OUTER_BOUND('',#1156,.T.);
#721=FACE_OUTER_BOUND('',#1157,.T.);
#722=FACE_OUTER_BOUND('',#1158,.T.);
#723=FACE_OUTER_BOUND('',#1159,.T.);
#724=FACE_OUTER_BOUND('',#1160,.T.);
#725=FACE_OUTER_BOUND('',#1161,.T.);
#726=FACE_OUTER_BOUND('',#1166,.T.);
#727=FACE_OUTER_BOUND('',#1172,.T.);
#728=FACE_OUTER_BOUND('',#1173,.T.);
#729=FACE_OUTER_BOUND('',#1174,.T.);
#730=FACE_OUTER_BOUND('',#1175,.T.);
#731=FACE_OUTER_BOUND('',#1177,.T.);
#732=FACE_OUTER_BOUND('',#1178,.T.);
#733=FACE_OUTER_BOUND('',#1179,.T.);
#734=FACE_OUTER_BOUND('',#1181,.T.);
#735=FACE_OUTER_BOUND('',#1186,.T.);
#736=FACE_OUTER_BOUND('',#1187,.T.);
#737=FACE_OUTER_BOUND('',#1188,.T.);
#738=FACE_OUTER_BOUND('',#1189,.T.);
#739=FACE_OUTER_BOUND('',#1190,.T.);
#740=FACE_OUTER_BOUND('',#1191,.T.);
#741=FACE_OUTER_BOUND('',#1193,.T.);
#742=FACE_OUTER_BOUND('',#1194,.T.);
#743=FACE_OUTER_BOUND('',#1196,.T.);
#744=FACE_OUTER_BOUND('',#1197,.T.);
#745=FACE_OUTER_BOUND('',#1198,.T.);
#746=FACE_OUTER_BOUND('',#1199,.T.);
#747=FACE_OUTER_BOUND('',#1200,.T.);
#748=FACE_OUTER_BOUND('',#1201,.T.);
#749=FACE_OUTER_BOUND('',#1203,.T.);
#750=FACE_OUTER_BOUND('',#1204,.T.);
#751=FACE_OUTER_BOUND('',#1206,.T.);
#752=FACE_OUTER_BOUND('',#1207,.T.);
#753=FACE_OUTER_BOUND('',#1208,.T.);
#754=FACE_OUTER_BOUND('',#1209,.T.);
#755=FACE_OUTER_BOUND('',#1210,.T.);
#756=FACE_OUTER_BOUND('',#1213,.T.);
#757=FACE_OUTER_BOUND('',#1214,.T.);
#758=FACE_OUTER_BOUND('',#1215,.T.);
#759=FACE_OUTER_BOUND('',#1216,.T.);
#760=FACE_OUTER_BOUND('',#1219,.T.);
#761=FACE_OUTER_BOUND('',#1220,.T.);
#762=FACE_OUTER_BOUND('',#1221,.T.);
#763=FACE_OUTER_BOUND('',#1222,.T.);
#764=FACE_OUTER_BOUND('',#1227,.T.);
#765=FACE_OUTER_BOUND('',#1228,.T.);
#766=FACE_OUTER_BOUND('',#1229,.T.);
#767=FACE_OUTER_BOUND('',#1231,.T.);
#768=FACE_OUTER_BOUND('',#1232,.T.);
#769=FACE_OUTER_BOUND('',#1233,.T.);
#770=FACE_OUTER_BOUND('',#1235,.T.);
#771=FACE_OUTER_BOUND('',#1236,.T.);
#772=FACE_OUTER_BOUND('',#1237,.T.);
#773=FACE_OUTER_BOUND('',#1239,.T.);
#774=FACE_OUTER_BOUND('',#1241,.T.);
#775=FACE_OUTER_BOUND('',#1243,.T.);
#776=FACE_OUTER_BOUND('',#1244,.T.);
#777=FACE_OUTER_BOUND('',#1245,.T.);
#778=FACE_OUTER_BOUND('',#1247,.T.);
#779=FACE_OUTER_BOUND('',#1248,.T.);
#780=FACE_OUTER_BOUND('',#1250,.T.);
#781=FACE_OUTER_BOUND('',#1251,.T.);
#782=FACE_OUTER_BOUND('',#1252,.T.);
#783=FACE_OUTER_BOUND('',#1253,.T.);
#784=FACE_OUTER_BOUND('',#1255,.T.);
#785=FACE_OUTER_BOUND('',#1256,.T.);
#786=FACE_OUTER_BOUND('',#1257,.T.);
#787=FACE_OUTER_BOUND('',#1260,.T.);
#788=FACE_OUTER_BOUND('',#1261,.T.);
#789=FACE_OUTER_BOUND('',#1262,.T.);
#790=FACE_OUTER_BOUND('',#1263,.T.);
#791=FACE_OUTER_BOUND('',#1264,.T.);
#792=FACE_OUTER_BOUND('',#1265,.T.);
#793=FACE_OUTER_BOUND('',#1266,.T.);
#794=FACE_OUTER_BOUND('',#1267,.T.);
#795=FACE_OUTER_BOUND('',#1268,.T.);
#796=FACE_OUTER_BOUND('',#1271,.T.);
#797=FACE_OUTER_BOUND('',#1272,.T.);
#798=FACE_OUTER_BOUND('',#1273,.T.);
#799=FACE_OUTER_BOUND('',#1274,.T.);
#800=FACE_OUTER_BOUND('',#1275,.T.);
#801=FACE_OUTER_BOUND('',#1276,.T.);
#802=FACE_OUTER_BOUND('',#1277,.T.);
#803=FACE_OUTER_BOUND('',#1278,.T.);
#804=FACE_OUTER_BOUND('',#1279,.T.);
#805=FACE_OUTER_BOUND('',#1281,.T.);
#806=FACE_OUTER_BOUND('',#1282,.T.);
#807=FACE_OUTER_BOUND('',#1283,.T.);
#808=FACE_OUTER_BOUND('',#1284,.T.);
#809=FACE_OUTER_BOUND('',#1288,.T.);
#810=FACE_OUTER_BOUND('',#1290,.T.);
#811=FACE_OUTER_BOUND('',#1291,.T.);
#812=FACE_OUTER_BOUND('',#1294,.T.);
#813=FACE_OUTER_BOUND('',#1295,.T.);
#814=FACE_OUTER_BOUND('',#1296,.T.);
#815=FACE_OUTER_BOUND('',#1297,.T.);
#816=FACE_OUTER_BOUND('',#1298,.T.);
#817=FACE_OUTER_BOUND('',#1299,.T.);
#818=FACE_OUTER_BOUND('',#1300,.T.);
#819=FACE_OUTER_BOUND('',#1301,.T.);
#820=FACE_OUTER_BOUND('',#1302,.T.);
#821=FACE_OUTER_BOUND('',#1304,.T.);
#822=FACE_OUTER_BOUND('',#1305,.T.);
#823=FACE_OUTER_BOUND('',#1306,.T.);
#824=FACE_OUTER_BOUND('',#1307,.T.);
#825=FACE_OUTER_BOUND('',#1311,.T.);
#826=FACE_OUTER_BOUND('',#1313,.T.);
#827=FACE_OUTER_BOUND('',#1314,.T.);
#828=FACE_OUTER_BOUND('',#1317,.T.);
#829=FACE_OUTER_BOUND('',#1319,.T.);
#830=FACE_OUTER_BOUND('',#1320,.T.);
#831=FACE_OUTER_BOUND('',#1321,.T.);
#832=FACE_OUTER_BOUND('',#1323,.T.);
#833=FACE_OUTER_BOUND('',#1324,.T.);
#834=FACE_OUTER_BOUND('',#1325,.T.);
#835=FACE_OUTER_BOUND('',#1326,.T.);
#836=FACE_OUTER_BOUND('',#1327,.T.);
#837=FACE_OUTER_BOUND('',#1328,.T.);
#838=FACE_OUTER_BOUND('',#1329,.T.);
#839=FACE_OUTER_BOUND('',#1330,.T.);
#840=FACE_OUTER_BOUND('',#1331,.T.);
#841=FACE_OUTER_BOUND('',#1332,.T.);
#842=FACE_OUTER_BOUND('',#1333,.T.);
#843=FACE_OUTER_BOUND('',#1334,.T.);
#844=FACE_OUTER_BOUND('',#1336,.T.);
#845=FACE_OUTER_BOUND('',#1337,.T.);
#846=FACE_OUTER_BOUND('',#1338,.T.);
#847=FACE_OUTER_BOUND('',#1340,.T.);
#848=FACE_OUTER_BOUND('',#1341,.T.);
#849=FACE_OUTER_BOUND('',#1342,.T.);
#850=FACE_OUTER_BOUND('',#1343,.T.);
#851=FACE_OUTER_BOUND('',#1345,.T.);
#852=FACE_OUTER_BOUND('',#1346,.T.);
#853=FACE_OUTER_BOUND('',#1347,.T.);
#854=FACE_OUTER_BOUND('',#1348,.T.);
#855=FACE_OUTER_BOUND('',#1349,.T.);
#856=FACE_OUTER_BOUND('',#1350,.T.);
#857=FACE_OUTER_BOUND('',#1351,.T.);
#858=FACE_OUTER_BOUND('',#1352,.T.);
#859=FACE_OUTER_BOUND('',#1353,.T.);
#860=FACE_OUTER_BOUND('',#1354,.T.);
#861=FACE_OUTER_BOUND('',#1355,.T.);
#862=FACE_OUTER_BOUND('',#1356,.T.);
#863=FACE_OUTER_BOUND('',#1357,.T.);
#864=FACE_OUTER_BOUND('',#1358,.T.);
#865=FACE_OUTER_BOUND('',#1359,.T.);
#866=FACE_OUTER_BOUND('',#1360,.T.);
#867=FACE_OUTER_BOUND('',#1361,.T.);
#868=FACE_OUTER_BOUND('',#1362,.T.);
#869=FACE_OUTER_BOUND('',#1363,.T.);
#870=FACE_OUTER_BOUND('',#1364,.T.);
#871=FACE_OUTER_BOUND('',#1366,.T.);
#872=FACE_OUTER_BOUND('',#1367,.T.);
#873=FACE_OUTER_BOUND('',#1368,.T.);
#874=FACE_OUTER_BOUND('',#1369,.T.);
#875=FACE_OUTER_BOUND('',#1370,.T.);
#876=FACE_OUTER_BOUND('',#1371,.T.);
#877=FACE_OUTER_BOUND('',#1372,.T.);
#878=FACE_OUTER_BOUND('',#1373,.T.);
#879=FACE_OUTER_BOUND('',#1374,.T.);
#880=FACE_OUTER_BOUND('',#1375,.T.);
#881=FACE_OUTER_BOUND('',#1377,.T.);
#882=FACE_OUTER_BOUND('',#1378,.T.);
#883=FACE_OUTER_BOUND('',#1379,.T.);
#884=FACE_OUTER_BOUND('',#1380,.T.);
#885=FACE_OUTER_BOUND('',#1381,.T.);
#886=FACE_OUTER_BOUND('',#1382,.T.);
#887=FACE_OUTER_BOUND('',#1383,.T.);
#888=FACE_OUTER_BOUND('',#1384,.T.);
#889=FACE_OUTER_BOUND('',#1385,.T.);
#890=FACE_OUTER_BOUND('',#1387,.T.);
#891=FACE_OUTER_BOUND('',#1388,.T.);
#892=FACE_OUTER_BOUND('',#1389,.T.);
#893=FACE_OUTER_BOUND('',#1390,.T.);
#894=FACE_OUTER_BOUND('',#1391,.T.);
#895=FACE_OUTER_BOUND('',#1392,.T.);
#896=FACE_OUTER_BOUND('',#1393,.T.);
#897=FACE_OUTER_BOUND('',#1394,.T.);
#898=FACE_OUTER_BOUND('',#1395,.T.);
#899=FACE_OUTER_BOUND('',#1396,.T.);
#900=FACE_OUTER_BOUND('',#1397,.T.);
#901=FACE_OUTER_BOUND('',#1398,.T.);
#902=FACE_OUTER_BOUND('',#1399,.T.);
#903=FACE_OUTER_BOUND('',#1400,.T.);
#904=FACE_OUTER_BOUND('',#1401,.T.);
#905=FACE_OUTER_BOUND('',#1402,.T.);
#906=FACE_OUTER_BOUND('',#1404,.T.);
#907=FACE_OUTER_BOUND('',#1405,.T.);
#908=FACE_OUTER_BOUND('',#1406,.T.);
#909=FACE_OUTER_BOUND('',#1407,.T.);
#910=FACE_OUTER_BOUND('',#1409,.T.);
#911=FACE_OUTER_BOUND('',#1411,.T.);
#912=FACE_OUTER_BOUND('',#1412,.T.);
#913=FACE_OUTER_BOUND('',#1413,.T.);
#914=FACE_OUTER_BOUND('',#1414,.T.);
#915=FACE_OUTER_BOUND('',#1415,.T.);
#916=FACE_OUTER_BOUND('',#1416,.T.);
#917=FACE_OUTER_BOUND('',#1417,.T.);
#918=FACE_OUTER_BOUND('',#1418,.T.);
#919=FACE_OUTER_BOUND('',#1419,.T.);
#920=FACE_OUTER_BOUND('',#1420,.T.);
#921=FACE_OUTER_BOUND('',#1421,.T.);
#922=FACE_OUTER_BOUND('',#1422,.T.);
#923=FACE_OUTER_BOUND('',#1423,.T.);
#924=FACE_OUTER_BOUND('',#1425,.T.);
#925=FACE_OUTER_BOUND('',#1426,.T.);
#926=FACE_OUTER_BOUND('',#1427,.T.);
#927=FACE_OUTER_BOUND('',#1428,.T.);
#928=FACE_OUTER_BOUND('',#1429,.T.);
#929=FACE_OUTER_BOUND('',#1430,.T.);
#930=FACE_OUTER_BOUND('',#1431,.T.);
#931=FACE_OUTER_BOUND('',#1432,.T.);
#932=FACE_OUTER_BOUND('',#1433,.T.);
#933=FACE_OUTER_BOUND('',#1434,.T.);
#934=FACE_OUTER_BOUND('',#1435,.T.);
#935=FACE_OUTER_BOUND('',#1436,.T.);
#936=FACE_OUTER_BOUND('',#1437,.T.);
#937=FACE_OUTER_BOUND('',#1438,.T.);
#938=FACE_OUTER_BOUND('',#1439,.T.);
#939=FACE_OUTER_BOUND('',#1440,.T.);
#940=FACE_OUTER_BOUND('',#1441,.T.);
#941=FACE_OUTER_BOUND('',#1442,.T.);
#942=FACE_OUTER_BOUND('',#1444,.T.);
#943=FACE_OUTER_BOUND('',#1445,.T.);
#944=FACE_OUTER_BOUND('',#1446,.T.);
#945=FACE_OUTER_BOUND('',#1447,.T.);
#946=FACE_OUTER_BOUND('',#1449,.T.);
#947=FACE_OUTER_BOUND('',#1451,.T.);
#948=FACE_OUTER_BOUND('',#1452,.T.);
#949=FACE_OUTER_BOUND('',#1453,.T.);
#950=FACE_OUTER_BOUND('',#1454,.T.);
#951=FACE_OUTER_BOUND('',#1455,.T.);
#952=FACE_OUTER_BOUND('',#1456,.T.);
#953=FACE_OUTER_BOUND('',#1457,.T.);
#954=FACE_OUTER_BOUND('',#1458,.T.);
#955=FACE_OUTER_BOUND('',#1459,.T.);
#956=FACE_OUTER_BOUND('',#1460,.T.);
#957=FACE_OUTER_BOUND('',#1461,.T.);
#958=FACE_OUTER_BOUND('',#1462,.T.);
#959=FACE_OUTER_BOUND('',#1463,.T.);
#960=FACE_OUTER_BOUND('',#1465,.T.);
#961=FACE_OUTER_BOUND('',#1466,.T.);
#962=FACE_OUTER_BOUND('',#1467,.T.);
#963=FACE_OUTER_BOUND('',#1468,.T.);
#964=FACE_OUTER_BOUND('',#1469,.T.);
#965=EDGE_LOOP('',(#4648,#4649,#4650,#4651));
#966=EDGE_LOOP('',(#4652,#4653,#4654,#4655));
#967=EDGE_LOOP('',(#4656,#4657,#4658,#4659));
#968=EDGE_LOOP('',(#4660,#4661,#4662,#4663));
#969=EDGE_LOOP('',(#4664,#4665,#4666,#4667));
#970=EDGE_LOOP('',(#4668,#4669,#4670,#4671));
#971=EDGE_LOOP('',(#4672,#4673,#4674,#4675));
#972=EDGE_LOOP('',(#4676,#4677,#4678,#4679));
#973=EDGE_LOOP('',(#4680,#4681,#4682,#4683));
#974=EDGE_LOOP('',(#4684,#4685,#4686,#4687));
#975=EDGE_LOOP('',(#4688,#4689,#4690,#4691));
#976=EDGE_LOOP('',(#4692,#4693,#4694,#4695,#4696,#4697,#4698,#4699));
#977=EDGE_LOOP('',(#4700,#4701,#4702,#4703,#4704,#4705,#4706,#4707));
#978=EDGE_LOOP('',(#4708,#4709,#4710,#4711));
#979=EDGE_LOOP('',(#4712,#4713,#4714,#4715));
#980=EDGE_LOOP('',(#4716,#4717,#4718,#4719));
#981=EDGE_LOOP('',(#4720,#4721,#4722,#4723));
#982=EDGE_LOOP('',(#4724,#4725,#4726,#4727));
#983=EDGE_LOOP('',(#4728));
#984=EDGE_LOOP('',(#4729));
#985=EDGE_LOOP('',(#4730));
#986=EDGE_LOOP('',(#4731));
#987=EDGE_LOOP('',(#4732,#4733,#4734,#4735));
#988=EDGE_LOOP('',(#4736,#4737,#4738,#4739));
#989=EDGE_LOOP('',(#4740,#4741,#4742,#4743));
#990=EDGE_LOOP('',(#4744));
#991=EDGE_LOOP('',(#4745));
#992=EDGE_LOOP('',(#4746,#4747,#4748,#4749));
#993=EDGE_LOOP('',(#4750,#4751,#4752,#4753));
#994=EDGE_LOOP('',(#4754,#4755,#4756,#4757));
#995=EDGE_LOOP('',(#4758,#4759,#4760,#4761));
#996=EDGE_LOOP('',(#4762,#4763,#4764,#4765));
#997=EDGE_LOOP('',(#4766,#4767,#4768,#4769));
#998=EDGE_LOOP('',(#4770,#4771,#4772,#4773));
#999=EDGE_LOOP('',(#4774,#4775,#4776,#4777));
#1000=EDGE_LOOP('',(#4778,#4779,#4780,#4781,#4782));
#1001=EDGE_LOOP('',(#4783,#4784,#4785,#4786,#4787));
#1002=EDGE_LOOP('',(#4788,#4789,#4790,#4791));
#1003=EDGE_LOOP('',(#4792,#4793,#4794,#4795));
#1004=EDGE_LOOP('',(#4796,#4797,#4798,#4799));
#1005=EDGE_LOOP('',(#4800,#4801,#4802,#4803));
#1006=EDGE_LOOP('',(#4804));
#1007=EDGE_LOOP('',(#4805,#4806,#4807,#4808));
#1008=EDGE_LOOP('',(#4809,#4810,#4811,#4812));
#1009=EDGE_LOOP('',(#4813,#4814,#4815,#4816));
#1010=EDGE_LOOP('',(#4817,#4818,#4819,#4820));
#1011=EDGE_LOOP('',(#4821));
#1012=EDGE_LOOP('',(#4822,#4823,#4824,#4825,#4826));
#1013=EDGE_LOOP('',(#4827,#4828,#4829,#4830,#4831));
#1014=EDGE_LOOP('',(#4832,#4833,#4834,#4835,#4836));
#1015=EDGE_LOOP('',(#4837,#4838,#4839,#4840,#4841));
#1016=EDGE_LOOP('',(#4842));
#1017=EDGE_LOOP('',(#4843));
#1018=EDGE_LOOP('',(#4844));
#1019=EDGE_LOOP('',(#4845));
#1020=EDGE_LOOP('',(#4846,#4847,#4848,#4849,#4850));
#1021=EDGE_LOOP('',(#4851,#4852,#4853,#4854,#4855));
#1022=EDGE_LOOP('',(#4856));
#1023=EDGE_LOOP('',(#4857));
#1024=EDGE_LOOP('',(#4858,#4859,#4860,#4861));
#1025=EDGE_LOOP('',(#4862,#4863,#4864,#4865));
#1026=EDGE_LOOP('',(#4866,#4867,#4868,#4869));
#1027=EDGE_LOOP('',(#4870,#4871,#4872,#4873));
#1028=EDGE_LOOP('',(#4874,#4875,#4876,#4877));
#1029=EDGE_LOOP('',(#4878,#4879,#4880,#4881));
#1030=EDGE_LOOP('',(#4882,#4883,#4884,#4885));
#1031=EDGE_LOOP('',(#4886,#4887,#4888,#4889));
#1032=EDGE_LOOP('',(#4890,#4891,#4892,#4893));
#1033=EDGE_LOOP('',(#4894));
#1034=EDGE_LOOP('',(#4895,#4896,#4897,#4898));
#1035=EDGE_LOOP('',(#4899,#4900,#4901,#4902));
#1036=EDGE_LOOP('',(#4903,#4904,#4905,#4906));
#1037=EDGE_LOOP('',(#4907,#4908,#4909,#4910));
#1038=EDGE_LOOP('',(#4911));
#1039=EDGE_LOOP('',(#4912,#4913,#4914,#4915));
#1040=EDGE_LOOP('',(#4916,#4917,#4918,#4919));
#1041=EDGE_LOOP('',(#4920,#4921,#4922,#4923));
#1042=EDGE_LOOP('',(#4924));
#1043=EDGE_LOOP('',(#4925,#4926,#4927,#4928,#4929,#4930,#4931,#4932,#4933,
#4934,#4935,#4936));
#1044=EDGE_LOOP('',(#4937,#4938,#4939));
#1045=EDGE_LOOP('',(#4940,#4941,#4942));
#1046=EDGE_LOOP('',(#4943,#4944,#4945));
#1047=EDGE_LOOP('',(#4946,#4947,#4948));
#1048=EDGE_LOOP('',(#4949));
#1049=EDGE_LOOP('',(#4950));
#1050=EDGE_LOOP('',(#4951));
#1051=EDGE_LOOP('',(#4952,#4953,#4954,#4955));
#1052=EDGE_LOOP('',(#4956,#4957,#4958,#4959));
#1053=EDGE_LOOP('',(#4960,#4961,#4962,#4963));
#1054=EDGE_LOOP('',(#4964,#4965,#4966,#4967));
#1055=EDGE_LOOP('',(#4968,#4969,#4970));
#1056=EDGE_LOOP('',(#4971,#4972,#4973));
#1057=EDGE_LOOP('',(#4974,#4975,#4976,#4977));
#1058=EDGE_LOOP('',(#4978,#4979,#4980));
#1059=EDGE_LOOP('',(#4981,#4982,#4983));
#1060=EDGE_LOOP('',(#4984,#4985,#4986,#4987));
#1061=EDGE_LOOP('',(#4988,#4989,#4990,#4991));
#1062=EDGE_LOOP('',(#4992,#4993,#4994,#4995));
#1063=EDGE_LOOP('',(#4996,#4997,#4998,#4999));
#1064=EDGE_LOOP('',(#5000,#5001,#5002,#5003));
#1065=EDGE_LOOP('',(#5004,#5005,#5006,#5007));
#1066=EDGE_LOOP('',(#5008,#5009,#5010,#5011));
#1067=EDGE_LOOP('',(#5012,#5013,#5014,#5015));
#1068=EDGE_LOOP('',(#5016,#5017,#5018,#5019));
#1069=EDGE_LOOP('',(#5020,#5021,#5022,#5023));
#1070=EDGE_LOOP('',(#5024,#5025,#5026,#5027));
#1071=EDGE_LOOP('',(#5028,#5029,#5030,#5031));
#1072=EDGE_LOOP('',(#5032,#5033,#5034,#5035));
#1073=EDGE_LOOP('',(#5036,#5037,#5038,#5039));
#1074=EDGE_LOOP('',(#5040,#5041,#5042,#5043));
#1075=EDGE_LOOP('',(#5044,#5045,#5046,#5047));
#1076=EDGE_LOOP('',(#5048,#5049,#5050,#5051));
#1077=EDGE_LOOP('',(#5052,#5053,#5054,#5055));
#1078=EDGE_LOOP('',(#5056,#5057,#5058,#5059));
#1079=EDGE_LOOP('',(#5060,#5061,#5062,#5063));
#1080=EDGE_LOOP('',(#5064,#5065,#5066,#5067));
#1081=EDGE_LOOP('',(#5068,#5069,#5070,#5071));
#1082=EDGE_LOOP('',(#5072));
#1083=EDGE_LOOP('',(#5073,#5074,#5075,#5076));
#1084=EDGE_LOOP('',(#5077,#5078,#5079,#5080));
#1085=EDGE_LOOP('',(#5081,#5082,#5083,#5084));
#1086=EDGE_LOOP('',(#5085));
#1087=EDGE_LOOP('',(#5086));
#1088=EDGE_LOOP('',(#5087));
#1089=EDGE_LOOP('',(#5088));
#1090=EDGE_LOOP('',(#5089));
#1091=EDGE_LOOP('',(#5090));
#1092=EDGE_LOOP('',(#5091));
#1093=EDGE_LOOP('',(#5092));
#1094=EDGE_LOOP('',(#5093));
#1095=EDGE_LOOP('',(#5094));
#1096=EDGE_LOOP('',(#5095,#5096,#5097,#5098));
#1097=EDGE_LOOP('',(#5099,#5100,#5101,#5102));
#1098=EDGE_LOOP('',(#5103,#5104,#5105,#5106));
#1099=EDGE_LOOP('',(#5107));
#1100=EDGE_LOOP('',(#5108));
#1101=EDGE_LOOP('',(#5109));
#1102=EDGE_LOOP('',(#5110));
#1103=EDGE_LOOP('',(#5111));
#1104=EDGE_LOOP('',(#5112));
#1105=EDGE_LOOP('',(#5113));
#1106=EDGE_LOOP('',(#5114));
#1107=EDGE_LOOP('',(#5115));
#1108=EDGE_LOOP('',(#5116,#5117,#5118,#5119));
#1109=EDGE_LOOP('',(#5120,#5121,#5122,#5123));
#1110=EDGE_LOOP('',(#5124,#5125,#5126,#5127));
#1111=EDGE_LOOP('',(#5128,#5129,#5130,#5131));
#1112=EDGE_LOOP('',(#5132,#5133,#5134,#5135));
#1113=EDGE_LOOP('',(#5136,#5137,#5138,#5139));
#1114=EDGE_LOOP('',(#5140,#5141,#5142,#5143,#5144,#5145,#5146,#5147));
#1115=EDGE_LOOP('',(#5148,#5149,#5150,#5151));
#1116=EDGE_LOOP('',(#5152,#5153,#5154,#5155));
#1117=EDGE_LOOP('',(#5156,#5157,#5158,#5159));
#1118=EDGE_LOOP('',(#5160,#5161,#5162,#5163));
#1119=EDGE_LOOP('',(#5164,#5165,#5166,#5167));
#1120=EDGE_LOOP('',(#5168,#5169,#5170,#5171));
#1121=EDGE_LOOP('',(#5172,#5173,#5174,#5175,#5176,#5177,#5178,#5179));
#1122=EDGE_LOOP('',(#5180,#5181,#5182,#5183));
#1123=EDGE_LOOP('',(#5184,#5185,#5186,#5187));
#1124=EDGE_LOOP('',(#5188,#5189,#5190,#5191));
#1125=EDGE_LOOP('',(#5192,#5193,#5194,#5195));
#1126=EDGE_LOOP('',(#5196,#5197,#5198,#5199));
#1127=EDGE_LOOP('',(#5200,#5201,#5202,#5203));
#1128=EDGE_LOOP('',(#5204,#5205,#5206,#5207,#5208,#5209,#5210,#5211));
#1129=EDGE_LOOP('',(#5212,#5213,#5214,#5215));
#1130=EDGE_LOOP('',(#5216,#5217,#5218,#5219));
#1131=EDGE_LOOP('',(#5220,#5221,#5222,#5223));
#1132=EDGE_LOOP('',(#5224,#5225,#5226,#5227));
#1133=EDGE_LOOP('',(#5228,#5229,#5230,#5231));
#1134=EDGE_LOOP('',(#5232,#5233,#5234,#5235));
#1135=EDGE_LOOP('',(#5236,#5237,#5238,#5239));
#1136=EDGE_LOOP('',(#5240,#5241,#5242,#5243));
#1137=EDGE_LOOP('',(#5244,#5245,#5246,#5247,#5248,#5249));
#1138=EDGE_LOOP('',(#5250,#5251,#5252,#5253));
#1139=EDGE_LOOP('',(#5254,#5255,#5256,#5257));
#1140=EDGE_LOOP('',(#5258,#5259,#5260,#5261));
#1141=EDGE_LOOP('',(#5262,#5263,#5264,#5265));
#1142=EDGE_LOOP('',(#5266,#5267,#5268,#5269));
#1143=EDGE_LOOP('',(#5270,#5271,#5272,#5273));
#1144=EDGE_LOOP('',(#5274,#5275,#5276,#5277,#5278,#5279));
#1145=EDGE_LOOP('',(#5280,#5281,#5282,#5283,#5284,#5285));
#1146=EDGE_LOOP('',(#5286,#5287,#5288,#5289));
#1147=EDGE_LOOP('',(#5290));
#1148=EDGE_LOOP('',(#5291));
#1149=EDGE_LOOP('',(#5292,#5293,#5294,#5295));
#1150=EDGE_LOOP('',(#5296));
#1151=EDGE_LOOP('',(#5297));
#1152=EDGE_LOOP('',(#5298,#5299,#5300,#5301));
#1153=EDGE_LOOP('',(#5302));
#1154=EDGE_LOOP('',(#5303));
#1155=EDGE_LOOP('',(#5304));
#1156=EDGE_LOOP('',(#5305,#5306,#5307,#5308));
#1157=EDGE_LOOP('',(#5309));
#1158=EDGE_LOOP('',(#5310,#5311,#5312,#5313));
#1159=EDGE_LOOP('',(#5314));
#1160=EDGE_LOOP('',(#5315,#5316,#5317,#5318));
#1161=EDGE_LOOP('',(#5319,#5320,#5321,#5322,#5323,#5324));
#1162=EDGE_LOOP('',(#5325));
#1163=EDGE_LOOP('',(#5326));
#1164=EDGE_LOOP('',(#5327,#5328,#5329,#5330,#5331,#5332));
#1165=EDGE_LOOP('',(#5333,#5334,#5335,#5336,#5337,#5338));
#1166=EDGE_LOOP('',(#5339,#5340,#5341,#5342,#5343,#5344,#5345,#5346,#5347,
#5348,#5349,#5350,#5351));
#1167=EDGE_LOOP('',(#5352,#5353,#5354,#5355));
#1168=EDGE_LOOP('',(#5356,#5357,#5358,#5359));
#1169=EDGE_LOOP('',(#5360));
#1170=EDGE_LOOP('',(#5361));
#1171=EDGE_LOOP('',(#5362,#5363,#5364,#5365));
#1172=EDGE_LOOP('',(#5366,#5367,#5368,#5369));
#1173=EDGE_LOOP('',(#5370,#5371,#5372,#5373));
#1174=EDGE_LOOP('',(#5374,#5375,#5376,#5377));
#1175=EDGE_LOOP('',(#5378,#5379,#5380,#5381));
#1176=EDGE_LOOP('',(#5382,#5383));
#1177=EDGE_LOOP('',(#5384,#5385,#5386,#5387));
#1178=EDGE_LOOP('',(#5388,#5389,#5390,#5391));
#1179=EDGE_LOOP('',(#5392,#5393,#5394,#5395,#5396,#5397,#5398,#5399,#5400,
#5401,#5402,#5403,#5404,#5405,#5406,#5407,#5408,#5409,#5410,#5411,#5412,
#5413,#5414,#5415,#5416,#5417,#5418,#5419));
#1180=EDGE_LOOP('',(#5420,#5421));
#1181=EDGE_LOOP('',(#5422));
#1182=EDGE_LOOP('',(#5423,#5424,#5425,#5426,#5427,#5428));
#1183=EDGE_LOOP('',(#5429));
#1184=EDGE_LOOP('',(#5430));
#1185=EDGE_LOOP('',(#5431));
#1186=EDGE_LOOP('',(#5432,#5433,#5434,#5435));
#1187=EDGE_LOOP('',(#5436));
#1188=EDGE_LOOP('',(#5437,#5438,#5439,#5440));
#1189=EDGE_LOOP('',(#5441));
#1190=EDGE_LOOP('',(#5442,#5443,#5444,#5445));
#1191=EDGE_LOOP('',(#5446));
#1192=EDGE_LOOP('',(#5447));
#1193=EDGE_LOOP('',(#5448,#5449,#5450,#5451));
#1194=EDGE_LOOP('',(#5452));
#1195=EDGE_LOOP('',(#5453));
#1196=EDGE_LOOP('',(#5454,#5455,#5456,#5457));
#1197=EDGE_LOOP('',(#5458));
#1198=EDGE_LOOP('',(#5459,#5460,#5461,#5462));
#1199=EDGE_LOOP('',(#5463));
#1200=EDGE_LOOP('',(#5464,#5465,#5466,#5467));
#1201=EDGE_LOOP('',(#5468));
#1202=EDGE_LOOP('',(#5469));
#1203=EDGE_LOOP('',(#5470,#5471,#5472,#5473));
#1204=EDGE_LOOP('',(#5474));
#1205=EDGE_LOOP('',(#5475));
#1206=EDGE_LOOP('',(#5476,#5477,#5478,#5479));
#1207=EDGE_LOOP('',(#5480,#5481,#5482,#5483));
#1208=EDGE_LOOP('',(#5484,#5485,#5486,#5487));
#1209=EDGE_LOOP('',(#5488,#5489,#5490,#5491));
#1210=EDGE_LOOP('',(#5492,#5493,#5494,#5495));
#1211=EDGE_LOOP('',(#5496));
#1212=EDGE_LOOP('',(#5497));
#1213=EDGE_LOOP('',(#5498,#5499,#5500,#5501,#5502,#5503));
#1214=EDGE_LOOP('',(#5504,#5505,#5506,#5507));
#1215=EDGE_LOOP('',(#5508,#5509,#5510,#5511));
#1216=EDGE_LOOP('',(#5512,#5513,#5514,#5515));
#1217=EDGE_LOOP('',(#5516));
#1218=EDGE_LOOP('',(#5517));
#1219=EDGE_LOOP('',(#5518,#5519,#5520,#5521));
#1220=EDGE_LOOP('',(#5522,#5523,#5524,#5525,#5526,#5527));
#1221=EDGE_LOOP('',(#5528,#5529,#5530,#5531,#5532,#5533));
#1222=EDGE_LOOP('',(#5534,#5535,#5536,#5537,#5538,#5539,#5540,#5541));
#1223=EDGE_LOOP('',(#5542));
#1224=EDGE_LOOP('',(#5543));
#1225=EDGE_LOOP('',(#5544));
#1226=EDGE_LOOP('',(#5545));
#1227=EDGE_LOOP('',(#5546,#5547,#5548,#5549));
#1228=EDGE_LOOP('',(#5550,#5551,#5552,#5553));
#1229=EDGE_LOOP('',(#5554,#5555,#5556,#5557));
#1230=EDGE_LOOP('',(#5558));
#1231=EDGE_LOOP('',(#5559,#5560,#5561,#5562));
#1232=EDGE_LOOP('',(#5563,#5564,#5565,#5566));
#1233=EDGE_LOOP('',(#5567,#5568,#5569,#5570));
#1234=EDGE_LOOP('',(#5571));
#1235=EDGE_LOOP('',(#5572,#5573,#5574,#5575));
#1236=EDGE_LOOP('',(#5576,#5577,#5578,#5579));
#1237=EDGE_LOOP('',(#5580,#5581,#5582,#5583,#5584,#5585,#5586,#5587,#5588,
#5589));
#1238=EDGE_LOOP('',(#5590));
#1239=EDGE_LOOP('',(#5591,#5592,#5593,#5594,#5595,#5596,#5597,#5598));
#1240=EDGE_LOOP('',(#5599));
#1241=EDGE_LOOP('',(#5600,#5601,#5602,#5603,#5604,#5605,#5606,#5607));
#1242=EDGE_LOOP('',(#5608));
#1243=EDGE_LOOP('',(#5609,#5610,#5611,#5612));
#1244=EDGE_LOOP('',(#5613,#5614,#5615,#5616));
#1245=EDGE_LOOP('',(#5617,#5618,#5619,#5620,#5621,#5622));
#1246=EDGE_LOOP('',(#5623));
#1247=EDGE_LOOP('',(#5624,#5625,#5626,#5627));
#1248=EDGE_LOOP('',(#5628,#5629,#5630,#5631,#5632,#5633));
#1249=EDGE_LOOP('',(#5634));
#1250=EDGE_LOOP('',(#5635,#5636,#5637,#5638));
#1251=EDGE_LOOP('',(#5639,#5640,#5641,#5642));
#1252=EDGE_LOOP('',(#5643,#5644,#5645,#5646));
#1253=EDGE_LOOP('',(#5647,#5648,#5649,#5650,#5651,#5652,#5653,#5654,#5655,
#5656));
#1254=EDGE_LOOP('',(#5657));
#1255=EDGE_LOOP('',(#5658,#5659,#5660,#5661));
#1256=EDGE_LOOP('',(#5662,#5663,#5664,#5665));
#1257=EDGE_LOOP('',(#5666,#5667,#5668,#5669,#5670,#5671));
#1258=EDGE_LOOP('',(#5672));
#1259=EDGE_LOOP('',(#5673));
#1260=EDGE_LOOP('',(#5674,#5675,#5676,#5677));
#1261=EDGE_LOOP('',(#5678,#5679,#5680,#5681));
#1262=EDGE_LOOP('',(#5682,#5683,#5684,#5685));
#1263=EDGE_LOOP('',(#5686,#5687,#5688,#5689));
#1264=EDGE_LOOP('',(#5690,#5691,#5692,#5693));
#1265=EDGE_LOOP('',(#5694,#5695,#5696,#5697));
#1266=EDGE_LOOP('',(#5698,#5699,#5700,#5701));
#1267=EDGE_LOOP('',(#5702,#5703,#5704,#5705));
#1268=EDGE_LOOP('',(#5706,#5707,#5708,#5709,#5710,#5711));
#1269=EDGE_LOOP('',(#5712));
#1270=EDGE_LOOP('',(#5713));
#1271=EDGE_LOOP('',(#5714,#5715,#5716,#5717));
#1272=EDGE_LOOP('',(#5718,#5719,#5720,#5721));
#1273=EDGE_LOOP('',(#5722,#5723,#5724,#5725));
#1274=EDGE_LOOP('',(#5726,#5727,#5728,#5729));
#1275=EDGE_LOOP('',(#5730,#5731,#5732,#5733));
#1276=EDGE_LOOP('',(#5734,#5735,#5736,#5737));
#1277=EDGE_LOOP('',(#5738,#5739,#5740,#5741,#5742));
#1278=EDGE_LOOP('',(#5743,#5744,#5745,#5746));
#1279=EDGE_LOOP('',(#5747));
#1280=EDGE_LOOP('',(#5748));
#1281=EDGE_LOOP('',(#5749,#5750,#5751,#5752));
#1282=EDGE_LOOP('',(#5753,#5754,#5755,#5756));
#1283=EDGE_LOOP('',(#5757,#5758,#5759,#5760));
#1284=EDGE_LOOP('',(#5761,#5762,#5763,#5764));
#1285=EDGE_LOOP('',(#5765));
#1286=EDGE_LOOP('',(#5766));
#1287=EDGE_LOOP('',(#5767));
#1288=EDGE_LOOP('',(#5768,#5769,#5770,#5771,#5772));
#1289=EDGE_LOOP('',(#5773));
#1290=EDGE_LOOP('',(#5774,#5775,#5776,#5777,#5778,#5779,#5780,#5781,#5782,
#5783,#5784,#5785));
#1291=EDGE_LOOP('',(#5786,#5787,#5788,#5789));
#1292=EDGE_LOOP('',(#5790));
#1293=EDGE_LOOP('',(#5791));
#1294=EDGE_LOOP('',(#5792,#5793,#5794,#5795));
#1295=EDGE_LOOP('',(#5796,#5797,#5798,#5799));
#1296=EDGE_LOOP('',(#5800,#5801,#5802,#5803));
#1297=EDGE_LOOP('',(#5804,#5805,#5806,#5807));
#1298=EDGE_LOOP('',(#5808,#5809,#5810,#5811));
#1299=EDGE_LOOP('',(#5812,#5813,#5814,#5815));
#1300=EDGE_LOOP('',(#5816,#5817,#5818,#5819,#5820));
#1301=EDGE_LOOP('',(#5821,#5822,#5823,#5824));
#1302=EDGE_LOOP('',(#5825));
#1303=EDGE_LOOP('',(#5826));
#1304=EDGE_LOOP('',(#5827,#5828,#5829,#5830));
#1305=EDGE_LOOP('',(#5831,#5832,#5833,#5834));
#1306=EDGE_LOOP('',(#5835,#5836,#5837,#5838));
#1307=EDGE_LOOP('',(#5839,#5840,#5841,#5842));
#1308=EDGE_LOOP('',(#5843));
#1309=EDGE_LOOP('',(#5844));
#1310=EDGE_LOOP('',(#5845));
#1311=EDGE_LOOP('',(#5846,#5847,#5848,#5849,#5850));
#1312=EDGE_LOOP('',(#5851));
#1313=EDGE_LOOP('',(#5852,#5853,#5854,#5855,#5856,#5857,#5858,#5859,#5860,
#5861,#5862,#5863));
#1314=EDGE_LOOP('',(#5864,#5865,#5866,#5867));
#1315=EDGE_LOOP('',(#5868));
#1316=EDGE_LOOP('',(#5869));
#1317=EDGE_LOOP('',(#5870));
#1318=EDGE_LOOP('',(#5871));
#1319=EDGE_LOOP('',(#5872,#5873,#5874,#5875));
#1320=EDGE_LOOP('',(#5876,#5877,#5878,#5879));
#1321=EDGE_LOOP('',(#5880));
#1322=EDGE_LOOP('',(#5881));
#1323=EDGE_LOOP('',(#5882,#5883,#5884,#5885));
#1324=EDGE_LOOP('',(#5886,#5887,#5888,#5889));
#1325=EDGE_LOOP('',(#5890,#5891,#5892,#5893));
#1326=EDGE_LOOP('',(#5894,#5895,#5896,#5897));
#1327=EDGE_LOOP('',(#5898,#5899,#5900,#5901));
#1328=EDGE_LOOP('',(#5902,#5903,#5904,#5905));
#1329=EDGE_LOOP('',(#5906,#5907,#5908,#5909,#5910,#5911,#5912,#5913));
#1330=EDGE_LOOP('',(#5914,#5915,#5916,#5917));
#1331=EDGE_LOOP('',(#5918,#5919,#5920,#5921));
#1332=EDGE_LOOP('',(#5922,#5923,#5924,#5925));
#1333=EDGE_LOOP('',(#5926,#5927,#5928,#5929));
#1334=EDGE_LOOP('',(#5930,#5931,#5932,#5933,#5934,#5935,#5936,#5937));
#1335=EDGE_LOOP('',(#5938,#5939,#5940,#5941));
#1336=EDGE_LOOP('',(#5942,#5943,#5944,#5945));
#1337=EDGE_LOOP('',(#5946,#5947,#5948,#5949,#5950,#5951,#5952,#5953));
#1338=EDGE_LOOP('',(#5954,#5955,#5956,#5957));
#1339=EDGE_LOOP('',(#5958,#5959,#5960,#5961));
#1340=EDGE_LOOP('',(#5962,#5963,#5964,#5965));
#1341=EDGE_LOOP('',(#5966,#5967,#5968,#5969));
#1342=EDGE_LOOP('',(#5970,#5971,#5972,#5973));
#1343=EDGE_LOOP('',(#5974,#5975,#5976,#5977,#5978,#5979,#5980,#5981,#5982,
#5983,#5984,#5985));
#1344=EDGE_LOOP('',(#5986,#5987,#5988,#5989));
#1345=EDGE_LOOP('',(#5990,#5991,#5992,#5993));
#1346=EDGE_LOOP('',(#5994,#5995,#5996,#5997,#5998,#5999,#6000,#6001));
#1347=EDGE_LOOP('',(#6002,#6003,#6004,#6005));
#1348=EDGE_LOOP('',(#6006,#6007,#6008,#6009));
#1349=EDGE_LOOP('',(#6010,#6011,#6012,#6013));
#1350=EDGE_LOOP('',(#6014,#6015,#6016,#6017));
#1351=EDGE_LOOP('',(#6018,#6019,#6020,#6021));
#1352=EDGE_LOOP('',(#6022,#6023,#6024,#6025,#6026,#6027));
#1353=EDGE_LOOP('',(#6028,#6029,#6030,#6031,#6032,#6033));
#1354=EDGE_LOOP('',(#6034,#6035,#6036,#6037));
#1355=EDGE_LOOP('',(#6038,#6039,#6040,#6041,#6042,#6043));
#1356=EDGE_LOOP('',(#6044,#6045,#6046,#6047,#6048,#6049));
#1357=EDGE_LOOP('',(#6050,#6051,#6052,#6053,#6054,#6055,#6056,#6057));
#1358=EDGE_LOOP('',(#6058,#6059,#6060,#6061));
#1359=EDGE_LOOP('',(#6062,#6063,#6064,#6065));
#1360=EDGE_LOOP('',(#6066,#6067,#6068,#6069));
#1361=EDGE_LOOP('',(#6070,#6071,#6072,#6073));
#1362=EDGE_LOOP('',(#6074,#6075,#6076,#6077));
#1363=EDGE_LOOP('',(#6078,#6079,#6080,#6081));
#1364=EDGE_LOOP('',(#6082,#6083,#6084,#6085,#6086));
#1365=EDGE_LOOP('',(#6087));
#1366=EDGE_LOOP('',(#6088,#6089,#6090,#6091));
#1367=EDGE_LOOP('',(#6092,#6093,#6094,#6095));
#1368=EDGE_LOOP('',(#6096,#6097,#6098,#6099));
#1369=EDGE_LOOP('',(#6100,#6101,#6102,#6103,#6104,#6105));
#1370=EDGE_LOOP('',(#6106,#6107,#6108,#6109));
#1371=EDGE_LOOP('',(#6110));
#1372=EDGE_LOOP('',(#6111,#6112,#6113,#6114));
#1373=EDGE_LOOP('',(#6115));
#1374=EDGE_LOOP('',(#6116,#6117,#6118,#6119,#6120,#6121,#6122,#6123));
#1375=EDGE_LOOP('',(#6124,#6125,#6126,#6127,#6128));
#1376=EDGE_LOOP('',(#6129));
#1377=EDGE_LOOP('',(#6130,#6131,#6132,#6133,#6134,#6135,#6136,#6137,#6138,
#6139));
#1378=EDGE_LOOP('',(#6140,#6141,#6142,#6143));
#1379=EDGE_LOOP('',(#6144,#6145,#6146,#6147,#6148,#6149,#6150,#6151,#6152,
#6153,#6154,#6155));
#1380=EDGE_LOOP('',(#6156,#6157,#6158,#6159));
#1381=EDGE_LOOP('',(#6160,#6161,#6162,#6163));
#1382=EDGE_LOOP('',(#6164,#6165,#6166,#6167));
#1383=EDGE_LOOP('',(#6168,#6169,#6170,#6171));
#1384=EDGE_LOOP('',(#6172,#6173,#6174,#6175,#6176,#6177,#6178,#6179));
#1385=EDGE_LOOP('',(#6180,#6181,#6182,#6183,#6184,#6185,#6186,#6187));
#1386=EDGE_LOOP('',(#6188,#6189,#6190,#6191));
#1387=EDGE_LOOP('',(#6192,#6193,#6194,#6195));
#1388=EDGE_LOOP('',(#6196,#6197,#6198,#6199));
#1389=EDGE_LOOP('',(#6200,#6201,#6202,#6203,#6204,#6205,#6206,#6207,#6208,
#6209,#6210,#6211));
#1390=EDGE_LOOP('',(#6212,#6213,#6214,#6215,#6216,#6217,#6218,#6219));
#1391=EDGE_LOOP('',(#6220,#6221,#6222,#6223));
#1392=EDGE_LOOP('',(#6224,#6225,#6226,#6227));
#1393=EDGE_LOOP('',(#6228,#6229,#6230,#6231));
#1394=EDGE_LOOP('',(#6232,#6233,#6234,#6235));
#1395=EDGE_LOOP('',(#6236,#6237,#6238,#6239));
#1396=EDGE_LOOP('',(#6240,#6241,#6242,#6243));
#1397=EDGE_LOOP('',(#6244,#6245,#6246,#6247));
#1398=EDGE_LOOP('',(#6248,#6249,#6250,#6251));
#1399=EDGE_LOOP('',(#6252,#6253,#6254,#6255,#6256,#6257,#6258,#6259));
#1400=EDGE_LOOP('',(#6260,#6261,#6262,#6263));
#1401=EDGE_LOOP('',(#6264,#6265,#6266,#6267));
#1402=EDGE_LOOP('',(#6268,#6269,#6270,#6271,#6272));
#1403=EDGE_LOOP('',(#6273));
#1404=EDGE_LOOP('',(#6274,#6275,#6276,#6277));
#1405=EDGE_LOOP('',(#6278,#6279,#6280,#6281));
#1406=EDGE_LOOP('',(#6282,#6283,#6284,#6285));
#1407=EDGE_LOOP('',(#6286,#6287,#6288,#6289,#6290));
#1408=EDGE_LOOP('',(#6291));
#1409=EDGE_LOOP('',(#6292,#6293,#6294,#6295,#6296));
#1410=EDGE_LOOP('',(#6297));
#1411=EDGE_LOOP('',(#6298,#6299,#6300,#6301,#6302,#6303,#6304,#6305,#6306,
#6307,#6308,#6309));
#1412=EDGE_LOOP('',(#6310,#6311,#6312,#6313));
#1413=EDGE_LOOP('',(#6314,#6315,#6316,#6317));
#1414=EDGE_LOOP('',(#6318,#6319,#6320,#6321));
#1415=EDGE_LOOP('',(#6322,#6323,#6324,#6325));
#1416=EDGE_LOOP('',(#6326,#6327,#6328,#6329));
#1417=EDGE_LOOP('',(#6330,#6331,#6332,#6333));
#1418=EDGE_LOOP('',(#6334,#6335,#6336,#6337));
#1419=EDGE_LOOP('',(#6338,#6339,#6340,#6341));
#1420=EDGE_LOOP('',(#6342,#6343,#6344,#6345));
#1421=EDGE_LOOP('',(#6346,#6347,#6348,#6349,#6350,#6351,#6352,#6353,#6354,
#6355,#6356,#6357));
#1422=EDGE_LOOP('',(#6358,#6359,#6360,#6361));
#1423=EDGE_LOOP('',(#6362,#6363,#6364,#6365,#6366,#6367,#6368,#6369,#6370));
#1424=EDGE_LOOP('',(#6371));
#1425=EDGE_LOOP('',(#6372,#6373,#6374,#6375,#6376,#6377,#6378,#6379));
#1426=EDGE_LOOP('',(#6380));
#1427=EDGE_LOOP('',(#6381,#6382,#6383,#6384));
#1428=EDGE_LOOP('',(#6385));
#1429=EDGE_LOOP('',(#6386,#6387,#6388,#6389));
#1430=EDGE_LOOP('',(#6390,#6391,#6392,#6393,#6394,#6395,#6396,#6397));
#1431=EDGE_LOOP('',(#6398,#6399,#6400,#6401));
#1432=EDGE_LOOP('',(#6402,#6403,#6404,#6405));
#1433=EDGE_LOOP('',(#6406,#6407,#6408,#6409));
#1434=EDGE_LOOP('',(#6410,#6411,#6412,#6413));
#1435=EDGE_LOOP('',(#6414,#6415,#6416,#6417));
#1436=EDGE_LOOP('',(#6418,#6419,#6420,#6421));
#1437=EDGE_LOOP('',(#6422,#6423,#6424,#6425));
#1438=EDGE_LOOP('',(#6426,#6427,#6428,#6429));
#1439=EDGE_LOOP('',(#6430,#6431,#6432,#6433,#6434,#6435,#6436,#6437));
#1440=EDGE_LOOP('',(#6438,#6439,#6440,#6441));
#1441=EDGE_LOOP('',(#6442,#6443,#6444,#6445));
#1442=EDGE_LOOP('',(#6446,#6447,#6448,#6449,#6450));
#1443=EDGE_LOOP('',(#6451));
#1444=EDGE_LOOP('',(#6452,#6453,#6454,#6455));
#1445=EDGE_LOOP('',(#6456,#6457,#6458,#6459));
#1446=EDGE_LOOP('',(#6460,#6461,#6462,#6463));
#1447=EDGE_LOOP('',(#6464,#6465,#6466,#6467,#6468));
#1448=EDGE_LOOP('',(#6469));
#1449=EDGE_LOOP('',(#6470,#6471,#6472,#6473,#6474));
#1450=EDGE_LOOP('',(#6475));
#1451=EDGE_LOOP('',(#6476,#6477,#6478,#6479,#6480,#6481,#6482,#6483,#6484,
#6485,#6486,#6487));
#1452=EDGE_LOOP('',(#6488,#6489,#6490,#6491));
#1453=EDGE_LOOP('',(#6492,#6493,#6494,#6495));
#1454=EDGE_LOOP('',(#6496,#6497,#6498,#6499));
#1455=EDGE_LOOP('',(#6500,#6501,#6502,#6503));
#1456=EDGE_LOOP('',(#6504,#6505,#6506,#6507));
#1457=EDGE_LOOP('',(#6508,#6509,#6510,#6511));
#1458=EDGE_LOOP('',(#6512,#6513,#6514,#6515));
#1459=EDGE_LOOP('',(#6516,#6517,#6518,#6519));
#1460=EDGE_LOOP('',(#6520,#6521,#6522,#6523));
#1461=EDGE_LOOP('',(#6524,#6525,#6526,#6527,#6528,#6529,#6530,#6531,#6532,
#6533,#6534,#6535));
#1462=EDGE_LOOP('',(#6536,#6537,#6538,#6539));
#1463=EDGE_LOOP('',(#6540,#6541,#6542,#6543,#6544,#6545,#6546,#6547,#6548));
#1464=EDGE_LOOP('',(#6549));
#1465=EDGE_LOOP('',(#6550,#6551,#6552,#6553,#6554,#6555,#6556,#6557));
#1466=EDGE_LOOP('',(#6558));
#1467=EDGE_LOOP('',(#6559,#6560,#6561,#6562));
#1468=EDGE_LOOP('',(#6563));
#1469=EDGE_LOOP('',(#6564,#6565,#6566,#6567));
#1470=LINE('',#10153,#2097);
#1471=LINE('',#10159,#2098);
#1472=LINE('',#10164,#2099);
#1473=LINE('',#10166,#2100);
#1474=LINE('',#10168,#2101);
#1475=LINE('',#10169,#2102);
#1476=LINE('',#10172,#2103);
#1477=LINE('',#10174,#2104);
#1478=LINE('',#10176,#2105);
#1479=LINE('',#10177,#2106);
#1480=LINE('',#10180,#2107);
#1481=LINE('',#10182,#2108);
#1482=LINE('',#10183,#2109);
#1483=LINE('',#10186,#2110);
#1484=LINE('',#10188,#2111);
#1485=LINE('',#10189,#2112);
#1486=LINE('',#10192,#2113);
#1487=LINE('',#10194,#2114);
#1488=LINE('',#10195,#2115);
#1489=LINE('',#10198,#2116);
#1490=LINE('',#10200,#2117);
#1491=LINE('',#10201,#2118);
#1492=LINE('',#10204,#2119);
#1493=LINE('',#10206,#2120);
#1494=LINE('',#10207,#2121);
#1495=LINE('',#10210,#2122);
#1496=LINE('',#10212,#2123);
#1497=LINE('',#10213,#2124);
#1498=LINE('',#10215,#2125);
#1499=LINE('',#10216,#2126);
#1500=LINE('',#10221,#2127);
#1501=LINE('',#10223,#2128);
#1502=LINE('',#10224,#2129);
#1503=LINE('',#10227,#2130);
#1504=LINE('',#10228,#2131);
#1505=LINE('',#10231,#2132);
#1506=LINE('',#10232,#2133);
#1507=LINE('',#10234,#2134);
#1508=LINE('',#10243,#2135);
#1509=LINE('',#10249,#2136);
#1510=LINE('',#10254,#2137);
#1511=LINE('',#10256,#2138);
#1512=LINE('',#10258,#2139);
#1513=LINE('',#10259,#2140);
#1514=LINE('',#10262,#2141);
#1515=LINE('',#10264,#2142);
#1516=LINE('',#10265,#2143);
#1517=LINE('',#10268,#2144);
#1518=LINE('',#10270,#2145);
#1519=LINE('',#10271,#2146);
#1520=LINE('',#10274,#2147);
#1521=LINE('',#10276,#2148);
#1522=LINE('',#10278,#2149);
#1523=LINE('',#10279,#2150);
#1524=LINE('',#10282,#2151);
#1525=LINE('',#10284,#2152);
#1526=LINE('',#10286,#2153);
#1527=LINE('',#10287,#2154);
#1528=LINE('',#10290,#2155);
#1529=LINE('',#10292,#2156);
#1530=LINE('',#10293,#2157);
#1531=LINE('',#10295,#2158);
#1532=LINE('',#10296,#2159);
#1533=LINE('',#10299,#2160);
#1534=LINE('',#10301,#2161);
#1535=LINE('',#10303,#2162);
#1536=LINE('',#10304,#2163);
#1537=LINE('',#10307,#2164);
#1538=LINE('',#10309,#2165);
#1539=LINE('',#10311,#2166);
#1540=LINE('',#10312,#2167);
#1541=LINE('',#10316,#2168);
#1542=LINE('',#10317,#2169);
#1543=LINE('',#10319,#2170);
#1544=LINE('',#10321,#2171);
#1545=LINE('',#10324,#2172);
#1546=LINE('',#10325,#2173);
#1547=LINE('',#10327,#2174);
#1548=LINE('',#10329,#2175);
#1549=LINE('',#10350,#2176);
#1550=LINE('',#10355,#2177);
#1551=LINE('',#10370,#2178);
#1552=LINE('',#10380,#2179);
#1553=LINE('',#10385,#2180);
#1554=LINE('',#10387,#2181);
#1555=LINE('',#10389,#2182);
#1556=LINE('',#10390,#2183);
#1557=LINE('',#10393,#2184);
#1558=LINE('',#10395,#2185);
#1559=LINE('',#10397,#2186);
#1560=LINE('',#10398,#2187);
#1561=LINE('',#10402,#2188);
#1562=LINE('',#10404,#2189);
#1563=LINE('',#10406,#2190);
#1564=LINE('',#10407,#2191);
#1565=LINE('',#10410,#2192);
#1566=LINE('',#10412,#2193);
#1567=LINE('',#10414,#2194);
#1568=LINE('',#10415,#2195);
#1569=LINE('',#10417,#2196);
#1570=LINE('',#10418,#2197);
#1571=LINE('',#10420,#2198);
#1572=LINE('',#10422,#2199);
#1573=LINE('',#10425,#2200);
#1574=LINE('',#10426,#2201);
#1575=LINE('',#10428,#2202);
#1576=LINE('',#10430,#2203);
#1577=LINE('',#10441,#2204);
#1578=LINE('',#10447,#2205);
#1579=LINE('',#10476,#2206);
#1580=LINE('',#10477,#2207);
#1581=LINE('',#10480,#2208);
#1582=LINE('',#10481,#2209);
#1583=LINE('',#10484,#2210);
#1584=LINE('',#10485,#2211);
#1585=LINE('',#10488,#2212);
#1586=LINE('',#10489,#2213);
#1587=LINE('',#10493,#2214);
#1588=LINE('',#10495,#2215);
#1589=LINE('',#10497,#2216);
#1590=LINE('',#10498,#2217);
#1591=LINE('',#10500,#2218);
#1592=LINE('',#10501,#2219);
#1593=LINE('',#10505,#2220);
#1594=LINE('',#10506,#2221);
#1595=LINE('',#10523,#2222);
#1596=LINE('',#10529,#2223);
#1597=LINE('',#10535,#2224);
#1598=LINE('',#10541,#2225);
#1599=LINE('',#10547,#2226);
#1600=LINE('',#10553,#2227);
#1601=LINE('',#10558,#2228);
#1602=LINE('',#10560,#2229);
#1603=LINE('',#10562,#2230);
#1604=LINE('',#10563,#2231);
#1605=LINE('',#10566,#2232);
#1606=LINE('',#10568,#2233);
#1607=LINE('',#10569,#2234);
#1608=LINE('',#10572,#2235);
#1609=LINE('',#10574,#2236);
#1610=LINE('',#10575,#2237);
#1611=LINE('',#10577,#2238);
#1612=LINE('',#10578,#2239);
#1613=LINE('',#10582,#2240);
#1614=LINE('',#10584,#2241);
#1615=LINE('',#10586,#2242);
#1616=LINE('',#10587,#2243);
#1617=LINE('',#10590,#2244);
#1618=LINE('',#10592,#2245);
#1619=LINE('',#10593,#2246);
#1620=LINE('',#10596,#2247);
#1621=LINE('',#10598,#2248);
#1622=LINE('',#10599,#2249);
#1623=LINE('',#10601,#2250);
#1624=LINE('',#10602,#2251);
#1625=LINE('',#10606,#2252);
#1626=LINE('',#10608,#2253);
#1627=LINE('',#10610,#2254);
#1628=LINE('',#10611,#2255);
#1629=LINE('',#10614,#2256);
#1630=LINE('',#10616,#2257);
#1631=LINE('',#10617,#2258);
#1632=LINE('',#10620,#2259);
#1633=LINE('',#10622,#2260);
#1634=LINE('',#10623,#2261);
#1635=LINE('',#10625,#2262);
#1636=LINE('',#10626,#2263);
#1637=LINE('',#10631,#2264);
#1638=LINE('',#10637,#2265);
#1639=LINE('',#10643,#2266);
#1640=LINE('',#10649,#2267);
#1641=LINE('',#10656,#2268);
#1642=LINE('',#10658,#2269);
#1643=LINE('',#10660,#2270);
#1644=LINE('',#10661,#2271);
#1645=LINE('',#10665,#2272);
#1646=LINE('',#10667,#2273);
#1647=LINE('',#10669,#2274);
#1648=LINE('',#10670,#2275);
#1649=LINE('',#10676,#2276);
#1650=LINE('',#10679,#2277);
#1651=LINE('',#10681,#2278);
#1652=LINE('',#10682,#2279);
#1653=LINE('',#10686,#2280);
#1654=LINE('',#10688,#2281);
#1655=LINE('',#10690,#2282);
#1656=LINE('',#10691,#2283);
#1657=LINE('',#10701,#2284);
#1658=LINE('',#10703,#2285);
#1659=LINE('',#10705,#2286);
#1660=LINE('',#10706,#2287);
#1661=LINE('',#10710,#2288);
#1662=LINE('',#10712,#2289);
#1663=LINE('',#10714,#2290);
#1664=LINE('',#10715,#2291);
#1665=LINE('',#10721,#2292);
#1666=LINE('',#10724,#2293);
#1667=LINE('',#10726,#2294);
#1668=LINE('',#10727,#2295);
#1669=LINE('',#10731,#2296);
#1670=LINE('',#10733,#2297);
#1671=LINE('',#10735,#2298);
#1672=LINE('',#10736,#2299);
#1673=LINE('',#10748,#2300);
#1674=LINE('',#10751,#2301);
#1675=LINE('',#10754,#2302);
#1676=LINE('',#10756,#2303);
#1677=LINE('',#10757,#2304);
#1678=LINE('',#10761,#2305);
#1679=LINE('',#10763,#2306);
#1680=LINE('',#10765,#2307);
#1681=LINE('',#10766,#2308);
#1682=LINE('',#10772,#2309);
#1683=LINE('',#10775,#2310);
#1684=LINE('',#10777,#2311);
#1685=LINE('',#10778,#2312);
#1686=LINE('',#10781,#2313);
#1687=LINE('',#10783,#2314);
#1688=LINE('',#10784,#2315);
#1689=LINE('',#10792,#2316);
#1690=LINE('',#10798,#2317);
#1691=LINE('',#10803,#2318);
#1692=LINE('',#10805,#2319);
#1693=LINE('',#10807,#2320);
#1694=LINE('',#10808,#2321);
#1695=LINE('',#10811,#2322);
#1696=LINE('',#10813,#2323);
#1697=LINE('',#10814,#2324);
#1698=LINE('',#10817,#2325);
#1699=LINE('',#10819,#2326);
#1700=LINE('',#10820,#2327);
#1701=LINE('',#10823,#2328);
#1702=LINE('',#10825,#2329);
#1703=LINE('',#10826,#2330);
#1704=LINE('',#10829,#2331);
#1705=LINE('',#10831,#2332);
#1706=LINE('',#10832,#2333);
#1707=LINE('',#10834,#2334);
#1708=LINE('',#10835,#2335);
#1709=LINE('',#10840,#2336);
#1710=LINE('',#10842,#2337);
#1711=LINE('',#10844,#2338);
#1712=LINE('',#10845,#2339);
#1713=LINE('',#10848,#2340);
#1714=LINE('',#10850,#2341);
#1715=LINE('',#10851,#2342);
#1716=LINE('',#10854,#2343);
#1717=LINE('',#10856,#2344);
#1718=LINE('',#10857,#2345);
#1719=LINE('',#10860,#2346);
#1720=LINE('',#10862,#2347);
#1721=LINE('',#10863,#2348);
#1722=LINE('',#10866,#2349);
#1723=LINE('',#10868,#2350);
#1724=LINE('',#10869,#2351);
#1725=LINE('',#10871,#2352);
#1726=LINE('',#10872,#2353);
#1727=LINE('',#10915,#2354);
#1728=LINE('',#10957,#2355);
#1729=LINE('',#10966,#2356);
#1730=LINE('',#10975,#2357);
#1731=LINE('',#10984,#2358);
#1732=LINE('',#10989,#2359);
#1733=LINE('',#10994,#2360);
#1734=LINE('',#11021,#2361);
#1735=LINE('',#11022,#2362);
#1736=LINE('',#11026,#2363);
#1737=LINE('',#11030,#2364);
#1738=LINE('',#11034,#2365);
#1739=LINE('',#11038,#2366);
#1740=LINE('',#11043,#2367);
#1741=LINE('',#11053,#2368);
#1742=LINE('',#11060,#2369);
#1743=LINE('',#11067,#2370);
#1744=LINE('',#11074,#2371);
#1745=LINE('',#11081,#2372);
#1746=LINE('',#11088,#2373);
#1747=LINE('',#11095,#2374);
#1748=LINE('',#11102,#2375);
#1749=LINE('',#11109,#2376);
#1750=LINE('',#11115,#2377);
#1751=LINE('',#11120,#2378);
#1752=LINE('',#11122,#2379);
#1753=LINE('',#11124,#2380);
#1754=LINE('',#11125,#2381);
#1755=LINE('',#11128,#2382);
#1756=LINE('',#11130,#2383);
#1757=LINE('',#11131,#2384);
#1758=LINE('',#11134,#2385);
#1759=LINE('',#11135,#2386);
#1760=LINE('',#11138,#2387);
#1761=LINE('',#11140,#2388);
#1762=LINE('',#11142,#2389);
#1763=LINE('',#11143,#2390);
#1764=LINE('',#11146,#2391);
#1765=LINE('',#11148,#2392);
#1766=LINE('',#11149,#2393);
#1767=LINE('',#11152,#2394);
#1768=LINE('',#11154,#2395);
#1769=LINE('',#11155,#2396);
#1770=LINE('',#11158,#2397);
#1771=LINE('',#11160,#2398);
#1772=LINE('',#11161,#2399);
#1773=LINE('',#11164,#2400);
#1774=LINE('',#11166,#2401);
#1775=LINE('',#11167,#2402);
#1776=LINE('',#11169,#2403);
#1777=LINE('',#11170,#2404);
#1778=LINE('',#11178,#2405);
#1779=LINE('',#11184,#2406);
#1780=LINE('',#11189,#2407);
#1781=LINE('',#11191,#2408);
#1782=LINE('',#11194,#2409);
#1783=LINE('',#11199,#2410);
#1784=LINE('',#11205,#2411);
#1785=LINE('',#11206,#2412);
#1786=LINE('',#11210,#2413);
#1787=LINE('',#11212,#2414);
#1788=LINE('',#11215,#2415);
#1789=LINE('',#11220,#2416);
#1790=LINE('',#11226,#2417);
#1791=LINE('',#11227,#2418);
#1792=LINE('',#11231,#2419);
#1793=LINE('',#11233,#2420);
#1794=LINE('',#11237,#2421);
#1795=LINE('',#11238,#2422);
#1796=LINE('',#11241,#2423);
#1797=LINE('',#11243,#2424);
#1798=LINE('',#11245,#2425);
#1799=LINE('',#11247,#2426);
#1800=LINE('',#11249,#2427);
#1801=LINE('',#11250,#2428);
#1802=LINE('',#11254,#2429);
#1803=LINE('',#11255,#2430);
#1804=LINE('',#11257,#2431);
#1805=LINE('',#11259,#2432);
#1806=LINE('',#11261,#2433);
#1807=LINE('',#11262,#2434);
#1808=LINE('',#11265,#2435);
#1809=LINE('',#11266,#2436);
#1810=LINE('',#11269,#2437);
#1811=LINE('',#11271,#2438);
#1812=LINE('',#11272,#2439);
#1813=LINE('',#11276,#2440);
#1814=LINE('',#11282,#2441);
#1815=LINE('',#11286,#2442);
#1816=LINE('',#11287,#2443);
#1817=LINE('',#11289,#2444);
#1818=LINE('',#11301,#2445);
#1819=LINE('',#11303,#2446);
#1820=LINE('',#11307,#2447);
#1821=LINE('',#11308,#2448);
#1822=LINE('',#11316,#2449);
#1823=LINE('',#11320,#2450);
#1824=LINE('',#11323,#2451);
#1825=LINE('',#11325,#2452);
#1826=LINE('',#11326,#2453);
#1827=LINE('',#11329,#2454);
#1828=LINE('',#11330,#2455);
#1829=LINE('',#11334,#2456);
#1830=LINE('',#11337,#2457);
#1831=LINE('',#11338,#2458);
#1832=LINE('',#11341,#2459);
#1833=LINE('',#11342,#2460);
#1834=LINE('',#11352,#2461);
#1835=LINE('',#11358,#2462);
#1836=LINE('',#11364,#2463);
#1837=LINE('',#11369,#2464);
#1838=LINE('',#11371,#2465);
#1839=LINE('',#11373,#2466);
#1840=LINE('',#11374,#2467);
#1841=LINE('',#11379,#2468);
#1842=LINE('',#11383,#2469);
#1843=LINE('',#11385,#2470);
#1844=LINE('',#11386,#2471);
#1845=LINE('',#11395,#2472);
#1846=LINE('',#11401,#2473);
#1847=LINE('',#11403,#2474);
#1848=LINE('',#11405,#2475);
#1849=LINE('',#11406,#2476);
#1850=LINE('',#11410,#2477);
#1851=LINE('',#11412,#2478);
#1852=LINE('',#11414,#2479);
#1853=LINE('',#11415,#2480);
#1854=LINE('',#11426,#2481);
#1855=LINE('',#11433,#2482);
#1856=LINE('',#11439,#2483);
#1857=LINE('',#11445,#2484);
#1858=LINE('',#11450,#2485);
#1859=LINE('',#11452,#2486);
#1860=LINE('',#11454,#2487);
#1861=LINE('',#11455,#2488);
#1862=LINE('',#11461,#2489);
#1863=LINE('',#11464,#2490);
#1864=LINE('',#11466,#2491);
#1865=LINE('',#11467,#2492);
#1866=LINE('',#11476,#2493);
#1867=LINE('',#11482,#2494);
#1868=LINE('',#11484,#2495);
#1869=LINE('',#11486,#2496);
#1870=LINE('',#11487,#2497);
#1871=LINE('',#11491,#2498);
#1872=LINE('',#11493,#2499);
#1873=LINE('',#11495,#2500);
#1874=LINE('',#11496,#2501);
#1875=LINE('',#11507,#2502);
#1876=LINE('',#11522,#2503);
#1877=LINE('',#11526,#2504);
#1878=LINE('',#11532,#2505);
#1879=LINE('',#11534,#2506);
#1880=LINE('',#11536,#2507);
#1881=LINE('',#11537,#2508);
#1882=LINE('',#11543,#2509);
#1883=LINE('',#11546,#2510);
#1884=LINE('',#11548,#2511);
#1885=LINE('',#11549,#2512);
#1886=LINE('',#11556,#2513);
#1887=LINE('',#11558,#2514);
#1888=LINE('',#11560,#2515);
#1889=LINE('',#11561,#2516);
#1890=LINE('',#11565,#2517);
#1891=LINE('',#11567,#2518);
#1892=LINE('',#11569,#2519);
#1893=LINE('',#11570,#2520);
#1894=LINE('',#11575,#2521);
#1895=LINE('',#11577,#2522);
#1896=LINE('',#11580,#2523);
#1897=LINE('',#11581,#2524);
#1898=LINE('',#11584,#2525);
#1899=LINE('',#11586,#2526);
#1900=LINE('',#11587,#2527);
#1901=LINE('',#11589,#2528);
#1902=LINE('',#11592,#2529);
#1903=LINE('',#11593,#2530);
#1904=LINE('',#11596,#2531);
#1905=LINE('',#11597,#2532);
#1906=LINE('',#11602,#2533);
#1907=LINE('',#11606,#2534);
#1908=LINE('',#11614,#2535);
#1909=LINE('',#11617,#2536);
#1910=LINE('',#11621,#2537);
#1911=LINE('',#11622,#2538);
#1912=LINE('',#11624,#2539);
#1913=LINE('',#11626,#2540);
#1914=LINE('',#11627,#2541);
#1915=LINE('',#11628,#2542);
#1916=LINE('',#11632,#2543);
#1917=LINE('',#11635,#2544);
#1918=LINE('',#11639,#2545);
#1919=LINE('',#11642,#2546);
#1920=LINE('',#11645,#2547);
#1921=LINE('',#11648,#2548);
#1922=LINE('',#11653,#2549);
#1923=LINE('',#11657,#2550);
#1924=LINE('',#11671,#2551);
#1925=LINE('',#11675,#2552);
#1926=LINE('',#11689,#2553);
#1927=LINE('',#11690,#2554);
#1928=LINE('',#11691,#2555);
#1929=LINE('',#11694,#2556);
#1930=LINE('',#11695,#2557);
#1931=LINE('',#11696,#2558);
#1932=LINE('',#11700,#2559);
#1933=LINE('',#11701,#2560);
#1934=LINE('',#11702,#2561);
#1935=LINE('',#11703,#2562);
#1936=LINE('',#11706,#2563);
#1937=LINE('',#11707,#2564);
#1938=LINE('',#11710,#2565);
#1939=LINE('',#11711,#2566);
#1940=LINE('',#11712,#2567);
#1941=LINE('',#11715,#2568);
#1942=LINE('',#11716,#2569);
#1943=LINE('',#11717,#2570);
#1944=LINE('',#11723,#2571);
#1945=LINE('',#11729,#2572);
#1946=LINE('',#11737,#2573);
#1947=LINE('',#11739,#2574);
#1948=LINE('',#11741,#2575);
#1949=LINE('',#11742,#2576);
#1950=LINE('',#11746,#2577);
#1951=LINE('',#11748,#2578);
#1952=LINE('',#11750,#2579);
#1953=LINE('',#11751,#2580);
#1954=LINE('',#11753,#2581);
#1955=LINE('',#11754,#2582);
#1956=LINE('',#11757,#2583);
#1957=LINE('',#11759,#2584);
#1958=LINE('',#11761,#2585);
#1959=LINE('',#11762,#2586);
#1960=LINE('',#11767,#2587);
#1961=LINE('',#11768,#2588);
#1962=LINE('',#11771,#2589);
#1963=LINE('',#11772,#2590);
#1964=LINE('',#11775,#2591);
#1965=LINE('',#11776,#2592);
#1966=LINE('',#11779,#2593);
#1967=LINE('',#11784,#2594);
#1968=LINE('',#11790,#2595);
#1969=LINE('',#11796,#2596);
#1970=LINE('',#11800,#2597);
#1971=LINE('',#11803,#2598);
#1972=LINE('',#11806,#2599);
#1973=LINE('',#11809,#2600);
#1974=LINE('',#11812,#2601);
#1975=LINE('',#11830,#2602);
#1976=LINE('',#11832,#2603);
#1977=LINE('',#11834,#2604);
#1978=LINE('',#11836,#2605);
#1979=LINE('',#11838,#2606);
#1980=LINE('',#11840,#2607);
#1981=LINE('',#11846,#2608);
#1982=LINE('',#11850,#2609);
#1983=LINE('',#11854,#2610);
#1984=LINE('',#11878,#2611);
#1985=LINE('',#11882,#2612);
#1986=LINE('',#11885,#2613);
#1987=LINE('',#11891,#2614);
#1988=LINE('',#11893,#2615);
#1989=LINE('',#11895,#2616);
#1990=LINE('',#11897,#2617);
#1991=LINE('',#11899,#2618);
#1992=LINE('',#11901,#2619);
#1993=LINE('',#11903,#2620);
#1994=LINE('',#11904,#2621);
#1995=LINE('',#11909,#2622);
#1996=LINE('',#11913,#2623);
#1997=LINE('',#11917,#2624);
#1998=LINE('',#11921,#2625);
#1999=LINE('',#11925,#2626);
#2000=LINE('',#11929,#2627);
#2001=LINE('',#11933,#2628);
#2002=LINE('',#11936,#2629);
#2003=LINE('',#11941,#2630);
#2004=LINE('',#11943,#2631);
#2005=LINE('',#11945,#2632);
#2006=LINE('',#11946,#2633);
#2007=LINE('',#11949,#2634);
#2008=LINE('',#11951,#2635);
#2009=LINE('',#11952,#2636);
#2010=LINE('',#11955,#2637);
#2011=LINE('',#11957,#2638);
#2012=LINE('',#11959,#2639);
#2013=LINE('',#11960,#2640);
#2014=LINE('',#11965,#2641);
#2015=LINE('',#11966,#2642);
#2016=LINE('',#11969,#2643);
#2017=LINE('',#11970,#2644);
#2018=LINE('',#11975,#2645);
#2019=LINE('',#11979,#2646);
#2020=LINE('',#11981,#2647);
#2021=LINE('',#11982,#2648);
#2022=LINE('',#11990,#2649);
#2023=LINE('',#11996,#2650);
#2024=LINE('',#11998,#2651);
#2025=LINE('',#12000,#2652);
#2026=LINE('',#12002,#2653);
#2027=LINE('',#12004,#2654);
#2028=LINE('',#12006,#2655);
#2029=LINE('',#12008,#2656);
#2030=LINE('',#12011,#2657);
#2031=LINE('',#12017,#2658);
#2032=LINE('',#12021,#2659);
#2033=LINE('',#12025,#2660);
#2034=LINE('',#12029,#2661);
#2035=LINE('',#12059,#2662);
#2036=LINE('',#12063,#2663);
#2037=LINE('',#12065,#2664);
#2038=LINE('',#12069,#2665);
#2039=LINE('',#12070,#2666);
#2040=LINE('',#12090,#2667);
#2041=LINE('',#12095,#2668);
#2042=LINE('',#12100,#2669);
#2043=LINE('',#12102,#2670);
#2044=LINE('',#12104,#2671);
#2045=LINE('',#12106,#2672);
#2046=LINE('',#12108,#2673);
#2047=LINE('',#12110,#2674);
#2048=LINE('',#12112,#2675);
#2049=LINE('',#12113,#2676);
#2050=LINE('',#12118,#2677);
#2051=LINE('',#12122,#2678);
#2052=LINE('',#12126,#2679);
#2053=LINE('',#12130,#2680);
#2054=LINE('',#12134,#2681);
#2055=LINE('',#12138,#2682);
#2056=LINE('',#12142,#2683);
#2057=LINE('',#12145,#2684);
#2058=LINE('',#12150,#2685);
#2059=LINE('',#12152,#2686);
#2060=LINE('',#12154,#2687);
#2061=LINE('',#12155,#2688);
#2062=LINE('',#12158,#2689);
#2063=LINE('',#12160,#2690);
#2064=LINE('',#12161,#2691);
#2065=LINE('',#12164,#2692);
#2066=LINE('',#12166,#2693);
#2067=LINE('',#12168,#2694);
#2068=LINE('',#12169,#2695);
#2069=LINE('',#12174,#2696);
#2070=LINE('',#12175,#2697);
#2071=LINE('',#12178,#2698);
#2072=LINE('',#12179,#2699);
#2073=LINE('',#12184,#2700);
#2074=LINE('',#12188,#2701);
#2075=LINE('',#12190,#2702);
#2076=LINE('',#12191,#2703);
#2077=LINE('',#12199,#2704);
#2078=LINE('',#12205,#2705);
#2079=LINE('',#12207,#2706);
#2080=LINE('',#12209,#2707);
#2081=LINE('',#12211,#2708);
#2082=LINE('',#12213,#2709);
#2083=LINE('',#12215,#2710);
#2084=LINE('',#12217,#2711);
#2085=LINE('',#12220,#2712);
#2086=LINE('',#12226,#2713);
#2087=LINE('',#12230,#2714);
#2088=LINE('',#12234,#2715);
#2089=LINE('',#12238,#2716);
#2090=LINE('',#12268,#2717);
#2091=LINE('',#12272,#2718);
#2092=LINE('',#12274,#2719);
#2093=LINE('',#12278,#2720);
#2094=LINE('',#12279,#2721);
#2095=LINE('',#12299,#2722);
#2096=LINE('',#12304,#2723);
#2097=VECTOR('',#8015,3.5);
#2098=VECTOR('',#8022,4.5);
#2099=VECTOR('',#8027,1000.);
#2100=VECTOR('',#8028,1000.);
#2101=VECTOR('',#8029,1000.);
#2102=VECTOR('',#8030,1000.);
#2103=VECTOR('',#8031,1000.);
#2104=VECTOR('',#8032,1000.);
#2105=VECTOR('',#8033,1000.);
#2106=VECTOR('',#8034,1000.);
#2107=VECTOR('',#8037,1000.);
#2108=VECTOR('',#8038,1000.);
#2109=VECTOR('',#8039,1000.);
#2110=VECTOR('',#8042,1000.);
#2111=VECTOR('',#8043,1000.);
#2112=VECTOR('',#8044,1000.);
#2113=VECTOR('',#8047,1000.);
#2114=VECTOR('',#8048,1000.);
#2115=VECTOR('',#8049,1000.);
#2116=VECTOR('',#8052,1000.);
#2117=VECTOR('',#8053,1000.);
#2118=VECTOR('',#8054,1000.);
#2119=VECTOR('',#8057,1000.);
#2120=VECTOR('',#8058,1000.);
#2121=VECTOR('',#8059,1000.);
#2122=VECTOR('',#8062,1000.);
#2123=VECTOR('',#8063,1000.);
#2124=VECTOR('',#8064,1000.);
#2125=VECTOR('',#8067,1000.);
#2126=VECTOR('',#8068,1000.);
#2127=VECTOR('',#8075,1000.);
#2128=VECTOR('',#8076,1000.);
#2129=VECTOR('',#8077,1000.);
#2130=VECTOR('',#8080,1000.);
#2131=VECTOR('',#8081,1000.);
#2132=VECTOR('',#8084,1000.);
#2133=VECTOR('',#8085,1000.);
#2134=VECTOR('',#8088,1000.);
#2135=VECTOR('',#8101,1.5);
#2136=VECTOR('',#8108,1.5);
#2137=VECTOR('',#8113,1000.);
#2138=VECTOR('',#8114,1000.);
#2139=VECTOR('',#8115,1000.);
#2140=VECTOR('',#8116,1000.);
#2141=VECTOR('',#8119,1000.);
#2142=VECTOR('',#8120,1000.);
#2143=VECTOR('',#8121,1000.);
#2144=VECTOR('',#8124,1000.);
#2145=VECTOR('',#8125,1000.);
#2146=VECTOR('',#8126,1000.);
#2147=VECTOR('',#8127,1000.);
#2148=VECTOR('',#8128,1000.);
#2149=VECTOR('',#8129,1000.);
#2150=VECTOR('',#8130,1000.);
#2151=VECTOR('',#8131,1000.);
#2152=VECTOR('',#8132,1000.);
#2153=VECTOR('',#8133,1000.);
#2154=VECTOR('',#8134,1000.);
#2155=VECTOR('',#8137,1000.);
#2156=VECTOR('',#8138,1000.);
#2157=VECTOR('',#8139,1000.);
#2158=VECTOR('',#8142,1000.);
#2159=VECTOR('',#8143,1000.);
#2160=VECTOR('',#8144,1000.);
#2161=VECTOR('',#8145,1000.);
#2162=VECTOR('',#8146,1000.);
#2163=VECTOR('',#8147,1000.);
#2164=VECTOR('',#8148,1000.);
#2165=VECTOR('',#8149,1000.);
#2166=VECTOR('',#8150,1000.);
#2167=VECTOR('',#8151,1000.);
#2168=VECTOR('',#8158,1000.);
#2169=VECTOR('',#8159,1000.);
#2170=VECTOR('',#8162,1000.);
#2171=VECTOR('',#8165,1000.);
#2172=VECTOR('',#8170,1000.);
#2173=VECTOR('',#8171,1000.);
#2174=VECTOR('',#8174,1000.);
#2175=VECTOR('',#8177,1000.);
#2176=VECTOR('',#8204,2.75);
#2177=VECTOR('',#8211,3.5);
#2178=VECTOR('',#8232,1.05);
#2179=VECTOR('',#8247,0.75);
#2180=VECTOR('',#8252,1000.);
#2181=VECTOR('',#8253,1000.);
#2182=VECTOR('',#8254,1000.);
#2183=VECTOR('',#8255,1000.);
#2184=VECTOR('',#8256,1000.);
#2185=VECTOR('',#8257,1000.);
#2186=VECTOR('',#8258,1000.);
#2187=VECTOR('',#8259,1000.);
#2188=VECTOR('',#8262,1000.);
#2189=VECTOR('',#8263,1000.);
#2190=VECTOR('',#8264,1000.);
#2191=VECTOR('',#8265,1000.);
#2192=VECTOR('',#8266,1000.);
#2193=VECTOR('',#8267,1000.);
#2194=VECTOR('',#8268,1000.);
#2195=VECTOR('',#8269,1000.);
#2196=VECTOR('',#8272,1000.);
#2197=VECTOR('',#8273,1000.);
#2198=VECTOR('',#8276,1000.);
#2199=VECTOR('',#8279,1000.);
#2200=VECTOR('',#8284,1000.);
#2201=VECTOR('',#8285,1000.);
#2202=VECTOR('',#8288,1000.);
#2203=VECTOR('',#8291,1000.);
#2204=VECTOR('',#8306,1.4732);
#2205=VECTOR('',#8313,0.762);
#2206=VECTOR('',#8344,1000.);
#2207=VECTOR('',#8345,1000.);
#2208=VECTOR('',#8348,1000.);
#2209=VECTOR('',#8349,1000.);
#2210=VECTOR('',#8352,1000.);
#2211=VECTOR('',#8353,1000.);
#2212=VECTOR('',#8356,1000.);
#2213=VECTOR('',#8357,1000.);
#2214=VECTOR('',#8364,1000.);
#2215=VECTOR('',#8367,1000.);
#2216=VECTOR('',#8370,1000.);
#2217=VECTOR('',#8371,1000.);
#2218=VECTOR('',#8374,1000.);
#2219=VECTOR('',#8375,1000.);
#2220=VECTOR('',#8382,1000.);
#2221=VECTOR('',#8383,1000.);
#2222=VECTOR('',#8412,2.05);
#2223=VECTOR('',#8419,2.05);
#2224=VECTOR('',#8426,2.05);
#2225=VECTOR('',#8433,2.05);
#2226=VECTOR('',#8440,2.05);
#2227=VECTOR('',#8447,2.05);
#2228=VECTOR('',#8452,10.);
#2229=VECTOR('',#8453,10.);
#2230=VECTOR('',#8454,10.);
#2231=VECTOR('',#8455,10.);
#2232=VECTOR('',#8458,10.);
#2233=VECTOR('',#8459,10.);
#2234=VECTOR('',#8460,10.);
#2235=VECTOR('',#8463,10.);
#2236=VECTOR('',#8464,10.);
#2237=VECTOR('',#8465,10.);
#2238=VECTOR('',#8468,10.);
#2239=VECTOR('',#8469,10.);
#2240=VECTOR('',#8472,10.);
#2241=VECTOR('',#8473,10.);
#2242=VECTOR('',#8474,10.);
#2243=VECTOR('',#8475,10.);
#2244=VECTOR('',#8478,10.);
#2245=VECTOR('',#8479,10.);
#2246=VECTOR('',#8480,10.);
#2247=VECTOR('',#8483,10.);
#2248=VECTOR('',#8484,10.);
#2249=VECTOR('',#8485,10.);
#2250=VECTOR('',#8488,10.);
#2251=VECTOR('',#8489,10.);
#2252=VECTOR('',#8492,10.);
#2253=VECTOR('',#8493,10.);
#2254=VECTOR('',#8494,10.);
#2255=VECTOR('',#8495,10.);
#2256=VECTOR('',#8498,10.);
#2257=VECTOR('',#8499,10.);
#2258=VECTOR('',#8500,10.);
#2259=VECTOR('',#8503,10.);
#2260=VECTOR('',#8504,10.);
#2261=VECTOR('',#8505,10.);
#2262=VECTOR('',#8508,10.);
#2263=VECTOR('',#8509,10.);
#2264=VECTOR('',#8514,2.05);
#2265=VECTOR('',#8521,2.05);
#2266=VECTOR('',#8528,2.05);
#2267=VECTOR('',#8535,100.);
#2268=VECTOR('',#8544,10.);
#2269=VECTOR('',#8545,10.);
#2270=VECTOR('',#8546,10.);
#2271=VECTOR('',#8547,10.);
#2272=VECTOR('',#8550,10.);
#2273=VECTOR('',#8551,10.);
#2274=VECTOR('',#8552,10.);
#2275=VECTOR('',#8553,10.);
#2276=VECTOR('',#8560,10.);
#2277=VECTOR('',#8563,10.);
#2278=VECTOR('',#8564,10.);
#2279=VECTOR('',#8565,10.);
#2280=VECTOR('',#8568,10.);
#2281=VECTOR('',#8569,10.);
#2282=VECTOR('',#8570,10.);
#2283=VECTOR('',#8571,10.);
#2284=VECTOR('',#8586,10.);
#2285=VECTOR('',#8587,10.);
#2286=VECTOR('',#8588,10.);
#2287=VECTOR('',#8589,10.);
#2288=VECTOR('',#8592,10.);
#2289=VECTOR('',#8593,10.);
#2290=VECTOR('',#8594,10.);
#2291=VECTOR('',#8595,10.);
#2292=VECTOR('',#8602,10.);
#2293=VECTOR('',#8605,10.);
#2294=VECTOR('',#8606,10.);
#2295=VECTOR('',#8607,10.);
#2296=VECTOR('',#8610,10.);
#2297=VECTOR('',#8611,10.);
#2298=VECTOR('',#8612,10.);
#2299=VECTOR('',#8613,10.);
#2300=VECTOR('',#8630,10.);
#2301=VECTOR('',#8633,10.);
#2302=VECTOR('',#8636,10.);
#2303=VECTOR('',#8637,10.);
#2304=VECTOR('',#8638,10.);
#2305=VECTOR('',#8641,10.);
#2306=VECTOR('',#8642,10.);
#2307=VECTOR('',#8643,10.);
#2308=VECTOR('',#8644,10.);
#2309=VECTOR('',#8651,10.);
#2310=VECTOR('',#8654,10.);
#2311=VECTOR('',#8655,10.);
#2312=VECTOR('',#8656,10.);
#2313=VECTOR('',#8659,10.);
#2314=VECTOR('',#8660,10.);
#2315=VECTOR('',#8661,10.);
#2316=VECTOR('',#8672,1.5);
#2317=VECTOR('',#8679,1.5);
#2318=VECTOR('',#8684,10.);
#2319=VECTOR('',#8685,10.);
#2320=VECTOR('',#8686,10.);
#2321=VECTOR('',#8687,10.);
#2322=VECTOR('',#8690,10.);
#2323=VECTOR('',#8691,10.);
#2324=VECTOR('',#8692,10.);
#2325=VECTOR('',#8695,10.);
#2326=VECTOR('',#8696,10.);
#2327=VECTOR('',#8697,10.);
#2328=VECTOR('',#8700,10.);
#2329=VECTOR('',#8701,10.);
#2330=VECTOR('',#8702,10.);
#2331=VECTOR('',#8705,10.);
#2332=VECTOR('',#8706,10.);
#2333=VECTOR('',#8707,10.);
#2334=VECTOR('',#8710,10.);
#2335=VECTOR('',#8711,10.);
#2336=VECTOR('',#8716,10.);
#2337=VECTOR('',#8717,10.);
#2338=VECTOR('',#8718,10.);
#2339=VECTOR('',#8719,10.);
#2340=VECTOR('',#8722,10.);
#2341=VECTOR('',#8723,10.);
#2342=VECTOR('',#8724,10.);
#2343=VECTOR('',#8727,10.);
#2344=VECTOR('',#8728,10.);
#2345=VECTOR('',#8729,10.);
#2346=VECTOR('',#8732,10.);
#2347=VECTOR('',#8733,10.);
#2348=VECTOR('',#8734,10.);
#2349=VECTOR('',#8737,10.);
#2350=VECTOR('',#8738,10.);
#2351=VECTOR('',#8739,10.);
#2352=VECTOR('',#8742,10.);
#2353=VECTOR('',#8743,10.);
#2354=VECTOR('',#8748,4.85);
#2355=VECTOR('',#8753,2.6);
#2356=VECTOR('',#8764,2.6);
#2357=VECTOR('',#8775,2.6);
#2358=VECTOR('',#8788,2.05);
#2359=VECTOR('',#8795,2.05);
#2360=VECTOR('',#8802,2.05);
#2361=VECTOR('',#8837,10.);
#2362=VECTOR('',#8838,10.);
#2363=VECTOR('',#8843,10.);
#2364=VECTOR('',#8848,10.);
#2365=VECTOR('',#8853,10.);
#2366=VECTOR('',#8858,10.);
#2367=VECTOR('',#8865,100.);
#2368=VECTOR('',#8880,2.05);
#2369=VECTOR('',#8889,2.05);
#2370=VECTOR('',#8898,2.6);
#2371=VECTOR('',#8907,2.6);
#2372=VECTOR('',#8916,2.);
#2373=VECTOR('',#8925,2.);
#2374=VECTOR('',#8934,2.6);
#2375=VECTOR('',#8943,2.6);
#2376=VECTOR('',#8952,2.25000000000001);
#2377=VECTOR('',#8959,2.25);
#2378=VECTOR('',#8964,10.);
#2379=VECTOR('',#8965,10.);
#2380=VECTOR('',#8966,10.);
#2381=VECTOR('',#8967,10.);
#2382=VECTOR('',#8970,10.);
#2383=VECTOR('',#8971,10.);
#2384=VECTOR('',#8972,10.);
#2385=VECTOR('',#8975,10.);
#2386=VECTOR('',#8976,10.);
#2387=VECTOR('',#8979,10.);
#2388=VECTOR('',#8980,10.);
#2389=VECTOR('',#8981,10.);
#2390=VECTOR('',#8982,10.);
#2391=VECTOR('',#8985,10.);
#2392=VECTOR('',#8986,10.);
#2393=VECTOR('',#8987,10.);
#2394=VECTOR('',#8990,10.);
#2395=VECTOR('',#8991,10.);
#2396=VECTOR('',#8992,10.);
#2397=VECTOR('',#8995,10.);
#2398=VECTOR('',#8996,10.);
#2399=VECTOR('',#8997,10.);
#2400=VECTOR('',#9000,10.);
#2401=VECTOR('',#9001,10.);
#2402=VECTOR('',#9002,10.);
#2403=VECTOR('',#9005,10.);
#2404=VECTOR('',#9006,10.);
#2405=VECTOR('',#9017,2.05);
#2406=VECTOR('',#9024,2.05);
#2407=VECTOR('',#9029,10.);
#2408=VECTOR('',#9030,10.);
#2409=VECTOR('',#9033,10.);
#2410=VECTOR('',#9038,2.09999999999999);
#2411=VECTOR('',#9045,10.);
#2412=VECTOR('',#9046,10.);
#2413=VECTOR('',#9049,10.);
#2414=VECTOR('',#9050,10.);
#2415=VECTOR('',#9053,10.);
#2416=VECTOR('',#9058,2.09999999999999);
#2417=VECTOR('',#9065,10.);
#2418=VECTOR('',#9066,10.);
#2419=VECTOR('',#9071,10.);
#2420=VECTOR('',#9072,10.);
#2421=VECTOR('',#9075,10.);
#2422=VECTOR('',#9076,10.);
#2423=VECTOR('',#9079,10.);
#2424=VECTOR('',#9080,10.);
#2425=VECTOR('',#9081,10.);
#2426=VECTOR('',#9082,10.);
#2427=VECTOR('',#9083,10.);
#2428=VECTOR('',#9084,10.);
#2429=VECTOR('',#9087,10.);
#2430=VECTOR('',#9088,10.);
#2431=VECTOR('',#9089,10.);
#2432=VECTOR('',#9090,10.);
#2433=VECTOR('',#9091,10.);
#2434=VECTOR('',#9092,10.);
#2435=VECTOR('',#9095,10.);
#2436=VECTOR('',#9096,10.);
#2437=VECTOR('',#9099,10.);
#2438=VECTOR('',#9100,10.);
#2439=VECTOR('',#9101,10.);
#2440=VECTOR('',#9106,10.);
#2441=VECTOR('',#9115,10.);
#2442=VECTOR('',#9120,10.);
#2443=VECTOR('',#9121,10.);
#2444=VECTOR('',#9124,10.);
#2445=VECTOR('',#9141,10.);
#2446=VECTOR('',#9142,10.);
#2447=VECTOR('',#9145,10.);
#2448=VECTOR('',#9146,10.);
#2449=VECTOR('',#9155,2.09999999999999);
#2450=VECTOR('',#9160,11.1);
#2451=VECTOR('',#9163,10.);
#2452=VECTOR('',#9164,10.);
#2453=VECTOR('',#9165,10.);
#2454=VECTOR('',#9168,10.);
#2455=VECTOR('',#9169,10.);
#2456=VECTOR('',#9174,10.);
#2457=VECTOR('',#9177,10.);
#2458=VECTOR('',#9178,10.);
#2459=VECTOR('',#9181,10.);
#2460=VECTOR('',#9182,10.);
#2461=VECTOR('',#9197,1.99999999999999);
#2462=VECTOR('',#9204,1.54999999999999);
#2463=VECTOR('',#9211,1.54999999999999);
#2464=VECTOR('',#9216,10.);
#2465=VECTOR('',#9217,10.);
#2466=VECTOR('',#9218,10.);
#2467=VECTOR('',#9219,10.);
#2468=VECTOR('',#9224,10.);
#2469=VECTOR('',#9229,10.);
#2470=VECTOR('',#9230,10.);
#2471=VECTOR('',#9231,10.);
#2472=VECTOR('',#9242,3.85);
#2473=VECTOR('',#9249,10.);
#2474=VECTOR('',#9250,10.);
#2475=VECTOR('',#9251,10.);
#2476=VECTOR('',#9252,10.);
#2477=VECTOR('',#9255,10.);
#2478=VECTOR('',#9256,10.);
#2479=VECTOR('',#9257,10.);
#2480=VECTOR('',#9258,10.);
#2481=VECTOR('',#9277,9.02227339382264);
#2482=VECTOR('',#9286,1.99999999999999);
#2483=VECTOR('',#9293,1.54999999999999);
#2484=VECTOR('',#9300,1.54999999999999);
#2485=VECTOR('',#9305,10.);
#2486=VECTOR('',#9306,10.);
#2487=VECTOR('',#9307,10.);
#2488=VECTOR('',#9308,10.);
#2489=VECTOR('',#9315,10.);
#2490=VECTOR('',#9318,10.);
#2491=VECTOR('',#9319,10.);
#2492=VECTOR('',#9320,10.);
#2493=VECTOR('',#9331,3.85);
#2494=VECTOR('',#9338,10.);
#2495=VECTOR('',#9339,10.);
#2496=VECTOR('',#9340,10.);
#2497=VECTOR('',#9341,10.);
#2498=VECTOR('',#9344,10.);
#2499=VECTOR('',#9345,10.);
#2500=VECTOR('',#9346,10.);
#2501=VECTOR('',#9347,10.);
#2502=VECTOR('',#9366,9.02227339382264);
#2503=VECTOR('',#9389,3.95);
#2504=VECTOR('',#9394,10.975);
#2505=VECTOR('',#9401,10.);
#2506=VECTOR('',#9402,10.);
#2507=VECTOR('',#9403,10.);
#2508=VECTOR('',#9404,10.);
#2509=VECTOR('',#9411,10.);
#2510=VECTOR('',#9414,10.);
#2511=VECTOR('',#9415,10.);
#2512=VECTOR('',#9416,10.);
#2513=VECTOR('',#9425,10.);
#2514=VECTOR('',#9426,10.);
#2515=VECTOR('',#9427,10.);
#2516=VECTOR('',#9428,10.);
#2517=VECTOR('',#9431,10.);
#2518=VECTOR('',#9432,10.);
#2519=VECTOR('',#9433,10.);
#2520=VECTOR('',#9434,10.);
#2521=VECTOR('',#9439,10.);
#2522=VECTOR('',#9440,10.);
#2523=VECTOR('',#9443,10.);
#2524=VECTOR('',#9444,10.);
#2525=VECTOR('',#9447,10.);
#2526=VECTOR('',#9448,10.);
#2527=VECTOR('',#9449,10.);
#2528=VECTOR('',#9452,10.);
#2529=VECTOR('',#9455,10.);
#2530=VECTOR('',#9456,10.);
#2531=VECTOR('',#9459,10.);
#2532=VECTOR('',#9460,10.);
#2533=VECTOR('',#9465,10.);
#2534=VECTOR('',#9468,10.);
#2535=VECTOR('',#9477,10.);
#2536=VECTOR('',#9480,10.);
#2537=VECTOR('',#9483,10.);
#2538=VECTOR('',#9484,10.);
#2539=VECTOR('',#9485,10.);
#2540=VECTOR('',#9486,10.);
#2541=VECTOR('',#9487,10.);
#2542=VECTOR('',#9488,10.);
#2543=VECTOR('',#9493,10.);
#2544=VECTOR('',#9496,10.);
#2545=VECTOR('',#9501,10.);
#2546=VECTOR('',#9506,10.);
#2547=VECTOR('',#9509,10.);
#2548=VECTOR('',#9514,10.);
#2549=VECTOR('',#9519,10.);
#2550=VECTOR('',#9522,10.);
#2551=VECTOR('',#9537,10.);
#2552=VECTOR('',#9540,10.);
#2553=VECTOR('',#9555,10.);
#2554=VECTOR('',#9556,10.);
#2555=VECTOR('',#9557,10.);
#2556=VECTOR('',#9560,10.);
#2557=VECTOR('',#9561,10.);
#2558=VECTOR('',#9562,10.);
#2559=VECTOR('',#9565,10.);
#2560=VECTOR('',#9566,10.);
#2561=VECTOR('',#9567,10.);
#2562=VECTOR('',#9568,10.);
#2563=VECTOR('',#9571,10.);
#2564=VECTOR('',#9572,10.);
#2565=VECTOR('',#9575,10.);
#2566=VECTOR('',#9576,10.);
#2567=VECTOR('',#9577,10.);
#2568=VECTOR('',#9580,10.);
#2569=VECTOR('',#9581,10.);
#2570=VECTOR('',#9582,10.);
#2571=VECTOR('',#9589,10.);
#2572=VECTOR('',#9596,10.);
#2573=VECTOR('',#9607,10.);
#2574=VECTOR('',#9608,10.);
#2575=VECTOR('',#9609,10.);
#2576=VECTOR('',#9610,10.);
#2577=VECTOR('',#9613,10.);
#2578=VECTOR('',#9614,10.);
#2579=VECTOR('',#9615,10.);
#2580=VECTOR('',#9616,10.);
#2581=VECTOR('',#9619,10.);
#2582=VECTOR('',#9620,10.);
#2583=VECTOR('',#9623,10.);
#2584=VECTOR('',#9624,10.);
#2585=VECTOR('',#9625,10.);
#2586=VECTOR('',#9626,10.);
#2587=VECTOR('',#9631,10.);
#2588=VECTOR('',#9632,10.);
#2589=VECTOR('',#9635,10.);
#2590=VECTOR('',#9636,10.);
#2591=VECTOR('',#9639,10.);
#2592=VECTOR('',#9640,10.);
#2593=VECTOR('',#9643,10.);
#2594=VECTOR('',#9650,2.7);
#2595=VECTOR('',#9657,3.);
#2596=VECTOR('',#9664,10.);
#2597=VECTOR('',#9667,10.);
#2598=VECTOR('',#9670,10.);
#2599=VECTOR('',#9675,10.);
#2600=VECTOR('',#9678,10.);
#2601=VECTOR('',#9681,10.);
#2602=VECTOR('',#9692,10.);
#2603=VECTOR('',#9693,10.);
#2604=VECTOR('',#9694,10.);
#2605=VECTOR('',#9695,10.);
#2606=VECTOR('',#9696,10.);
#2607=VECTOR('',#9697,10.);
#2608=VECTOR('',#9704,10.);
#2609=VECTOR('',#9709,10.);
#2610=VECTOR('',#9714,10.);
#2611=VECTOR('',#9723,10.);
#2612=VECTOR('',#9728,10.);
#2613=VECTOR('',#9733,10.);
#2614=VECTOR('',#9740,10.);
#2615=VECTOR('',#9741,10.);
#2616=VECTOR('',#9742,10.);
#2617=VECTOR('',#9743,10.);
#2618=VECTOR('',#9744,10.);
#2619=VECTOR('',#9745,10.);
#2620=VECTOR('',#9746,10.);
#2621=VECTOR('',#9747,10.);
#2622=VECTOR('',#9752,10.);
#2623=VECTOR('',#9757,10.);
#2624=VECTOR('',#9762,10.);
#2625=VECTOR('',#9767,10.);
#2626=VECTOR('',#9772,10.);
#2627=VECTOR('',#9777,10.);
#2628=VECTOR('',#9782,10.);
#2629=VECTOR('',#9787,10.);
#2630=VECTOR('',#9792,10.);
#2631=VECTOR('',#9793,10.);
#2632=VECTOR('',#9794,10.);
#2633=VECTOR('',#9795,10.);
#2634=VECTOR('',#9798,10.);
#2635=VECTOR('',#9799,10.);
#2636=VECTOR('',#9800,10.);
#2637=VECTOR('',#9803,10.);
#2638=VECTOR('',#9804,10.);
#2639=VECTOR('',#9805,10.);
#2640=VECTOR('',#9806,10.);
#2641=VECTOR('',#9811,10.);
#2642=VECTOR('',#9812,10.);
#2643=VECTOR('',#9815,10.);
#2644=VECTOR('',#9816,10.);
#2645=VECTOR('',#9821,0.95);
#2646=VECTOR('',#9826,10.);
#2647=VECTOR('',#9827,10.);
#2648=VECTOR('',#9828,10.);
#2649=VECTOR('',#9837,10.);
#2650=VECTOR('',#9842,10.);
#2651=VECTOR('',#9843,10.);
#2652=VECTOR('',#9844,10.);
#2653=VECTOR('',#9845,10.);
#2654=VECTOR('',#9846,10.);
#2655=VECTOR('',#9847,10.);
#2656=VECTOR('',#9848,10.);
#2657=VECTOR('',#9851,10.);
#2658=VECTOR('',#9858,10.);
#2659=VECTOR('',#9863,10.);
#2660=VECTOR('',#9868,10.);
#2661=VECTOR('',#9873,10.);
#2662=VECTOR('',#9888,10.);
#2663=VECTOR('',#9893,10.);
#2664=VECTOR('',#9896,10.);
#2665=VECTOR('',#9899,10.);
#2666=VECTOR('',#9900,10.);
#2667=VECTOR('',#9919,3.);
#2668=VECTOR('',#9926,2.7);
#2669=VECTOR('',#9931,10.);
#2670=VECTOR('',#9932,10.);
#2671=VECTOR('',#9933,10.);
#2672=VECTOR('',#9934,10.);
#2673=VECTOR('',#9935,10.);
#2674=VECTOR('',#9936,10.);
#2675=VECTOR('',#9937,10.);
#2676=VECTOR('',#9938,10.);
#2677=VECTOR('',#9943,10.);
#2678=VECTOR('',#9948,10.);
#2679=VECTOR('',#9953,10.);
#2680=VECTOR('',#9958,10.);
#2681=VECTOR('',#9963,10.);
#2682=VECTOR('',#9968,10.);
#2683=VECTOR('',#9973,10.);
#2684=VECTOR('',#9978,10.);
#2685=VECTOR('',#9983,10.);
#2686=VECTOR('',#9984,10.);
#2687=VECTOR('',#9985,10.);
#2688=VECTOR('',#9986,10.);
#2689=VECTOR('',#9989,10.);
#2690=VECTOR('',#9990,10.);
#2691=VECTOR('',#9991,10.);
#2692=VECTOR('',#9994,10.);
#2693=VECTOR('',#9995,10.);
#2694=VECTOR('',#9996,10.);
#2695=VECTOR('',#9997,10.);
#2696=VECTOR('',#10002,10.);
#2697=VECTOR('',#10003,10.);
#2698=VECTOR('',#10006,10.);
#2699=VECTOR('',#10007,10.);
#2700=VECTOR('',#10012,0.95);
#2701=VECTOR('',#10017,10.);
#2702=VECTOR('',#10018,10.);
#2703=VECTOR('',#10019,10.);
#2704=VECTOR('',#10028,10.);
#2705=VECTOR('',#10033,10.);
#2706=VECTOR('',#10034,10.);
#2707=VECTOR('',#10035,10.);
#2708=VECTOR('',#10036,10.);
#2709=VECTOR('',#10037,10.);
#2710=VECTOR('',#10038,10.);
#2711=VECTOR('',#10039,10.);
#2712=VECTOR('',#10042,10.);
#2713=VECTOR('',#10049,10.);
#2714=VECTOR('',#10054,10.);
#2715=VECTOR('',#10059,10.);
#2716=VECTOR('',#10064,10.);
#2717=VECTOR('',#10079,10.);
#2718=VECTOR('',#10084,10.);
#2719=VECTOR('',#10087,10.);
#2720=VECTOR('',#10090,10.);
#2721=VECTOR('',#10091,10.);
#2722=VECTOR('',#10110,3.);
#2723=VECTOR('',#10117,2.7);
#2724=CIRCLE('',#7249,3.5);
#2725=CIRCLE('',#7250,3.5);
#2726=CIRCLE('',#7252,4.5);
#2727=CIRCLE('',#7253,4.5);
#2728=CIRCLE('',#7273,1.5);
#2729=CIRCLE('',#7274,1.5);
#2730=CIRCLE('',#7276,1.5);
#2731=CIRCLE('',#7277,1.5);
#2732=CIRCLE('',#7295,2.75);
#2733=CIRCLE('',#7296,2.75);
#2734=CIRCLE('',#7297,0.2);
#2735=CIRCLE('',#7298,2.95);
#2736=CIRCLE('',#7300,3.3);
#2737=CIRCLE('',#7301,0.2);
#2738=CIRCLE('',#7302,3.5);
#2739=CIRCLE('',#7303,3.5);
#2740=CIRCLE('',#7305,2.75);
#2741=CIRCLE('',#7307,3.5);
#2742=CIRCLE('',#7312,0.55);
#2743=CIRCLE('',#7313,0.5);
#2744=CIRCLE('',#7314,1.05);
#2745=CIRCLE('',#7315,1.05);
#2746=CIRCLE('',#7317,1.05);
#2747=CIRCLE('',#7324,0.75);
#2748=CIRCLE('',#7325,0.75);
#2749=CIRCLE('',#7338,1.42016703296703);
#2750=CIRCLE('',#7339,0.127);
#2751=CIRCLE('',#7340,1.4732);
#2752=CIRCLE('',#7342,1.4732);
#2753=CIRCLE('',#7344,0.762);
#2754=CIRCLE('',#7345,0.762);
#2755=CIRCLE('',#7347,2.28494452008053);
#2756=CIRCLE('',#7348,2.43731396593601);
#2757=CIRCLE('',#7349,2.43731396593601);
#2758=CIRCLE('',#7350,2.28494452008052);
#2759=CIRCLE('',#7351,2.43731396593601);
#2760=CIRCLE('',#7352,2.43731396593601);
#2761=CIRCLE('',#7353,2.28494452008052);
#2762=CIRCLE('',#7354,2.43731396593601);
#2763=CIRCLE('',#7355,2.43731396593601);
#2764=CIRCLE('',#7356,2.28494452008052);
#2765=CIRCLE('',#7357,2.43731396593601);
#2766=CIRCLE('',#7358,2.43731396593601);
#2767=CIRCLE('',#7385,2.05);
#2768=CIRCLE('',#7386,2.05);
#2769=CIRCLE('',#7388,2.05);
#2770=CIRCLE('',#7389,2.05);
#2771=CIRCLE('',#7391,2.05);
#2772=CIRCLE('',#7392,2.05);
#2773=CIRCLE('',#7394,2.05);
#2774=CIRCLE('',#7395,2.05);
#2775=CIRCLE('',#7397,2.05);
#2776=CIRCLE('',#7398,2.05);
#2777=CIRCLE('',#7400,2.05);
#2778=CIRCLE('',#7401,2.05);
#2779=CIRCLE('',#7415,2.05);
#2780=CIRCLE('',#7416,2.05);
#2781=CIRCLE('',#7418,2.05);
#2782=CIRCLE('',#7419,2.05);
#2783=CIRCLE('',#7421,2.05);
#2784=CIRCLE('',#7422,2.05);
#2785=CIRCLE('',#7424,100.);
#2786=CIRCLE('',#7425,100.);
#2787=CIRCLE('',#7431,110.300000000005);
#2788=CIRCLE('',#7432,110.300000000005);
#2789=CIRCLE('',#7436,115.300000000005);
#2790=CIRCLE('',#7437,115.300000000005);
#2791=CIRCLE('',#7439,100.);
#2792=CIRCLE('',#7440,100.);
#2793=CIRCLE('',#7444,110.300000000005);
#2794=CIRCLE('',#7445,110.300000000005);
#2795=CIRCLE('',#7449,115.300000000005);
#2796=CIRCLE('',#7450,115.300000000005);
#2797=CIRCLE('',#7452,100.);
#2798=CIRCLE('',#7453,100.);
#2799=CIRCLE('',#7455,115.300000000005);
#2800=CIRCLE('',#7456,115.300000000005);
#2801=CIRCLE('',#7460,110.300000000005);
#2802=CIRCLE('',#7461,110.300000000005);
#2803=CIRCLE('',#7465,100.);
#2804=CIRCLE('',#7466,100.);
#2805=CIRCLE('',#7468,1.5);
#2806=CIRCLE('',#7469,1.5);
#2807=CIRCLE('',#7471,1.5);
#2808=CIRCLE('',#7472,1.5);
#2809=CIRCLE('',#7489,2.6);
#2810=CIRCLE('',#7490,2.6);
#2811=CIRCLE('',#7492,2.05);
#2812=CIRCLE('',#7494,2.6);
#2813=CIRCLE('',#7495,2.6);
#2814=CIRCLE('',#7497,2.05);
#2815=CIRCLE('',#7499,2.6);
#2816=CIRCLE('',#7500,2.6);
#2817=CIRCLE('',#7502,2.05);
#2818=CIRCLE('',#7504,2.05);
#2819=CIRCLE('',#7507,2.05);
#2820=CIRCLE('',#7510,2.05);
#2821=CIRCLE('',#7513,3.99999856948853);
#2822=CIRCLE('',#7514,96.);
#2823=CIRCLE('',#7515,3.99999856948853);
#2824=CIRCLE('',#7516,96.);
#2825=CIRCLE('',#7517,3.99999856948853);
#2826=CIRCLE('',#7518,96.);
#2827=CIRCLE('',#7520,100.);
#2828=CIRCLE('',#7521,100.);
#2829=CIRCLE('',#7522,100.);
#2830=CIRCLE('',#7523,100.);
#2831=CIRCLE('',#7524,100.);
#2832=CIRCLE('',#7525,100.);
#2833=CIRCLE('',#7526,100.);
#2834=CIRCLE('',#7528,3.99999856948853);
#2835=CIRCLE('',#7530,96.);
#2836=CIRCLE('',#7532,3.99999856948853);
#2837=CIRCLE('',#7534,96.);
#2838=CIRCLE('',#7536,3.99999856948853);
#2839=CIRCLE('',#7538,96.);
#2840=CIRCLE('',#7540,100.);
#2841=CIRCLE('',#7546,2.05);
#2842=CIRCLE('',#7547,2.05);
#2843=CIRCLE('',#7550,2.05);
#2844=CIRCLE('',#7551,2.05);
#2845=CIRCLE('',#7554,2.6);
#2846=CIRCLE('',#7555,2.6);
#2847=CIRCLE('',#7558,2.6);
#2848=CIRCLE('',#7559,2.6);
#2849=CIRCLE('',#7562,2.);
#2850=CIRCLE('',#7563,2.);
#2851=CIRCLE('',#7566,2.);
#2852=CIRCLE('',#7567,2.);
#2853=CIRCLE('',#7570,2.6);
#2854=CIRCLE('',#7571,2.6);
#2855=CIRCLE('',#7574,2.6);
#2856=CIRCLE('',#7575,2.6);
#2857=CIRCLE('',#7578,2.25000000000001);
#2858=CIRCLE('',#7579,2.25000000000001);
#2859=CIRCLE('',#7581,2.25);
#2860=CIRCLE('',#7582,2.25);
#2861=CIRCLE('',#7596,2.05);
#2862=CIRCLE('',#7597,2.05);
#2863=CIRCLE('',#7599,2.05);
#2864=CIRCLE('',#7600,2.05);
#2865=CIRCLE('',#7602,8.47501516552474);
#2866=CIRCLE('',#7603,2.09999999999999);
#2867=CIRCLE('',#7605,2.09999999999999);
#2868=CIRCLE('',#7607,8.47501516552474);
#2869=CIRCLE('',#7609,8.47501516552474);
#2870=CIRCLE('',#7610,2.09999999999999);
#2871=CIRCLE('',#7612,2.09999999999999);
#2872=CIRCLE('',#7614,8.47501516552474);
#2873=CIRCLE('',#7616,81.3000000000017);
#2874=CIRCLE('',#7617,61.6266352652978);
#2875=CIRCLE('',#7623,61.6266352652978);
#2876=CIRCLE('',#7624,76.3000000000004);
#2877=CIRCLE('',#7626,76.3000000000004);
#2878=CIRCLE('',#7628,61.6266352652978);
#2879=CIRCLE('',#7632,61.6266352652978);
#2880=CIRCLE('',#7634,81.3000000000017);
#2881=CIRCLE('',#7638,4.1);
#2882=CIRCLE('',#7639,14.9541964287515);
#2883=CIRCLE('',#7640,11.1);
#2884=CIRCLE('',#7641,2.09999999999999);
#2885=CIRCLE('',#7643,2.09999999999999);
#2886=CIRCLE('',#7645,11.1);
#2887=CIRCLE('',#7649,14.9541964287515);
#2888=CIRCLE('',#7653,4.1);
#2889=CIRCLE('',#7658,1.99999999999999);
#2890=CIRCLE('',#7659,1.99999999999999);
#2891=CIRCLE('',#7661,1.54999999999999);
#2892=CIRCLE('',#7662,1.54999999999999);
#2893=CIRCLE('',#7664,1.54999999999999);
#2894=CIRCLE('',#7665,1.54999999999999);
#2895=CIRCLE('',#7668,4.15000000000001);
#2896=CIRCLE('',#7669,4.15000000000001);
#2897=CIRCLE('',#7672,9.02227339382264);
#2898=CIRCLE('',#7673,9.02227339382264);
#2899=CIRCLE('',#7675,3.85);
#2900=CIRCLE('',#7676,3.85);
#2901=CIRCLE('',#7681,14.9541964287515);
#2902=CIRCLE('',#7682,14.9541964287515);
#2903=CIRCLE('',#7684,9.02227339382264);
#2904=CIRCLE('',#7686,9.02227339382264);
#2905=CIRCLE('',#7687,9.02227339382264);
#2906=CIRCLE('',#7689,9.02227339382264);
#2907=CIRCLE('',#7692,1.99999999999999);
#2908=CIRCLE('',#7693,1.99999999999999);
#2909=CIRCLE('',#7695,1.54999999999999);
#2910=CIRCLE('',#7696,1.54999999999999);
#2911=CIRCLE('',#7698,1.54999999999999);
#2912=CIRCLE('',#7699,1.54999999999999);
#2913=CIRCLE('',#7702,4.15000000000001);
#2914=CIRCLE('',#7703,4.15000000000001);
#2915=CIRCLE('',#7706,9.02227339382264);
#2916=CIRCLE('',#7707,9.02227339382264);
#2917=CIRCLE('',#7709,3.85);
#2918=CIRCLE('',#7710,3.85);
#2919=CIRCLE('',#7715,14.9541964287515);
#2920=CIRCLE('',#7716,14.9541964287515);
#2921=CIRCLE('',#7718,9.02227339382264);
#2922=CIRCLE('',#7720,9.02227339382264);
#2923=CIRCLE('',#7721,9.02227339382264);
#2924=CIRCLE('',#7723,9.02227339382264);
#2925=CIRCLE('',#7730,10.975);
#2926=CIRCLE('',#7731,3.95);
#2927=CIRCLE('',#7733,3.95);
#2928=CIRCLE('',#7735,10.975);
#2929=CIRCLE('',#7740,100.);
#2930=CIRCLE('',#7741,110.);
#2931=CIRCLE('',#7744,100.);
#2932=CIRCLE('',#7745,110.);
#2933=CIRCLE('',#7749,110.);
#2934=CIRCLE('',#7750,110.);
#2935=CIRCLE('',#7756,110.000000000001);
#2936=CIRCLE('',#7757,107.16370153193);
#2937=CIRCLE('',#7758,110.000000000001);
#2938=CIRCLE('',#7759,110.000000000001);
#2939=CIRCLE('',#7761,102.836298468079);
#2940=CIRCLE('',#7762,100.000000000008);
#2941=CIRCLE('',#7765,100.000000000008);
#2942=CIRCLE('',#7767,102.836298468079);
#2943=CIRCLE('',#7769,107.16370153193);
#2944=CIRCLE('',#7772,110.000000000001);
#2945=CIRCLE('',#7776,253.548372077469);
#2946=CIRCLE('',#7777,253.548372077469);
#2947=CIRCLE('',#7779,110.000000000005);
#2948=CIRCLE('',#7780,245.055036629645);
#2949=CIRCLE('',#7781,110.);
#2950=CIRCLE('',#7782,244.891865781826);
#2951=CIRCLE('',#7784,256.072359508929);
#2952=CIRCLE('',#7785,256.072359508929);
#2953=CIRCLE('',#7787,110.000000000005);
#2954=CIRCLE('',#7788,244.891865781825);
#2955=CIRCLE('',#7789,110.);
#2956=CIRCLE('',#7790,245.055036629646);
#2957=CIRCLE('',#7799,110.000000000005);
#2958=CIRCLE('',#7800,110.000000000005);
#2959=CIRCLE('',#7802,110.000000000005);
#2960=CIRCLE('',#7803,110.000000000005);
#2961=CIRCLE('',#7805,110.000000000005);
#2962=CIRCLE('',#7806,110.000000000005);
#2963=CIRCLE('',#7811,2.7);
#2964=CIRCLE('',#7816,44.9999999999993);
#2965=CIRCLE('',#7818,2.7);
#2966=CIRCLE('',#7821,3.);
#2967=CIRCLE('',#7822,3.);
#2968=CIRCLE('',#7825,44.9999999999994);
#2969=CIRCLE('',#7826,44.9999999999993);
#2970=CIRCLE('',#7827,44.9999999999993);
#2971=CIRCLE('',#7830,33.9959692609934);
#2972=CIRCLE('',#7831,27.);
#2973=CIRCLE('',#7832,36.1624830023204);
#2974=CIRCLE('',#7833,27.);
#2975=CIRCLE('',#7835,245.548370319132);
#2976=CIRCLE('',#7836,235.548370319132);
#2977=CIRCLE('',#7838,102.736298468079);
#2978=CIRCLE('',#7839,102.736298468079);
#2979=CIRCLE('',#7841,100.000000000004);
#2980=CIRCLE('',#7843,100.000000000004);
#2981=CIRCLE('',#7844,235.548370319132);
#2982=CIRCLE('',#7845,245.548370319132);
#2983=CIRCLE('',#7847,107.263701531929);
#2984=CIRCLE('',#7849,107.263701531929);
#2985=CIRCLE('',#7855,100.000000000008);
#2986=CIRCLE('',#7856,100.000000000008);
#2987=CIRCLE('',#7858,102.836298468079);
#2988=CIRCLE('',#7860,102.836298468079);
#2989=CIRCLE('',#7862,107.16370153193);
#2990=CIRCLE('',#7864,107.16370153193);
#2991=CIRCLE('',#7866,110.000000000001);
#2992=CIRCLE('',#7868,110.000000000001);
#2993=CIRCLE('',#7874,2.7);
#2994=CIRCLE('',#7878,0.95);
#2995=CIRCLE('',#7879,0.95);
#2996=CIRCLE('',#7881,3.);
#2997=CIRCLE('',#7883,44.9999999999993);
#2998=CIRCLE('',#7885,27.);
#2999=CIRCLE('',#7886,235.548370319132);
#3000=CIRCLE('',#7887,245.548370319132);
#3001=CIRCLE('',#7889,107.263701531929);
#3002=CIRCLE('',#7890,102.736298468079);
#3003=CIRCLE('',#7892,107.263701531929);
#3004=CIRCLE('',#7894,110.000000000005);
#3005=CIRCLE('',#7896,110.000000000005);
#3006=CIRCLE('',#7897,44.9999999999994);
#3007=CIRCLE('',#7898,245.548370319132);
#3008=CIRCLE('',#7899,100.000000000004);
#3009=CIRCLE('',#7900,36.1624830023204);
#3010=CIRCLE('',#7901,235.548370319132);
#3011=CIRCLE('',#7903,100.000000000004);
#3012=CIRCLE('',#7905,102.736298468079);
#3013=CIRCLE('',#7908,27.);
#3014=CIRCLE('',#7909,33.9959692609934);
#3015=CIRCLE('',#7911,44.9999999999993);
#3016=CIRCLE('',#7912,44.9999999999993);
#3017=CIRCLE('',#7915,3.);
#3018=CIRCLE('',#7918,2.7);
#3019=CIRCLE('',#7923,100.000000000008);
#3020=CIRCLE('',#7924,100.000000000008);
#3021=CIRCLE('',#7926,102.836298468079);
#3022=CIRCLE('',#7928,102.836298468079);
#3023=CIRCLE('',#7930,107.16370153193);
#3024=CIRCLE('',#7932,107.16370153193);
#3025=CIRCLE('',#7934,110.000000000001);
#3026=CIRCLE('',#7936,110.000000000001);
#3027=CIRCLE('',#7942,2.7);
#3028=CIRCLE('',#7946,0.95);
#3029=CIRCLE('',#7947,0.95);
#3030=CIRCLE('',#7949,3.);
#3031=CIRCLE('',#7951,44.9999999999993);
#3032=CIRCLE('',#7953,27.);
#3033=CIRCLE('',#7954,235.548370319132);
#3034=CIRCLE('',#7955,245.548370319132);
#3035=CIRCLE('',#7957,107.263701531929);
#3036=CIRCLE('',#7958,102.736298468079);
#3037=CIRCLE('',#7960,107.263701531929);
#3038=CIRCLE('',#7962,110.000000000005);
#3039=CIRCLE('',#7964,110.000000000005);
#3040=CIRCLE('',#7965,44.9999999999994);
#3041=CIRCLE('',#7966,245.548370319132);
#3042=CIRCLE('',#7967,100.000000000004);
#3043=CIRCLE('',#7968,36.1624830023204);
#3044=CIRCLE('',#7969,235.548370319132);
#3045=CIRCLE('',#7971,100.000000000004);
#3046=CIRCLE('',#7973,102.736298468079);
#3047=CIRCLE('',#7976,27.);
#3048=CIRCLE('',#7977,33.9959692609933);
#3049=CIRCLE('',#7979,44.9999999999993);
#3050=CIRCLE('',#7980,44.9999999999993);
#3051=CIRCLE('',#7983,3.);
#3052=CIRCLE('',#7986,2.7);
#3053=VERTEX_POINT('',#10150);
#3054=VERTEX_POINT('',#10152);
#3055=VERTEX_POINT('',#10156);
#3056=VERTEX_POINT('',#10158);
#3057=VERTEX_POINT('',#10162);
#3058=VERTEX_POINT('',#10163);
#3059=VERTEX_POINT('',#10165);
#3060=VERTEX_POINT('',#10167);
#3061=VERTEX_POINT('',#10170);
#3062=VERTEX_POINT('',#10171);
#3063=VERTEX_POINT('',#10173);
#3064=VERTEX_POINT('',#10175);
#3065=VERTEX_POINT('',#10179);
#3066=VERTEX_POINT('',#10181);
#3067=VERTEX_POINT('',#10185);
#3068=VERTEX_POINT('',#10187);
#3069=VERTEX_POINT('',#10191);
#3070=VERTEX_POINT('',#10193);
#3071=VERTEX_POINT('',#10197);
#3072=VERTEX_POINT('',#10199);
#3073=VERTEX_POINT('',#10203);
#3074=VERTEX_POINT('',#10205);
#3075=VERTEX_POINT('',#10209);
#3076=VERTEX_POINT('',#10211);
#3077=VERTEX_POINT('',#10220);
#3078=VERTEX_POINT('',#10222);
#3079=VERTEX_POINT('',#10226);
#3080=VERTEX_POINT('',#10230);
#3081=VERTEX_POINT('',#10240);
#3082=VERTEX_POINT('',#10242);
#3083=VERTEX_POINT('',#10246);
#3084=VERTEX_POINT('',#10248);
#3085=VERTEX_POINT('',#10252);
#3086=VERTEX_POINT('',#10253);
#3087=VERTEX_POINT('',#10255);
#3088=VERTEX_POINT('',#10257);
#3089=VERTEX_POINT('',#10261);
#3090=VERTEX_POINT('',#10263);
#3091=VERTEX_POINT('',#10267);
#3092=VERTEX_POINT('',#10269);
#3093=VERTEX_POINT('',#10272);
#3094=VERTEX_POINT('',#10273);
#3095=VERTEX_POINT('',#10275);
#3096=VERTEX_POINT('',#10277);
#3097=VERTEX_POINT('',#10280);
#3098=VERTEX_POINT('',#10281);
#3099=VERTEX_POINT('',#10283);
#3100=VERTEX_POINT('',#10285);
#3101=VERTEX_POINT('',#10289);
#3102=VERTEX_POINT('',#10291);
#3103=VERTEX_POINT('',#10297);
#3104=VERTEX_POINT('',#10298);
#3105=VERTEX_POINT('',#10300);
#3106=VERTEX_POINT('',#10302);
#3107=VERTEX_POINT('',#10305);
#3108=VERTEX_POINT('',#10306);
#3109=VERTEX_POINT('',#10308);
#3110=VERTEX_POINT('',#10310);
#3111=VERTEX_POINT('',#10333);
#3112=VERTEX_POINT('',#10334);
#3113=VERTEX_POINT('',#10337);
#3114=VERTEX_POINT('',#10341);
#3115=VERTEX_POINT('',#10343);
#3116=VERTEX_POINT('',#10345);
#3117=VERTEX_POINT('',#10349);
#3118=VERTEX_POINT('',#10353);
#3119=VERTEX_POINT('',#10360);
#3120=VERTEX_POINT('',#10362);
#3121=VERTEX_POINT('',#10364);
#3122=VERTEX_POINT('',#10368);
#3123=VERTEX_POINT('',#10377);
#3124=VERTEX_POINT('',#10379);
#3125=VERTEX_POINT('',#10383);
#3126=VERTEX_POINT('',#10384);
#3127=VERTEX_POINT('',#10386);
#3128=VERTEX_POINT('',#10388);
#3129=VERTEX_POINT('',#10391);
#3130=VERTEX_POINT('',#10392);
#3131=VERTEX_POINT('',#10394);
#3132=VERTEX_POINT('',#10396);
#3133=VERTEX_POINT('',#10400);
#3134=VERTEX_POINT('',#10401);
#3135=VERTEX_POINT('',#10403);
#3136=VERTEX_POINT('',#10405);
#3137=VERTEX_POINT('',#10408);
#3138=VERTEX_POINT('',#10409);
#3139=VERTEX_POINT('',#10411);
#3140=VERTEX_POINT('',#10413);
#3141=VERTEX_POINT('',#10434);
#3142=VERTEX_POINT('',#10436);
#3143=VERTEX_POINT('',#10440);
#3144=VERTEX_POINT('',#10444);
#3145=VERTEX_POINT('',#10446);
#3146=VERTEX_POINT('',#10450);
#3147=VERTEX_POINT('',#10451);
#3148=VERTEX_POINT('',#10453);
#3149=VERTEX_POINT('',#10455);
#3150=VERTEX_POINT('',#10457);
#3151=VERTEX_POINT('',#10459);
#3152=VERTEX_POINT('',#10461);
#3153=VERTEX_POINT('',#10463);
#3154=VERTEX_POINT('',#10465);
#3155=VERTEX_POINT('',#10467);
#3156=VERTEX_POINT('',#10469);
#3157=VERTEX_POINT('',#10471);
#3158=VERTEX_POINT('',#10475);
#3159=VERTEX_POINT('',#10479);
#3160=VERTEX_POINT('',#10483);
#3161=VERTEX_POINT('',#10487);
#3162=VERTEX_POINT('',#10520);
#3163=VERTEX_POINT('',#10522);
#3164=VERTEX_POINT('',#10526);
#3165=VERTEX_POINT('',#10528);
#3166=VERTEX_POINT('',#10532);
#3167=VERTEX_POINT('',#10534);
#3168=VERTEX_POINT('',#10538);
#3169=VERTEX_POINT('',#10540);
#3170=VERTEX_POINT('',#10544);
#3171=VERTEX_POINT('',#10546);
#3172=VERTEX_POINT('',#10550);
#3173=VERTEX_POINT('',#10552);
#3174=VERTEX_POINT('',#10556);
#3175=VERTEX_POINT('',#10557);
#3176=VERTEX_POINT('',#10559);
#3177=VERTEX_POINT('',#10561);
#3178=VERTEX_POINT('',#10565);
#3179=VERTEX_POINT('',#10567);
#3180=VERTEX_POINT('',#10571);
#3181=VERTEX_POINT('',#10573);
#3182=VERTEX_POINT('',#10580);
#3183=VERTEX_POINT('',#10581);
#3184=VERTEX_POINT('',#10583);
#3185=VERTEX_POINT('',#10585);
#3186=VERTEX_POINT('',#10589);
#3187=VERTEX_POINT('',#10591);
#3188=VERTEX_POINT('',#10595);
#3189=VERTEX_POINT('',#10597);
#3190=VERTEX_POINT('',#10604);
#3191=VERTEX_POINT('',#10605);
#3192=VERTEX_POINT('',#10607);
#3193=VERTEX_POINT('',#10609);
#3194=VERTEX_POINT('',#10613);
#3195=VERTEX_POINT('',#10615);
#3196=VERTEX_POINT('',#10619);
#3197=VERTEX_POINT('',#10621);
#3198=VERTEX_POINT('',#10628);
#3199=VERTEX_POINT('',#10630);
#3200=VERTEX_POINT('',#10634);
#3201=VERTEX_POINT('',#10636);
#3202=VERTEX_POINT('',#10640);
#3203=VERTEX_POINT('',#10642);
#3204=VERTEX_POINT('',#10646);
#3205=VERTEX_POINT('',#10648);
#3206=VERTEX_POINT('',#10654);
#3207=VERTEX_POINT('',#10655);
#3208=VERTEX_POINT('',#10657);
#3209=VERTEX_POINT('',#10659);
#3210=VERTEX_POINT('',#10663);
#3211=VERTEX_POINT('',#10664);
#3212=VERTEX_POINT('',#10666);
#3213=VERTEX_POINT('',#10668);
#3214=VERTEX_POINT('',#10672);
#3215=VERTEX_POINT('',#10674);
#3216=VERTEX_POINT('',#10678);
#3217=VERTEX_POINT('',#10680);
#3218=VERTEX_POINT('',#10684);
#3219=VERTEX_POINT('',#10685);
#3220=VERTEX_POINT('',#10687);
#3221=VERTEX_POINT('',#10689);
#3222=VERTEX_POINT('',#10699);
#3223=VERTEX_POINT('',#10700);
#3224=VERTEX_POINT('',#10702);
#3225=VERTEX_POINT('',#10704);
#3226=VERTEX_POINT('',#10708);
#3227=VERTEX_POINT('',#10709);
#3228=VERTEX_POINT('',#10711);
#3229=VERTEX_POINT('',#10713);
#3230=VERTEX_POINT('',#10717);
#3231=VERTEX_POINT('',#10719);
#3232=VERTEX_POINT('',#10723);
#3233=VERTEX_POINT('',#10725);
#3234=VERTEX_POINT('',#10729);
#3235=VERTEX_POINT('',#10730);
#3236=VERTEX_POINT('',#10732);
#3237=VERTEX_POINT('',#10734);
#3238=VERTEX_POINT('',#10744);
#3239=VERTEX_POINT('',#10745);
#3240=VERTEX_POINT('',#10747);
#3241=VERTEX_POINT('',#10749);
#3242=VERTEX_POINT('',#10753);
#3243=VERTEX_POINT('',#10755);
#3244=VERTEX_POINT('',#10759);
#3245=VERTEX_POINT('',#10760);
#3246=VERTEX_POINT('',#10762);
#3247=VERTEX_POINT('',#10764);
#3248=VERTEX_POINT('',#10768);
#3249=VERTEX_POINT('',#10770);
#3250=VERTEX_POINT('',#10774);
#3251=VERTEX_POINT('',#10776);
#3252=VERTEX_POINT('',#10780);
#3253=VERTEX_POINT('',#10782);
#3254=VERTEX_POINT('',#10789);
#3255=VERTEX_POINT('',#10791);
#3256=VERTEX_POINT('',#10795);
#3257=VERTEX_POINT('',#10797);
#3258=VERTEX_POINT('',#10801);
#3259=VERTEX_POINT('',#10802);
#3260=VERTEX_POINT('',#10804);
#3261=VERTEX_POINT('',#10806);
#3262=VERTEX_POINT('',#10810);
#3263=VERTEX_POINT('',#10812);
#3264=VERTEX_POINT('',#10816);
#3265=VERTEX_POINT('',#10818);
#3266=VERTEX_POINT('',#10822);
#3267=VERTEX_POINT('',#10824);
#3268=VERTEX_POINT('',#10828);
#3269=VERTEX_POINT('',#10830);
#3270=VERTEX_POINT('',#10838);
#3271=VERTEX_POINT('',#10839);
#3272=VERTEX_POINT('',#10841);
#3273=VERTEX_POINT('',#10843);
#3274=VERTEX_POINT('',#10847);
#3275=VERTEX_POINT('',#10849);
#3276=VERTEX_POINT('',#10853);
#3277=VERTEX_POINT('',#10855);
#3278=VERTEX_POINT('',#10859);
#3279=VERTEX_POINT('',#10861);
#3280=VERTEX_POINT('',#10865);
#3281=VERTEX_POINT('',#10867);
#3282=VERTEX_POINT('',#10875);
#3283=VERTEX_POINT('',#10876);
#3284=VERTEX_POINT('',#10914);
#3285=VERTEX_POINT('',#10916);
#3286=VERTEX_POINT('',#10954);
#3287=VERTEX_POINT('',#10956);
#3288=VERTEX_POINT('',#10960);
#3289=VERTEX_POINT('',#10963);
#3290=VERTEX_POINT('',#10965);
#3291=VERTEX_POINT('',#10969);
#3292=VERTEX_POINT('',#10972);
#3293=VERTEX_POINT('',#10974);
#3294=VERTEX_POINT('',#10978);
#3295=VERTEX_POINT('',#10981);
#3296=VERTEX_POINT('',#10986);
#3297=VERTEX_POINT('',#10991);
#3298=VERTEX_POINT('',#10996);
#3299=VERTEX_POINT('',#10997);
#3300=VERTEX_POINT('',#10999);
#3301=VERTEX_POINT('',#11001);
#3302=VERTEX_POINT('',#11003);
#3303=VERTEX_POINT('',#11005);
#3304=VERTEX_POINT('',#11010);
#3305=VERTEX_POINT('',#11018);
#3306=VERTEX_POINT('',#11019);
#3307=VERTEX_POINT('',#11024);
#3308=VERTEX_POINT('',#11028);
#3309=VERTEX_POINT('',#11032);
#3310=VERTEX_POINT('',#11036);
#3311=VERTEX_POINT('',#11042);
#3312=VERTEX_POINT('',#11050);
#3313=VERTEX_POINT('',#11052);
#3314=VERTEX_POINT('',#11057);
#3315=VERTEX_POINT('',#11059);
#3316=VERTEX_POINT('',#11064);
#3317=VERTEX_POINT('',#11066);
#3318=VERTEX_POINT('',#11071);
#3319=VERTEX_POINT('',#11073);
#3320=VERTEX_POINT('',#11078);
#3321=VERTEX_POINT('',#11080);
#3322=VERTEX_POINT('',#11085);
#3323=VERTEX_POINT('',#11087);
#3324=VERTEX_POINT('',#11092);
#3325=VERTEX_POINT('',#11094);
#3326=VERTEX_POINT('',#11099);
#3327=VERTEX_POINT('',#11101);
#3328=VERTEX_POINT('',#11106);
#3329=VERTEX_POINT('',#11108);
#3330=VERTEX_POINT('',#11112);
#3331=VERTEX_POINT('',#11114);
#3332=VERTEX_POINT('',#11118);
#3333=VERTEX_POINT('',#11119);
#3334=VERTEX_POINT('',#11121);
#3335=VERTEX_POINT('',#11123);
#3336=VERTEX_POINT('',#11127);
#3337=VERTEX_POINT('',#11129);
#3338=VERTEX_POINT('',#11133);
#3339=VERTEX_POINT('',#11137);
#3340=VERTEX_POINT('',#11139);
#3341=VERTEX_POINT('',#11141);
#3342=VERTEX_POINT('',#11145);
#3343=VERTEX_POINT('',#11147);
#3344=VERTEX_POINT('',#11151);
#3345=VERTEX_POINT('',#11153);
#3346=VERTEX_POINT('',#11157);
#3347=VERTEX_POINT('',#11159);
#3348=VERTEX_POINT('',#11163);
#3349=VERTEX_POINT('',#11165);
#3350=VERTEX_POINT('',#11175);
#3351=VERTEX_POINT('',#11177);
#3352=VERTEX_POINT('',#11181);
#3353=VERTEX_POINT('',#11183);
#3354=VERTEX_POINT('',#11187);
#3355=VERTEX_POINT('',#11188);
#3356=VERTEX_POINT('',#11190);
#3357=VERTEX_POINT('',#11192);
#3358=VERTEX_POINT('',#11195);
#3359=VERTEX_POINT('',#11198);
#3360=VERTEX_POINT('',#11202);
#3361=VERTEX_POINT('',#11203);
#3362=VERTEX_POINT('',#11208);
#3363=VERTEX_POINT('',#11209);
#3364=VERTEX_POINT('',#11211);
#3365=VERTEX_POINT('',#11213);
#3366=VERTEX_POINT('',#11216);
#3367=VERTEX_POINT('',#11219);
#3368=VERTEX_POINT('',#11223);
#3369=VERTEX_POINT('',#11224);
#3370=VERTEX_POINT('',#11230);
#3371=VERTEX_POINT('',#11232);
#3372=VERTEX_POINT('',#11234);
#3373=VERTEX_POINT('',#11236);
#3374=VERTEX_POINT('',#11240);
#3375=VERTEX_POINT('',#11242);
#3376=VERTEX_POINT('',#11244);
#3377=VERTEX_POINT('',#11246);
#3378=VERTEX_POINT('',#11248);
#3379=VERTEX_POINT('',#11252);
#3380=VERTEX_POINT('',#11253);
#3381=VERTEX_POINT('',#11256);
#3382=VERTEX_POINT('',#11258);
#3383=VERTEX_POINT('',#11260);
#3384=VERTEX_POINT('',#11264);
#3385=VERTEX_POINT('',#11268);
#3386=VERTEX_POINT('',#11270);
#3387=VERTEX_POINT('',#11274);
#3388=VERTEX_POINT('',#11281);
#3389=VERTEX_POINT('',#11285);
#3390=VERTEX_POINT('',#11297);
#3391=VERTEX_POINT('',#11298);
#3392=VERTEX_POINT('',#11300);
#3393=VERTEX_POINT('',#11302);
#3394=VERTEX_POINT('',#11304);
#3395=VERTEX_POINT('',#11306);
#3396=VERTEX_POINT('',#11309);
#3397=VERTEX_POINT('',#11311);
#3398=VERTEX_POINT('',#11314);
#3399=VERTEX_POINT('',#11318);
#3400=VERTEX_POINT('',#11322);
#3401=VERTEX_POINT('',#11324);
#3402=VERTEX_POINT('',#11328);
#3403=VERTEX_POINT('',#11332);
#3404=VERTEX_POINT('',#11336);
#3405=VERTEX_POINT('',#11340);
#3406=VERTEX_POINT('',#11349);
#3407=VERTEX_POINT('',#11351);
#3408=VERTEX_POINT('',#11355);
#3409=VERTEX_POINT('',#11357);
#3410=VERTEX_POINT('',#11361);
#3411=VERTEX_POINT('',#11363);
#3412=VERTEX_POINT('',#11367);
#3413=VERTEX_POINT('',#11368);
#3414=VERTEX_POINT('',#11370);
#3415=VERTEX_POINT('',#11372);
#3416=VERTEX_POINT('',#11376);
#3417=VERTEX_POINT('',#11378);
#3418=VERTEX_POINT('',#11382);
#3419=VERTEX_POINT('',#11384);
#3420=VERTEX_POINT('',#11388);
#3421=VERTEX_POINT('',#11392);
#3422=VERTEX_POINT('',#11394);
#3423=VERTEX_POINT('',#11399);
#3424=VERTEX_POINT('',#11400);
#3425=VERTEX_POINT('',#11402);
#3426=VERTEX_POINT('',#11404);
#3427=VERTEX_POINT('',#11408);
#3428=VERTEX_POINT('',#11409);
#3429=VERTEX_POINT('',#11411);
#3430=VERTEX_POINT('',#11413);
#3431=VERTEX_POINT('',#11422);
#3432=VERTEX_POINT('',#11430);
#3433=VERTEX_POINT('',#11432);
#3434=VERTEX_POINT('',#11436);
#3435=VERTEX_POINT('',#11438);
#3436=VERTEX_POINT('',#11442);
#3437=VERTEX_POINT('',#11444);
#3438=VERTEX_POINT('',#11448);
#3439=VERTEX_POINT('',#11449);
#3440=VERTEX_POINT('',#11451);
#3441=VERTEX_POINT('',#11453);
#3442=VERTEX_POINT('',#11457);
#3443=VERTEX_POINT('',#11459);
#3444=VERTEX_POINT('',#11463);
#3445=VERTEX_POINT('',#11465);
#3446=VERTEX_POINT('',#11469);
#3447=VERTEX_POINT('',#11473);
#3448=VERTEX_POINT('',#11475);
#3449=VERTEX_POINT('',#11480);
#3450=VERTEX_POINT('',#11481);
#3451=VERTEX_POINT('',#11483);
#3452=VERTEX_POINT('',#11485);
#3453=VERTEX_POINT('',#11489);
#3454=VERTEX_POINT('',#11490);
#3455=VERTEX_POINT('',#11492);
#3456=VERTEX_POINT('',#11494);
#3457=VERTEX_POINT('',#11503);
#3458=VERTEX_POINT('',#11515);
#3459=VERTEX_POINT('',#11517);
#3460=VERTEX_POINT('',#11520);
#3461=VERTEX_POINT('',#11524);
#3462=VERTEX_POINT('',#11530);
#3463=VERTEX_POINT('',#11531);
#3464=VERTEX_POINT('',#11533);
#3465=VERTEX_POINT('',#11535);
#3466=VERTEX_POINT('',#11539);
#3467=VERTEX_POINT('',#11541);
#3468=VERTEX_POINT('',#11545);
#3469=VERTEX_POINT('',#11547);
#3470=VERTEX_POINT('',#11554);
#3471=VERTEX_POINT('',#11555);
#3472=VERTEX_POINT('',#11557);
#3473=VERTEX_POINT('',#11559);
#3474=VERTEX_POINT('',#11563);
#3475=VERTEX_POINT('',#11564);
#3476=VERTEX_POINT('',#11566);
#3477=VERTEX_POINT('',#11568);
#3478=VERTEX_POINT('',#11572);
#3479=VERTEX_POINT('',#11574);
#3480=VERTEX_POINT('',#11576);
#3481=VERTEX_POINT('',#11579);
#3482=VERTEX_POINT('',#11583);
#3483=VERTEX_POINT('',#11585);
#3484=VERTEX_POINT('',#11591);
#3485=VERTEX_POINT('',#11595);
#3486=VERTEX_POINT('',#11599);
#3487=VERTEX_POINT('',#11601);
#3488=VERTEX_POINT('',#11603);
#3489=VERTEX_POINT('',#11605);
#3490=VERTEX_POINT('',#11610);
#3491=VERTEX_POINT('',#11611);
#3492=VERTEX_POINT('',#11613);
#3493=VERTEX_POINT('',#11615);
#3494=VERTEX_POINT('',#11619);
#3495=VERTEX_POINT('',#11620);
#3496=VERTEX_POINT('',#11623);
#3497=VERTEX_POINT('',#11625);
#3498=VERTEX_POINT('',#11630);
#3499=VERTEX_POINT('',#11634);
#3500=VERTEX_POINT('',#11638);
#3501=VERTEX_POINT('',#11644);
#3502=VERTEX_POINT('',#11651);
#3503=VERTEX_POINT('',#11652);
#3504=VERTEX_POINT('',#11654);
#3505=VERTEX_POINT('',#11656);
#3506=VERTEX_POINT('',#11660);
#3507=VERTEX_POINT('',#11661);
#3508=VERTEX_POINT('',#11663);
#3509=VERTEX_POINT('',#11665);
#3510=VERTEX_POINT('',#11669);
#3511=VERTEX_POINT('',#11670);
#3512=VERTEX_POINT('',#11672);
#3513=VERTEX_POINT('',#11674);
#3514=VERTEX_POINT('',#11678);
#3515=VERTEX_POINT('',#11679);
#3516=VERTEX_POINT('',#11681);
#3517=VERTEX_POINT('',#11683);
#3518=VERTEX_POINT('',#11687);
#3519=VERTEX_POINT('',#11688);
#3520=VERTEX_POINT('',#11693);
#3521=VERTEX_POINT('',#11698);
#3522=VERTEX_POINT('',#11699);
#3523=VERTEX_POINT('',#11705);
#3524=VERTEX_POINT('',#11709);
#3525=VERTEX_POINT('',#11714);
#3526=VERTEX_POINT('',#11720);
#3527=VERTEX_POINT('',#11722);
#3528=VERTEX_POINT('',#11726);
#3529=VERTEX_POINT('',#11728);
#3530=VERTEX_POINT('',#11735);
#3531=VERTEX_POINT('',#11736);
#3532=VERTEX_POINT('',#11738);
#3533=VERTEX_POINT('',#11740);
#3534=VERTEX_POINT('',#11744);
#3535=VERTEX_POINT('',#11745);
#3536=VERTEX_POINT('',#11747);
#3537=VERTEX_POINT('',#11749);
#3538=VERTEX_POINT('',#11756);
#3539=VERTEX_POINT('',#11758);
#3540=VERTEX_POINT('',#11760);
#3541=VERTEX_POINT('',#11763);
#3542=VERTEX_POINT('',#11766);
#3543=VERTEX_POINT('',#11770);
#3544=VERTEX_POINT('',#11774);
#3545=VERTEX_POINT('',#11778);
#3546=VERTEX_POINT('',#11782);
#3547=VERTEX_POINT('',#11787);
#3548=VERTEX_POINT('',#11789);
#3549=VERTEX_POINT('',#11794);
#3550=VERTEX_POINT('',#11795);
#3551=VERTEX_POINT('',#11797);
#3552=VERTEX_POINT('',#11799);
#3553=VERTEX_POINT('',#11802);
#3554=VERTEX_POINT('',#11808);
#3555=VERTEX_POINT('',#11810);
#3556=VERTEX_POINT('',#11822);
#3557=VERTEX_POINT('',#11824);
#3558=VERTEX_POINT('',#11829);
#3559=VERTEX_POINT('',#11831);
#3560=VERTEX_POINT('',#11833);
#3561=VERTEX_POINT('',#11835);
#3562=VERTEX_POINT('',#11837);
#3563=VERTEX_POINT('',#11839);
#3564=VERTEX_POINT('',#11843);
#3565=VERTEX_POINT('',#11845);
#3566=VERTEX_POINT('',#11849);
#3567=VERTEX_POINT('',#11853);
#3568=VERTEX_POINT('',#11877);
#3569=VERTEX_POINT('',#11881);
#3570=VERTEX_POINT('',#11889);
#3571=VERTEX_POINT('',#11890);
#3572=VERTEX_POINT('',#11892);
#3573=VERTEX_POINT('',#11894);
#3574=VERTEX_POINT('',#11896);
#3575=VERTEX_POINT('',#11898);
#3576=VERTEX_POINT('',#11900);
#3577=VERTEX_POINT('',#11902);
#3578=VERTEX_POINT('',#11906);
#3579=VERTEX_POINT('',#11908);
#3580=VERTEX_POINT('',#11912);
#3581=VERTEX_POINT('',#11916);
#3582=VERTEX_POINT('',#11920);
#3583=VERTEX_POINT('',#11924);
#3584=VERTEX_POINT('',#11928);
#3585=VERTEX_POINT('',#11932);
#3586=VERTEX_POINT('',#11939);
#3587=VERTEX_POINT('',#11940);
#3588=VERTEX_POINT('',#11942);
#3589=VERTEX_POINT('',#11944);
#3590=VERTEX_POINT('',#11948);
#3591=VERTEX_POINT('',#11950);
#3592=VERTEX_POINT('',#11954);
#3593=VERTEX_POINT('',#11956);
#3594=VERTEX_POINT('',#11958);
#3595=VERTEX_POINT('',#11961);
#3596=VERTEX_POINT('',#11964);
#3597=VERTEX_POINT('',#11968);
#3598=VERTEX_POINT('',#11972);
#3599=VERTEX_POINT('',#11974);
#3600=VERTEX_POINT('',#11978);
#3601=VERTEX_POINT('',#11980);
#3602=VERTEX_POINT('',#11983);
#3603=VERTEX_POINT('',#11988);
#3604=VERTEX_POINT('',#11989);
#3605=VERTEX_POINT('',#11991);
#3606=VERTEX_POINT('',#11993);
#3607=VERTEX_POINT('',#11995);
#3608=VERTEX_POINT('',#11997);
#3609=VERTEX_POINT('',#11999);
#3610=VERTEX_POINT('',#12001);
#3611=VERTEX_POINT('',#12003);
#3612=VERTEX_POINT('',#12005);
#3613=VERTEX_POINT('',#12007);
#3614=VERTEX_POINT('',#12009);
#3615=VERTEX_POINT('',#12013);
#3616=VERTEX_POINT('',#12015);
#3617=VERTEX_POINT('',#12019);
#3618=VERTEX_POINT('',#12023);
#3619=VERTEX_POINT('',#12027);
#3620=VERTEX_POINT('',#12039);
#3621=VERTEX_POINT('',#12051);
#3622=VERTEX_POINT('',#12053);
#3623=VERTEX_POINT('',#12057);
#3624=VERTEX_POINT('',#12061);
#3625=VERTEX_POINT('',#12067);
#3626=VERTEX_POINT('',#12068);
#3627=VERTEX_POINT('',#12087);
#3628=VERTEX_POINT('',#12092);
#3629=VERTEX_POINT('',#12098);
#3630=VERTEX_POINT('',#12099);
#3631=VERTEX_POINT('',#12101);
#3632=VERTEX_POINT('',#12103);
#3633=VERTEX_POINT('',#12105);
#3634=VERTEX_POINT('',#12107);
#3635=VERTEX_POINT('',#12109);
#3636=VERTEX_POINT('',#12111);
#3637=VERTEX_POINT('',#12115);
#3638=VERTEX_POINT('',#12117);
#3639=VERTEX_POINT('',#12121);
#3640=VERTEX_POINT('',#12125);
#3641=VERTEX_POINT('',#12129);
#3642=VERTEX_POINT('',#12133);
#3643=VERTEX_POINT('',#12137);
#3644=VERTEX_POINT('',#12141);
#3645=VERTEX_POINT('',#12148);
#3646=VERTEX_POINT('',#12149);
#3647=VERTEX_POINT('',#12151);
#3648=VERTEX_POINT('',#12153);
#3649=VERTEX_POINT('',#12157);
#3650=VERTEX_POINT('',#12159);
#3651=VERTEX_POINT('',#12163);
#3652=VERTEX_POINT('',#12165);
#3653=VERTEX_POINT('',#12167);
#3654=VERTEX_POINT('',#12170);
#3655=VERTEX_POINT('',#12173);
#3656=VERTEX_POINT('',#12177);
#3657=VERTEX_POINT('',#12181);
#3658=VERTEX_POINT('',#12183);
#3659=VERTEX_POINT('',#12187);
#3660=VERTEX_POINT('',#12189);
#3661=VERTEX_POINT('',#12192);
#3662=VERTEX_POINT('',#12197);
#3663=VERTEX_POINT('',#12198);
#3664=VERTEX_POINT('',#12200);
#3665=VERTEX_POINT('',#12202);
#3666=VERTEX_POINT('',#12204);
#3667=VERTEX_POINT('',#12206);
#3668=VERTEX_POINT('',#12208);
#3669=VERTEX_POINT('',#12210);
#3670=VERTEX_POINT('',#12212);
#3671=VERTEX_POINT('',#12214);
#3672=VERTEX_POINT('',#12216);
#3673=VERTEX_POINT('',#12218);
#3674=VERTEX_POINT('',#12222);
#3675=VERTEX_POINT('',#12224);
#3676=VERTEX_POINT('',#12228);
#3677=VERTEX_POINT('',#12232);
#3678=VERTEX_POINT('',#12236);
#3679=VERTEX_POINT('',#12248);
#3680=VERTEX_POINT('',#12260);
#3681=VERTEX_POINT('',#12262);
#3682=VERTEX_POINT('',#12266);
#3683=VERTEX_POINT('',#12270);
#3684=VERTEX_POINT('',#12276);
#3685=VERTEX_POINT('',#12277);
#3686=VERTEX_POINT('',#12296);
#3687=VERTEX_POINT('',#12301);
#3688=EDGE_CURVE('',#3053,#3053,#2724,.T.);
#3689=EDGE_CURVE('',#3053,#3054,#1470,.T.);
#3690=EDGE_CURVE('',#3054,#3054,#2725,.T.);
#3691=EDGE_CURVE('',#3055,#3055,#2726,.T.);
#3692=EDGE_CURVE('',#3055,#3056,#1471,.T.);
#3693=EDGE_CURVE('',#3056,#3056,#2727,.T.);
#3694=EDGE_CURVE('',#3057,#3058,#1472,.T.);
#3695=EDGE_CURVE('',#3059,#3058,#1473,.T.);
#3696=EDGE_CURVE('',#3060,#3059,#1474,.T.);
#3697=EDGE_CURVE('',#3060,#3057,#1475,.T.);
#3698=EDGE_CURVE('',#3061,#3062,#1476,.T.);
#3699=EDGE_CURVE('',#3063,#3061,#1477,.T.);
#3700=EDGE_CURVE('',#3064,#3063,#1478,.T.);
#3701=EDGE_CURVE('',#3062,#3064,#1479,.T.);
#3702=EDGE_CURVE('',#3058,#3065,#1480,.T.);
#3703=EDGE_CURVE('',#3066,#3065,#1481,.T.);
#3704=EDGE_CURVE('',#3059,#3066,#1482,.T.);
#3705=EDGE_CURVE('',#3065,#3067,#1483,.T.);
#3706=EDGE_CURVE('',#3068,#3067,#1484,.T.);
#3707=EDGE_CURVE('',#3066,#3068,#1485,.T.);
#3708=EDGE_CURVE('',#3067,#3069,#1486,.T.);
#3709=EDGE_CURVE('',#3070,#3069,#1487,.T.);
#3710=EDGE_CURVE('',#3068,#3070,#1488,.T.);
#3711=EDGE_CURVE('',#3069,#3071,#1489,.T.);
#3712=EDGE_CURVE('',#3072,#3071,#1490,.T.);
#3713=EDGE_CURVE('',#3070,#3072,#1491,.T.);
#3714=EDGE_CURVE('',#3071,#3073,#1492,.T.);
#3715=EDGE_CURVE('',#3074,#3073,#1493,.T.);
#3716=EDGE_CURVE('',#3072,#3074,#1494,.T.);
#3717=EDGE_CURVE('',#3073,#3075,#1495,.T.);
#3718=EDGE_CURVE('',#3076,#3075,#1496,.T.);
#3719=EDGE_CURVE('',#3074,#3076,#1497,.T.);
#3720=EDGE_CURVE('',#3075,#3057,#1498,.T.);
#3721=EDGE_CURVE('',#3076,#3060,#1499,.T.);
#3722=EDGE_CURVE('',#3077,#3062,#1500,.T.);
#3723=EDGE_CURVE('',#3078,#3077,#1501,.T.);
#3724=EDGE_CURVE('',#3078,#3061,#1502,.T.);
#3725=EDGE_CURVE('',#3079,#3064,#1503,.T.);
#3726=EDGE_CURVE('',#3077,#3079,#1504,.T.);
#3727=EDGE_CURVE('',#3080,#3063,#1505,.T.);
#3728=EDGE_CURVE('',#3079,#3080,#1506,.T.);
#3729=EDGE_CURVE('',#3080,#3078,#1507,.T.);
#3730=EDGE_CURVE('',#3081,#3081,#2728,.T.);
#3731=EDGE_CURVE('',#3081,#3082,#1508,.T.);
#3732=EDGE_CURVE('',#3082,#3082,#2729,.T.);
#3733=EDGE_CURVE('',#3083,#3083,#2730,.T.);
#3734=EDGE_CURVE('',#3083,#3084,#1509,.T.);
#3735=EDGE_CURVE('',#3084,#3084,#2731,.T.);
#3736=EDGE_CURVE('',#3085,#3086,#1510,.T.);
#3737=EDGE_CURVE('',#3087,#3086,#1511,.T.);
#3738=EDGE_CURVE('',#3088,#3087,#1512,.T.);
#3739=EDGE_CURVE('',#3088,#3085,#1513,.T.);
#3740=EDGE_CURVE('',#3086,#3089,#1514,.T.);
#3741=EDGE_CURVE('',#3090,#3089,#1515,.T.);
#3742=EDGE_CURVE('',#3087,#3090,#1516,.T.);
#3743=EDGE_CURVE('',#3089,#3091,#1517,.T.);
#3744=EDGE_CURVE('',#3092,#3091,#1518,.T.);
#3745=EDGE_CURVE('',#3090,#3092,#1519,.T.);
#3746=EDGE_CURVE('',#3093,#3094,#1520,.T.);
#3747=EDGE_CURVE('',#3095,#3093,#1521,.T.);
#3748=EDGE_CURVE('',#3096,#3095,#1522,.T.);
#3749=EDGE_CURVE('',#3094,#3096,#1523,.T.);
#3750=EDGE_CURVE('',#3097,#3098,#1524,.T.);
#3751=EDGE_CURVE('',#3099,#3097,#1525,.T.);
#3752=EDGE_CURVE('',#3100,#3099,#1526,.T.);
#3753=EDGE_CURVE('',#3098,#3100,#1527,.T.);
#3754=EDGE_CURVE('',#3091,#3101,#1528,.T.);
#3755=EDGE_CURVE('',#3102,#3101,#1529,.T.);
#3756=EDGE_CURVE('',#3092,#3102,#1530,.T.);
#3757=EDGE_CURVE('',#3101,#3085,#1531,.T.);
#3758=EDGE_CURVE('',#3102,#3088,#1532,.T.);
#3759=EDGE_CURVE('',#3103,#3104,#1533,.T.);
#3760=EDGE_CURVE('',#3105,#3103,#1534,.T.);
#3761=EDGE_CURVE('',#3106,#3105,#1535,.T.);
#3762=EDGE_CURVE('',#3104,#3106,#1536,.T.);
#3763=EDGE_CURVE('',#3107,#3108,#1537,.T.);
#3764=EDGE_CURVE('',#3109,#3107,#1538,.T.);
#3765=EDGE_CURVE('',#3110,#3109,#1539,.T.);
#3766=EDGE_CURVE('',#3108,#3110,#1540,.T.);
#3767=EDGE_CURVE('',#3107,#3099,#1541,.T.);
#3768=EDGE_CURVE('',#3109,#3097,#1542,.T.);
#3769=EDGE_CURVE('',#3108,#3100,#1543,.T.);
#3770=EDGE_CURVE('',#3110,#3098,#1544,.T.);
#3771=EDGE_CURVE('',#3103,#3095,#1545,.T.);
#3772=EDGE_CURVE('',#3105,#3093,#1546,.T.);
#3773=EDGE_CURVE('',#3104,#3096,#1547,.T.);
#3774=EDGE_CURVE('',#3106,#3094,#1548,.T.);
#3775=EDGE_CURVE('',#3111,#3112,#2732,.T.);
#3776=EDGE_CURVE('',#3112,#3111,#2733,.T.);
#3777=EDGE_CURVE('',#3112,#3113,#2734,.T.);
#3778=EDGE_CURVE('',#3113,#3113,#2735,.T.);
#3779=EDGE_CURVE('',#3114,#3114,#2736,.T.);
#3780=EDGE_CURVE('',#3114,#3115,#2737,.T.);
#3781=EDGE_CURVE('',#3116,#3115,#2738,.T.);
#3782=EDGE_CURVE('',#3115,#3116,#2739,.T.);
#3783=EDGE_CURVE('',#3111,#3117,#1549,.T.);
#3784=EDGE_CURVE('',#3117,#3117,#2740,.T.);
#3785=EDGE_CURVE('',#3118,#3118,#2741,.T.);
#3786=EDGE_CURVE('',#3118,#3116,#1550,.T.);
#3787=EDGE_CURVE('',#3119,#3119,#2742,.T.);
#3788=EDGE_CURVE('',#3119,#3120,#2743,.T.);
#3789=EDGE_CURVE('',#3121,#3120,#2744,.T.);
#3790=EDGE_CURVE('',#3120,#3121,#2745,.T.);
#3791=EDGE_CURVE('',#3122,#3122,#2746,.T.);
#3792=EDGE_CURVE('',#3122,#3121,#1551,.T.);
#3793=EDGE_CURVE('',#3123,#3123,#2747,.T.);
#3794=EDGE_CURVE('',#3123,#3124,#1552,.T.);
#3795=EDGE_CURVE('',#3124,#3124,#2748,.T.);
#3796=EDGE_CURVE('',#3125,#3126,#1553,.T.);
#3797=EDGE_CURVE('',#3126,#3127,#1554,.T.);
#3798=EDGE_CURVE('',#3127,#3128,#1555,.T.);
#3799=EDGE_CURVE('',#3128,#3125,#1556,.T.);
#3800=EDGE_CURVE('',#3129,#3130,#1557,.T.);
#3801=EDGE_CURVE('',#3131,#3129,#1558,.T.);
#3802=EDGE_CURVE('',#3132,#3131,#1559,.T.);
#3803=EDGE_CURVE('',#3130,#3132,#1560,.T.);
#3804=EDGE_CURVE('',#3133,#3134,#1561,.T.);
#3805=EDGE_CURVE('',#3135,#3133,#1562,.T.);
#3806=EDGE_CURVE('',#3136,#3135,#1563,.T.);
#3807=EDGE_CURVE('',#3134,#3136,#1564,.T.);
#3808=EDGE_CURVE('',#3137,#3138,#1565,.T.);
#3809=EDGE_CURVE('',#3138,#3139,#1566,.T.);
#3810=EDGE_CURVE('',#3139,#3140,#1567,.T.);
#3811=EDGE_CURVE('',#3140,#3137,#1568,.T.);
#3812=EDGE_CURVE('',#3126,#3134,#1569,.T.);
#3813=EDGE_CURVE('',#3125,#3133,#1570,.T.);
#3814=EDGE_CURVE('',#3127,#3136,#1571,.T.);
#3815=EDGE_CURVE('',#3128,#3135,#1572,.T.);
#3816=EDGE_CURVE('',#3131,#3137,#1573,.T.);
#3817=EDGE_CURVE('',#3129,#3138,#1574,.T.);
#3818=EDGE_CURVE('',#3130,#3139,#1575,.T.);
#3819=EDGE_CURVE('',#3132,#3140,#1576,.T.);
#3820=EDGE_CURVE('',#3141,#3141,#2749,.T.);
#3821=EDGE_CURVE('',#3141,#3142,#2750,.T.);
#3822=EDGE_CURVE('',#3142,#3142,#2751,.T.);
#3823=EDGE_CURVE('',#3142,#3143,#1577,.T.);
#3824=EDGE_CURVE('',#3143,#3143,#2752,.T.);
#3825=EDGE_CURVE('',#3144,#3144,#2753,.T.);
#3826=EDGE_CURVE('',#3144,#3145,#1578,.T.);
#3827=EDGE_CURVE('',#3145,#3145,#2754,.T.);
#3828=EDGE_CURVE('',#3146,#3147,#2755,.T.);
#3829=EDGE_CURVE('',#3148,#3147,#2756,.T.);
#3830=EDGE_CURVE('',#3149,#3148,#2757,.T.);
#3831=EDGE_CURVE('',#3149,#3150,#2758,.T.);
#3832=EDGE_CURVE('',#3151,#3150,#2759,.T.);
#3833=EDGE_CURVE('',#3152,#3151,#2760,.T.);
#3834=EDGE_CURVE('',#3152,#3153,#2761,.T.);
#3835=EDGE_CURVE('',#3154,#3153,#2762,.T.);
#3836=EDGE_CURVE('',#3155,#3154,#2763,.T.);
#3837=EDGE_CURVE('',#3155,#3156,#2764,.T.);
#3838=EDGE_CURVE('',#3157,#3156,#2765,.T.);
#3839=EDGE_CURVE('',#3146,#3157,#2766,.T.);
#3840=EDGE_CURVE('',#3157,#3158,#1579,.T.);
#3841=EDGE_CURVE('',#3146,#3158,#1580,.T.);
#3842=EDGE_CURVE('',#3153,#3159,#1581,.T.);
#3843=EDGE_CURVE('',#3159,#3154,#1582,.T.);
#3844=EDGE_CURVE('',#3147,#3160,#1583,.T.);
#3845=EDGE_CURVE('',#3160,#3148,#1584,.T.);
#3846=EDGE_CURVE('',#3151,#3161,#1585,.T.);
#3847=EDGE_CURVE('',#3152,#3161,#1586,.T.);
#3848=EDGE_CURVE('',#3160,#3158,#1587,.T.);
#3849=EDGE_CURVE('',#3159,#3161,#1588,.T.);
#3850=EDGE_CURVE('',#3159,#3158,#1589,.T.);
#3851=EDGE_CURVE('',#3160,#3161,#1590,.T.);
#3852=EDGE_CURVE('',#3155,#3159,#1591,.T.);
#3853=EDGE_CURVE('',#3156,#3158,#1592,.T.);
#3854=EDGE_CURVE('',#3149,#3160,#1593,.T.);
#3855=EDGE_CURVE('',#3150,#3161,#1594,.T.);
#3856=EDGE_CURVE('',#3162,#3162,#2767,.T.);
#3857=EDGE_CURVE('',#3162,#3163,#1595,.T.);
#3858=EDGE_CURVE('',#3163,#3163,#2768,.T.);
#3859=EDGE_CURVE('',#3164,#3164,#2769,.T.);
#3860=EDGE_CURVE('',#3164,#3165,#1596,.T.);
#3861=EDGE_CURVE('',#3165,#3165,#2770,.T.);
#3862=EDGE_CURVE('',#3166,#3166,#2771,.T.);
#3863=EDGE_CURVE('',#3166,#3167,#1597,.T.);
#3864=EDGE_CURVE('',#3167,#3167,#2772,.T.);
#3865=EDGE_CURVE('',#3168,#3168,#2773,.T.);
#3866=EDGE_CURVE('',#3168,#3169,#1598,.T.);
#3867=EDGE_CURVE('',#3169,#3169,#2774,.T.);
#3868=EDGE_CURVE('',#3170,#3170,#2775,.T.);
#3869=EDGE_CURVE('',#3170,#3171,#1599,.T.);
#3870=EDGE_CURVE('',#3171,#3171,#2776,.T.);
#3871=EDGE_CURVE('',#3172,#3172,#2777,.T.);
#3872=EDGE_CURVE('',#3172,#3173,#1600,.T.);
#3873=EDGE_CURVE('',#3173,#3173,#2778,.T.);
#3874=EDGE_CURVE('',#3174,#3175,#1601,.T.);
#3875=EDGE_CURVE('',#3176,#3174,#1602,.T.);
#3876=EDGE_CURVE('',#3177,#3176,#1603,.T.);
#3877=EDGE_CURVE('',#3177,#3175,#1604,.T.);
#3878=EDGE_CURVE('',#3175,#3178,#1605,.T.);
#3879=EDGE_CURVE('',#3179,#3177,#1606,.T.);
#3880=EDGE_CURVE('',#3179,#3178,#1607,.T.);
#3881=EDGE_CURVE('',#3178,#3180,#1608,.T.);
#3882=EDGE_CURVE('',#3181,#3179,#1609,.T.);
#3883=EDGE_CURVE('',#3181,#3180,#1610,.T.);
#3884=EDGE_CURVE('',#3180,#3174,#1611,.T.);
#3885=EDGE_CURVE('',#3176,#3181,#1612,.T.);
#3886=EDGE_CURVE('',#3182,#3183,#1613,.T.);
#3887=EDGE_CURVE('',#3184,#3182,#1614,.T.);
#3888=EDGE_CURVE('',#3185,#3184,#1615,.T.);
#3889=EDGE_CURVE('',#3185,#3183,#1616,.T.);
#3890=EDGE_CURVE('',#3183,#3186,#1617,.T.);
#3891=EDGE_CURVE('',#3187,#3185,#1618,.T.);
#3892=EDGE_CURVE('',#3187,#3186,#1619,.T.);
#3893=EDGE_CURVE('',#3186,#3188,#1620,.T.);
#3894=EDGE_CURVE('',#3189,#3187,#1621,.T.);
#3895=EDGE_CURVE('',#3189,#3188,#1622,.T.);
#3896=EDGE_CURVE('',#3188,#3182,#1623,.T.);
#3897=EDGE_CURVE('',#3184,#3189,#1624,.T.);
#3898=EDGE_CURVE('',#3190,#3191,#1625,.T.);
#3899=EDGE_CURVE('',#3192,#3190,#1626,.T.);
#3900=EDGE_CURVE('',#3193,#3192,#1627,.T.);
#3901=EDGE_CURVE('',#3193,#3191,#1628,.T.);
#3902=EDGE_CURVE('',#3191,#3194,#1629,.T.);
#3903=EDGE_CURVE('',#3195,#3193,#1630,.T.);
#3904=EDGE_CURVE('',#3195,#3194,#1631,.T.);
#3905=EDGE_CURVE('',#3194,#3196,#1632,.T.);
#3906=EDGE_CURVE('',#3197,#3195,#1633,.T.);
#3907=EDGE_CURVE('',#3197,#3196,#1634,.T.);
#3908=EDGE_CURVE('',#3196,#3190,#1635,.T.);
#3909=EDGE_CURVE('',#3192,#3197,#1636,.T.);
#3910=EDGE_CURVE('',#3198,#3198,#2779,.T.);
#3911=EDGE_CURVE('',#3198,#3199,#1637,.T.);
#3912=EDGE_CURVE('',#3199,#3199,#2780,.T.);
#3913=EDGE_CURVE('',#3200,#3200,#2781,.T.);
#3914=EDGE_CURVE('',#3200,#3201,#1638,.T.);
#3915=EDGE_CURVE('',#3201,#3201,#2782,.T.);
#3916=EDGE_CURVE('',#3202,#3202,#2783,.T.);
#3917=EDGE_CURVE('',#3202,#3203,#1639,.T.);
#3918=EDGE_CURVE('',#3203,#3203,#2784,.T.);
#3919=EDGE_CURVE('',#3204,#3204,#2785,.T.);
#3920=EDGE_CURVE('',#3204,#3205,#1640,.T.);
#3921=EDGE_CURVE('',#3205,#3205,#2786,.T.);
#3922=EDGE_CURVE('',#3206,#3207,#1641,.T.);
#3923=EDGE_CURVE('',#3206,#3208,#1642,.T.);
#3924=EDGE_CURVE('',#3209,#3208,#1643,.T.);
#3925=EDGE_CURVE('',#3207,#3209,#1644,.T.);
#3926=EDGE_CURVE('',#3210,#3211,#1645,.T.);
#3927=EDGE_CURVE('',#3212,#3211,#1646,.T.);
#3928=EDGE_CURVE('',#3213,#3212,#1647,.T.);
#3929=EDGE_CURVE('',#3210,#3213,#1648,.T.);
#3930=EDGE_CURVE('',#3214,#3210,#2787,.T.);
#3931=EDGE_CURVE('',#3215,#3213,#2788,.T.);
#3932=EDGE_CURVE('',#3214,#3215,#1649,.T.);
#3933=EDGE_CURVE('',#3216,#3214,#1650,.T.);
#3934=EDGE_CURVE('',#3217,#3215,#1651,.T.);
#3935=EDGE_CURVE('',#3216,#3217,#1652,.T.);
#3936=EDGE_CURVE('',#3218,#3219,#1653,.T.);
#3937=EDGE_CURVE('',#3220,#3218,#1654,.T.);
#3938=EDGE_CURVE('',#3221,#3220,#1655,.T.);
#3939=EDGE_CURVE('',#3219,#3221,#1656,.T.);
#3940=EDGE_CURVE('',#3219,#3206,#2789,.T.);
#3941=EDGE_CURVE('',#3208,#3221,#2790,.T.);
#3942=EDGE_CURVE('',#3217,#3220,#2791,.T.);
#3943=EDGE_CURVE('',#3209,#3212,#2792,.T.);
#3944=EDGE_CURVE('',#3222,#3223,#1657,.T.);
#3945=EDGE_CURVE('',#3222,#3224,#1658,.T.);
#3946=EDGE_CURVE('',#3225,#3224,#1659,.T.);
#3947=EDGE_CURVE('',#3223,#3225,#1660,.T.);
#3948=EDGE_CURVE('',#3226,#3227,#1661,.T.);
#3949=EDGE_CURVE('',#3228,#3227,#1662,.T.);
#3950=EDGE_CURVE('',#3229,#3228,#1663,.T.);
#3951=EDGE_CURVE('',#3226,#3229,#1664,.T.);
#3952=EDGE_CURVE('',#3230,#3226,#2793,.T.);
#3953=EDGE_CURVE('',#3231,#3229,#2794,.T.);
#3954=EDGE_CURVE('',#3230,#3231,#1665,.T.);
#3955=EDGE_CURVE('',#3232,#3230,#1666,.T.);
#3956=EDGE_CURVE('',#3233,#3231,#1667,.T.);
#3957=EDGE_CURVE('',#3232,#3233,#1668,.T.);
#3958=EDGE_CURVE('',#3234,#3235,#1669,.T.);
#3959=EDGE_CURVE('',#3236,#3234,#1670,.T.);
#3960=EDGE_CURVE('',#3237,#3236,#1671,.T.);
#3961=EDGE_CURVE('',#3235,#3237,#1672,.T.);
#3962=EDGE_CURVE('',#3235,#3222,#2795,.T.);
#3963=EDGE_CURVE('',#3224,#3237,#2796,.T.);
#3964=EDGE_CURVE('',#3233,#3236,#2797,.T.);
#3965=EDGE_CURVE('',#3225,#3228,#2798,.T.);
#3966=EDGE_CURVE('',#3238,#3239,#2799,.T.);
#3967=EDGE_CURVE('',#3238,#3240,#1673,.T.);
#3968=EDGE_CURVE('',#3241,#3240,#2800,.T.);
#3969=EDGE_CURVE('',#3239,#3241,#1674,.T.);
#3970=EDGE_CURVE('',#3239,#3242,#1675,.T.);
#3971=EDGE_CURVE('',#3243,#3241,#1676,.T.);
#3972=EDGE_CURVE('',#3242,#3243,#1677,.T.);
#3973=EDGE_CURVE('',#3244,#3245,#1678,.T.);
#3974=EDGE_CURVE('',#3246,#3245,#1679,.T.);
#3975=EDGE_CURVE('',#3247,#3246,#1680,.T.);
#3976=EDGE_CURVE('',#3244,#3247,#1681,.T.);
#3977=EDGE_CURVE('',#3248,#3244,#2801,.T.);
#3978=EDGE_CURVE('',#3249,#3247,#2802,.T.);
#3979=EDGE_CURVE('',#3248,#3249,#1682,.T.);
#3980=EDGE_CURVE('',#3250,#3248,#1683,.T.);
#3981=EDGE_CURVE('',#3251,#3249,#1684,.T.);
#3982=EDGE_CURVE('',#3250,#3251,#1685,.T.);
#3983=EDGE_CURVE('',#3252,#3238,#1686,.T.);
#3984=EDGE_CURVE('',#3253,#3252,#1687,.T.);
#3985=EDGE_CURVE('',#3240,#3253,#1688,.T.);
#3986=EDGE_CURVE('',#3251,#3253,#2803,.T.);
#3987=EDGE_CURVE('',#3243,#3246,#2804,.T.);
#3988=EDGE_CURVE('',#3254,#3254,#2805,.T.);
#3989=EDGE_CURVE('',#3254,#3255,#1689,.T.);
#3990=EDGE_CURVE('',#3255,#3255,#2806,.T.);
#3991=EDGE_CURVE('',#3256,#3256,#2807,.T.);
#3992=EDGE_CURVE('',#3256,#3257,#1690,.T.);
#3993=EDGE_CURVE('',#3257,#3257,#2808,.T.);
#3994=EDGE_CURVE('',#3258,#3259,#1691,.T.);
#3995=EDGE_CURVE('',#3260,#3259,#1692,.T.);
#3996=EDGE_CURVE('',#3261,#3260,#1693,.T.);
#3997=EDGE_CURVE('',#3261,#3258,#1694,.T.);
#3998=EDGE_CURVE('',#3259,#3262,#1695,.T.);
#3999=EDGE_CURVE('',#3263,#3262,#1696,.T.);
#4000=EDGE_CURVE('',#3260,#3263,#1697,.T.);
#4001=EDGE_CURVE('',#3262,#3264,#1698,.T.);
#4002=EDGE_CURVE('',#3265,#3264,#1699,.T.);
#4003=EDGE_CURVE('',#3263,#3265,#1700,.T.);
#4004=EDGE_CURVE('',#3264,#3266,#1701,.T.);
#4005=EDGE_CURVE('',#3267,#3266,#1702,.T.);
#4006=EDGE_CURVE('',#3265,#3267,#1703,.T.);
#4007=EDGE_CURVE('',#3266,#3268,#1704,.T.);
#4008=EDGE_CURVE('',#3269,#3268,#1705,.T.);
#4009=EDGE_CURVE('',#3267,#3269,#1706,.T.);
#4010=EDGE_CURVE('',#3268,#3258,#1707,.T.);
#4011=EDGE_CURVE('',#3269,#3261,#1708,.T.);
#4012=EDGE_CURVE('',#3270,#3271,#1709,.T.);
#4013=EDGE_CURVE('',#3272,#3271,#1710,.T.);
#4014=EDGE_CURVE('',#3273,#3272,#1711,.T.);
#4015=EDGE_CURVE('',#3273,#3270,#1712,.T.);
#4016=EDGE_CURVE('',#3271,#3274,#1713,.T.);
#4017=EDGE_CURVE('',#3275,#3274,#1714,.T.);
#4018=EDGE_CURVE('',#3272,#3275,#1715,.T.);
#4019=EDGE_CURVE('',#3274,#3276,#1716,.T.);
#4020=EDGE_CURVE('',#3277,#3276,#1717,.T.);
#4021=EDGE_CURVE('',#3275,#3277,#1718,.T.);
#4022=EDGE_CURVE('',#3276,#3278,#1719,.T.);
#4023=EDGE_CURVE('',#3279,#3278,#1720,.T.);
#4024=EDGE_CURVE('',#3277,#3279,#1721,.T.);
#4025=EDGE_CURVE('',#3278,#3280,#1722,.T.);
#4026=EDGE_CURVE('',#3281,#3280,#1723,.T.);
#4027=EDGE_CURVE('',#3279,#3281,#1724,.T.);
#4028=EDGE_CURVE('',#3280,#3270,#1725,.T.);
#4029=EDGE_CURVE('',#3281,#3273,#1726,.T.);
#4030=EDGE_CURVE('',#3282,#3283,#20,.T.);
#4031=EDGE_CURVE('',#3283,#3282,#21,.T.);
#4032=EDGE_CURVE('',#3283,#3284,#1727,.T.);
#4033=EDGE_CURVE('',#3285,#3284,#22,.T.);
#4034=EDGE_CURVE('',#3284,#3285,#23,.T.);
#4035=EDGE_CURVE('',#3286,#3286,#2809,.T.);
#4036=EDGE_CURVE('',#3286,#3287,#1728,.T.);
#4037=EDGE_CURVE('',#3287,#3287,#2810,.T.);
#4038=EDGE_CURVE('',#3288,#3288,#2811,.T.);
#4039=EDGE_CURVE('',#3289,#3289,#2812,.T.);
#4040=EDGE_CURVE('',#3289,#3290,#1729,.T.);
#4041=EDGE_CURVE('',#3290,#3290,#2813,.T.);
#4042=EDGE_CURVE('',#3291,#3291,#2814,.T.);
#4043=EDGE_CURVE('',#3292,#3292,#2815,.T.);
#4044=EDGE_CURVE('',#3292,#3293,#1730,.T.);
#4045=EDGE_CURVE('',#3293,#3293,#2816,.T.);
#4046=EDGE_CURVE('',#3294,#3294,#2817,.T.);
#4047=EDGE_CURVE('',#3295,#3295,#2818,.T.);
#4048=EDGE_CURVE('',#3295,#3294,#1731,.T.);
#4049=EDGE_CURVE('',#3296,#3296,#2819,.T.);
#4050=EDGE_CURVE('',#3296,#3288,#1732,.T.);
#4051=EDGE_CURVE('',#3297,#3297,#2820,.T.);
#4052=EDGE_CURVE('',#3297,#3291,#1733,.T.);
#4053=EDGE_CURVE('',#3298,#3299,#2821,.T.);
#4054=EDGE_CURVE('',#3299,#3300,#2822,.T.);
#4055=EDGE_CURVE('',#3300,#3301,#2823,.T.);
#4056=EDGE_CURVE('',#3301,#3302,#2824,.T.);
#4057=EDGE_CURVE('',#3302,#3303,#2825,.T.);
#4058=EDGE_CURVE('',#3303,#3298,#2826,.T.);
#4059=EDGE_CURVE('',#3207,#3252,#2827,.T.);
#4060=EDGE_CURVE('',#3242,#3304,#2828,.T.);
#4061=EDGE_CURVE('',#3304,#3234,#2829,.T.);
#4062=EDGE_CURVE('',#3223,#3218,#2830,.T.);
#4063=EDGE_CURVE('',#3216,#3211,#2831,.T.);
#4064=EDGE_CURVE('',#3232,#3227,#2832,.T.);
#4065=EDGE_CURVE('',#3250,#3245,#2833,.T.);
#4066=EDGE_CURVE('',#3305,#3306,#2834,.T.);
#4067=EDGE_CURVE('',#3306,#3299,#1734,.T.);
#4068=EDGE_CURVE('',#3305,#3298,#1735,.T.);
#4069=EDGE_CURVE('',#3307,#3305,#2835,.T.);
#4070=EDGE_CURVE('',#3307,#3303,#1736,.T.);
#4071=EDGE_CURVE('',#3308,#3307,#2836,.T.);
#4072=EDGE_CURVE('',#3308,#3302,#1737,.T.);
#4073=EDGE_CURVE('',#3309,#3308,#2837,.T.);
#4074=EDGE_CURVE('',#3309,#3301,#1738,.T.);
#4075=EDGE_CURVE('',#3310,#3309,#2838,.T.);
#4076=EDGE_CURVE('',#3310,#3300,#1739,.T.);
#4077=EDGE_CURVE('',#3306,#3310,#2839,.T.);
#4078=EDGE_CURVE('',#3304,#3311,#1740,.T.);
#4079=EDGE_CURVE('',#3311,#3311,#2840,.T.);
#4080=EDGE_CURVE('',#3312,#3312,#2841,.T.);
#4081=EDGE_CURVE('',#3312,#3313,#1741,.T.);
#4082=EDGE_CURVE('',#3313,#3313,#2842,.T.);
#4083=EDGE_CURVE('',#3314,#3314,#2843,.T.);
#4084=EDGE_CURVE('',#3314,#3315,#1742,.T.);
#4085=EDGE_CURVE('',#3315,#3315,#2844,.T.);
#4086=EDGE_CURVE('',#3316,#3316,#2845,.T.);
#4087=EDGE_CURVE('',#3316,#3317,#1743,.T.);
#4088=EDGE_CURVE('',#3317,#3317,#2846,.T.);
#4089=EDGE_CURVE('',#3318,#3318,#2847,.T.);
#4090=EDGE_CURVE('',#3318,#3319,#1744,.T.);
#4091=EDGE_CURVE('',#3319,#3319,#2848,.T.);
#4092=EDGE_CURVE('',#3320,#3320,#2849,.T.);
#4093=EDGE_CURVE('',#3320,#3321,#1745,.T.);
#4094=EDGE_CURVE('',#3321,#3321,#2850,.T.);
#4095=EDGE_CURVE('',#3322,#3322,#2851,.T.);
#4096=EDGE_CURVE('',#3322,#3323,#1746,.T.);
#4097=EDGE_CURVE('',#3323,#3323,#2852,.T.);
#4098=EDGE_CURVE('',#3324,#3324,#2853,.T.);
#4099=EDGE_CURVE('',#3324,#3325,#1747,.T.);
#4100=EDGE_CURVE('',#3325,#3325,#2854,.T.);
#4101=EDGE_CURVE('',#3326,#3326,#2855,.T.);
#4102=EDGE_CURVE('',#3326,#3327,#1748,.T.);
#4103=EDGE_CURVE('',#3327,#3327,#2856,.T.);
#4104=EDGE_CURVE('',#3328,#3328,#2857,.T.);
#4105=EDGE_CURVE('',#3328,#3329,#1749,.T.);
#4106=EDGE_CURVE('',#3329,#3329,#2858,.T.);
#4107=EDGE_CURVE('',#3330,#3330,#2859,.T.);
#4108=EDGE_CURVE('',#3330,#3331,#1750,.T.);
#4109=EDGE_CURVE('',#3331,#3331,#2860,.T.);
#4110=EDGE_CURVE('',#3332,#3333,#1751,.T.);
#4111=EDGE_CURVE('',#3332,#3334,#1752,.T.);
#4112=EDGE_CURVE('',#3335,#3334,#1753,.T.);
#4113=EDGE_CURVE('',#3333,#3335,#1754,.T.);
#4114=EDGE_CURVE('',#3336,#3332,#1755,.T.);
#4115=EDGE_CURVE('',#3336,#3337,#1756,.T.);
#4116=EDGE_CURVE('',#3334,#3337,#1757,.T.);
#4117=EDGE_CURVE('',#3337,#3338,#1758,.T.);
#4118=EDGE_CURVE('',#3335,#3338,#1759,.T.);
#4119=EDGE_CURVE('',#3338,#3339,#1760,.T.);
#4120=EDGE_CURVE('',#3340,#3339,#1761,.T.);
#4121=EDGE_CURVE('',#3341,#3340,#1762,.T.);
#4122=EDGE_CURVE('',#3341,#3333,#1763,.T.);
#4123=EDGE_CURVE('',#3341,#3342,#1764,.T.);
#4124=EDGE_CURVE('',#3343,#3340,#1765,.T.);
#4125=EDGE_CURVE('',#3342,#3343,#1766,.T.);
#4126=EDGE_CURVE('',#3342,#3344,#1767,.T.);
#4127=EDGE_CURVE('',#3345,#3343,#1768,.T.);
#4128=EDGE_CURVE('',#3344,#3345,#1769,.T.);
#4129=EDGE_CURVE('',#3346,#3344,#1770,.T.);
#4130=EDGE_CURVE('',#3347,#3345,#1771,.T.);
#4131=EDGE_CURVE('',#3346,#3347,#1772,.T.);
#4132=EDGE_CURVE('',#3348,#3346,#1773,.T.);
#4133=EDGE_CURVE('',#3349,#3347,#1774,.T.);
#4134=EDGE_CURVE('',#3348,#3349,#1775,.T.);
#4135=EDGE_CURVE('',#3348,#3336,#1776,.T.);
#4136=EDGE_CURVE('',#3339,#3349,#1777,.T.);
#4137=EDGE_CURVE('',#3350,#3350,#2861,.T.);
#4138=EDGE_CURVE('',#3350,#3351,#1778,.T.);
#4139=EDGE_CURVE('',#3351,#3351,#2862,.T.);
#4140=EDGE_CURVE('',#3352,#3352,#2863,.T.);
#4141=EDGE_CURVE('',#3352,#3353,#1779,.T.);
#4142=EDGE_CURVE('',#3353,#3353,#2864,.T.);
#4143=EDGE_CURVE('',#3354,#3355,#1780,.T.);
#4144=EDGE_CURVE('',#3354,#3356,#1781,.T.);
#4145=EDGE_CURVE('',#3356,#3357,#2865,.T.);
#4146=EDGE_CURVE('',#3357,#3355,#1782,.T.);
#4147=EDGE_CURVE('',#3358,#3358,#2866,.T.);
#4148=EDGE_CURVE('',#3358,#3359,#1783,.T.);
#4149=EDGE_CURVE('',#3359,#3359,#2867,.T.);
#4150=EDGE_CURVE('',#3360,#3361,#2868,.T.);
#4151=EDGE_CURVE('',#3361,#3357,#1784,.T.);
#4152=EDGE_CURVE('',#3360,#3356,#1785,.T.);
#4153=EDGE_CURVE('',#3362,#3363,#1786,.T.);
#4154=EDGE_CURVE('',#3362,#3364,#1787,.T.);
#4155=EDGE_CURVE('',#3364,#3365,#2869,.T.);
#4156=EDGE_CURVE('',#3365,#3363,#1788,.T.);
#4157=EDGE_CURVE('',#3366,#3366,#2870,.T.);
#4158=EDGE_CURVE('',#3366,#3367,#1789,.T.);
#4159=EDGE_CURVE('',#3367,#3367,#2871,.T.);
#4160=EDGE_CURVE('',#3368,#3369,#2872,.T.);
#4161=EDGE_CURVE('',#3369,#3365,#1790,.T.);
#4162=EDGE_CURVE('',#3368,#3364,#1791,.T.);
#4163=EDGE_CURVE('',#3354,#3363,#2873,.T.);
#4164=EDGE_CURVE('',#3369,#3370,#1792,.T.);
#4165=EDGE_CURVE('',#3371,#3370,#1793,.T.);
#4166=EDGE_CURVE('',#3372,#3371,#2874,.T.);
#4167=EDGE_CURVE('',#3373,#3372,#1794,.T.);
#4168=EDGE_CURVE('',#3373,#3360,#1795,.T.);
#4169=EDGE_CURVE('',#3361,#3374,#1796,.T.);
#4170=EDGE_CURVE('',#3375,#3373,#1797,.T.);
#4171=EDGE_CURVE('',#3376,#3375,#1798,.T.);
#4172=EDGE_CURVE('',#3377,#3376,#1799,.T.);
#4173=EDGE_CURVE('',#3378,#3377,#1800,.T.);
#4174=EDGE_CURVE('',#3374,#3378,#1801,.T.);
#4175=EDGE_CURVE('',#3379,#3380,#1802,.T.);
#4176=EDGE_CURVE('',#3370,#3379,#1803,.T.);
#4177=EDGE_CURVE('',#3381,#3368,#1804,.T.);
#4178=EDGE_CURVE('',#3382,#3381,#1805,.T.);
#4179=EDGE_CURVE('',#3383,#3382,#1806,.T.);
#4180=EDGE_CURVE('',#3380,#3383,#1807,.T.);
#4181=EDGE_CURVE('',#3372,#3384,#1808,.T.);
#4182=EDGE_CURVE('',#3384,#3375,#1809,.T.);
#4183=EDGE_CURVE('',#3378,#3385,#1810,.T.);
#4184=EDGE_CURVE('',#3385,#3386,#1811,.T.);
#4185=EDGE_CURVE('',#3386,#3374,#1812,.T.);
#4186=EDGE_CURVE('',#3384,#3387,#2875,.T.);
#4187=EDGE_CURVE('',#3379,#3387,#1813,.T.);
#4188=EDGE_CURVE('',#3376,#3380,#2876,.T.);
#4189=EDGE_CURVE('',#3377,#3383,#2877,.T.);
#4190=EDGE_CURVE('',#3388,#3382,#1814,.T.);
#4191=EDGE_CURVE('',#3385,#3388,#2878,.T.);
#4192=EDGE_CURVE('',#3381,#3389,#1815,.T.);
#4193=EDGE_CURVE('',#3389,#3388,#1816,.T.);
#4194=EDGE_CURVE('',#3387,#3371,#1817,.T.);
#4195=EDGE_CURVE('',#3386,#3389,#2879,.T.);
#4196=EDGE_CURVE('',#3355,#3362,#2880,.T.);
#4197=EDGE_CURVE('',#3390,#3391,#2881,.T.);
#4198=EDGE_CURVE('',#3391,#3392,#1818,.T.);
#4199=EDGE_CURVE('',#3392,#3393,#1819,.T.);
#4200=EDGE_CURVE('',#3393,#3394,#2882,.T.);
#4201=EDGE_CURVE('',#3394,#3395,#1820,.T.);
#4202=EDGE_CURVE('',#3395,#3390,#1821,.T.);
#4203=EDGE_CURVE('',#3396,#3396,#2883,.T.);
#4204=EDGE_CURVE('',#3397,#3397,#2884,.T.);
#4205=EDGE_CURVE('',#3398,#3398,#2885,.T.);
#4206=EDGE_CURVE('',#3398,#3397,#1822,.T.);
#4207=EDGE_CURVE('',#3399,#3399,#2886,.T.);
#4208=EDGE_CURVE('',#3399,#3396,#1823,.T.);
#4209=EDGE_CURVE('',#3400,#3391,#1824,.T.);
#4210=EDGE_CURVE('',#3401,#3400,#1825,.T.);
#4211=EDGE_CURVE('',#3392,#3401,#1826,.T.);
#4212=EDGE_CURVE('',#3402,#3401,#1827,.T.);
#4213=EDGE_CURVE('',#3393,#3402,#1828,.T.);
#4214=EDGE_CURVE('',#3403,#3402,#2887,.T.);
#4215=EDGE_CURVE('',#3394,#3403,#1829,.T.);
#4216=EDGE_CURVE('',#3404,#3403,#1830,.T.);
#4217=EDGE_CURVE('',#3395,#3404,#1831,.T.);
#4218=EDGE_CURVE('',#3405,#3404,#1832,.T.);
#4219=EDGE_CURVE('',#3390,#3405,#1833,.T.);
#4220=EDGE_CURVE('',#3400,#3405,#2888,.T.);
#4221=EDGE_CURVE('',#3406,#3406,#2889,.T.);
#4222=EDGE_CURVE('',#3406,#3407,#1834,.T.);
#4223=EDGE_CURVE('',#3407,#3407,#2890,.T.);
#4224=EDGE_CURVE('',#3408,#3408,#2891,.T.);
#4225=EDGE_CURVE('',#3408,#3409,#1835,.T.);
#4226=EDGE_CURVE('',#3409,#3409,#2892,.T.);
#4227=EDGE_CURVE('',#3410,#3410,#2893,.T.);
#4228=EDGE_CURVE('',#3410,#3411,#1836,.T.);
#4229=EDGE_CURVE('',#3411,#3411,#2894,.T.);
#4230=EDGE_CURVE('',#3412,#3413,#1837,.T.);
#4231=EDGE_CURVE('',#3414,#3412,#1838,.T.);
#4232=EDGE_CURVE('',#3415,#3414,#1839,.T.);
#4233=EDGE_CURVE('',#3415,#3413,#1840,.T.);
#4234=EDGE_CURVE('',#3416,#3412,#2895,.T.);
#4235=EDGE_CURVE('',#3417,#3416,#1841,.T.);
#4236=EDGE_CURVE('',#3414,#3417,#2896,.T.);
#4237=EDGE_CURVE('',#3418,#3416,#1842,.T.);
#4238=EDGE_CURVE('',#3419,#3418,#1843,.T.);
#4239=EDGE_CURVE('',#3417,#3419,#1844,.T.);
#4240=EDGE_CURVE('',#3413,#3420,#2897,.T.);
#4241=EDGE_CURVE('',#3420,#3418,#2898,.T.);
#4242=EDGE_CURVE('',#3421,#3421,#2899,.T.);
#4243=EDGE_CURVE('',#3421,#3422,#1845,.T.);
#4244=EDGE_CURVE('',#3422,#3422,#2900,.T.);
#4245=EDGE_CURVE('',#3423,#3424,#1846,.T.);
#4246=EDGE_CURVE('',#3424,#3425,#1847,.T.);
#4247=EDGE_CURVE('',#3426,#3425,#1848,.T.);
#4248=EDGE_CURVE('',#3423,#3426,#1849,.T.);
#4249=EDGE_CURVE('',#3427,#3428,#1850,.T.);
#4250=EDGE_CURVE('',#3428,#3429,#1851,.T.);
#4251=EDGE_CURVE('',#3430,#3429,#1852,.T.);
#4252=EDGE_CURVE('',#3427,#3430,#1853,.T.);
#4253=EDGE_CURVE('',#3424,#3427,#2901,.T.);
#4254=EDGE_CURVE('',#3425,#3430,#2902,.T.);
#4255=EDGE_CURVE('',#3429,#3426,#2903,.T.);
#4256=EDGE_CURVE('',#3428,#3431,#2904,.T.);
#4257=EDGE_CURVE('',#3431,#3423,#2905,.T.);
#4258=EDGE_CURVE('',#3431,#3420,#1854,.T.);
#4259=EDGE_CURVE('',#3415,#3419,#2906,.T.);
#4260=EDGE_CURVE('',#3432,#3432,#2907,.T.);
#4261=EDGE_CURVE('',#3432,#3433,#1855,.T.);
#4262=EDGE_CURVE('',#3433,#3433,#2908,.T.);
#4263=EDGE_CURVE('',#3434,#3434,#2909,.T.);
#4264=EDGE_CURVE('',#3434,#3435,#1856,.T.);
#4265=EDGE_CURVE('',#3435,#3435,#2910,.T.);
#4266=EDGE_CURVE('',#3436,#3436,#2911,.T.);
#4267=EDGE_CURVE('',#3436,#3437,#1857,.T.);
#4268=EDGE_CURVE('',#3437,#3437,#2912,.T.);
#4269=EDGE_CURVE('',#3438,#3439,#1858,.T.);
#4270=EDGE_CURVE('',#3440,#3439,#1859,.T.);
#4271=EDGE_CURVE('',#3440,#3441,#1860,.T.);
#4272=EDGE_CURVE('',#3441,#3438,#1861,.T.);
#4273=EDGE_CURVE('',#3442,#3438,#2913,.T.);
#4274=EDGE_CURVE('',#3441,#3443,#2914,.T.);
#4275=EDGE_CURVE('',#3443,#3442,#1862,.T.);
#4276=EDGE_CURVE('',#3444,#3442,#1863,.T.);
#4277=EDGE_CURVE('',#3443,#3445,#1864,.T.);
#4278=EDGE_CURVE('',#3445,#3444,#1865,.T.);
#4279=EDGE_CURVE('',#3446,#3444,#2915,.T.);
#4280=EDGE_CURVE('',#3439,#3446,#2916,.T.);
#4281=EDGE_CURVE('',#3447,#3447,#2917,.T.);
#4282=EDGE_CURVE('',#3447,#3448,#1866,.T.);
#4283=EDGE_CURVE('',#3448,#3448,#2918,.T.);
#4284=EDGE_CURVE('',#3449,#3450,#1867,.T.);
#4285=EDGE_CURVE('',#3449,#3451,#1868,.T.);
#4286=EDGE_CURVE('',#3451,#3452,#1869,.T.);
#4287=EDGE_CURVE('',#3450,#3452,#1870,.T.);
#4288=EDGE_CURVE('',#3453,#3454,#1871,.T.);
#4289=EDGE_CURVE('',#3453,#3455,#1872,.T.);
#4290=EDGE_CURVE('',#3455,#3456,#1873,.T.);
#4291=EDGE_CURVE('',#3454,#3456,#1874,.T.);
#4292=EDGE_CURVE('',#3450,#3453,#2919,.T.);
#4293=EDGE_CURVE('',#3452,#3455,#2920,.T.);
#4294=EDGE_CURVE('',#3456,#3451,#2921,.T.);
#4295=EDGE_CURVE('',#3454,#3457,#2922,.T.);
#4296=EDGE_CURVE('',#3457,#3449,#2923,.T.);
#4297=EDGE_CURVE('',#3457,#3446,#1875,.T.);
#4298=EDGE_CURVE('',#3440,#3445,#2924,.T.);
#4299=EDGE_CURVE('',#3458,#3458,#2925,.T.);
#4300=EDGE_CURVE('',#3459,#3459,#2926,.T.);
#4301=EDGE_CURVE('',#3460,#3460,#2927,.T.);
#4302=EDGE_CURVE('',#3460,#3459,#1876,.T.);
#4303=EDGE_CURVE('',#3461,#3461,#2928,.T.);
#4304=EDGE_CURVE('',#3461,#3458,#1877,.T.);
#4305=EDGE_CURVE('',#3462,#3463,#1878,.T.);
#4306=EDGE_CURVE('',#3462,#3464,#1879,.T.);
#4307=EDGE_CURVE('',#3465,#3464,#1880,.T.);
#4308=EDGE_CURVE('',#3463,#3465,#1881,.T.);
#4309=EDGE_CURVE('',#3463,#3466,#2929,.T.);
#4310=EDGE_CURVE('',#3467,#3465,#2930,.T.);
#4311=EDGE_CURVE('',#3466,#3467,#1882,.T.);
#4312=EDGE_CURVE('',#3466,#3468,#1883,.T.);
#4313=EDGE_CURVE('',#3469,#3467,#1884,.T.);
#4314=EDGE_CURVE('',#3468,#3469,#1885,.T.);
#4315=EDGE_CURVE('',#3468,#3462,#2931,.T.);
#4316=EDGE_CURVE('',#3464,#3469,#2932,.T.);
#4317=EDGE_CURVE('',#3470,#3471,#1886,.T.);
#4318=EDGE_CURVE('',#3472,#3470,#1887,.T.);
#4319=EDGE_CURVE('',#3473,#3472,#1888,.T.);
#4320=EDGE_CURVE('',#3471,#3473,#1889,.T.);
#4321=EDGE_CURVE('',#3474,#3475,#1890,.T.);
#4322=EDGE_CURVE('',#3476,#3474,#1891,.T.);
#4323=EDGE_CURVE('',#3477,#3476,#1892,.T.);
#4324=EDGE_CURVE('',#3477,#3475,#1893,.T.);
#4325=EDGE_CURVE('',#3471,#3478,#2933,.T.);
#4326=EDGE_CURVE('',#3479,#3473,#1894,.T.);
#4327=EDGE_CURVE('',#3480,#3479,#1895,.T.);
#4328=EDGE_CURVE('',#3475,#3480,#2934,.T.);
#4329=EDGE_CURVE('',#3481,#3477,#1896,.T.);
#4330=EDGE_CURVE('',#3478,#3481,#1897,.T.);
#4331=EDGE_CURVE('',#3478,#3482,#1898,.T.);
#4332=EDGE_CURVE('',#3481,#3483,#1899,.T.);
#4333=EDGE_CURVE('',#3482,#3483,#1900,.T.);
#4334=EDGE_CURVE('',#3483,#3476,#1901,.T.);
#4335=EDGE_CURVE('',#3484,#3472,#1902,.T.);
#4336=EDGE_CURVE('',#3479,#3484,#1903,.T.);
#4337=EDGE_CURVE('',#3480,#3485,#1904,.T.);
#4338=EDGE_CURVE('',#3485,#3484,#1905,.T.);
#4339=EDGE_CURVE('',#3486,#3470,#2935,.T.);
#4340=EDGE_CURVE('',#3487,#3486,#1906,.T.);
#4341=EDGE_CURVE('',#3487,#3488,#2936,.T.);
#4342=EDGE_CURVE('',#3489,#3488,#1907,.T.);
#4343=EDGE_CURVE('',#3485,#3489,#2937,.T.);
#4344=EDGE_CURVE('',#3482,#3474,#2938,.T.);
#4345=EDGE_CURVE('',#3490,#3491,#2939,.T.);
#4346=EDGE_CURVE('',#3492,#3490,#1908,.T.);
#4347=EDGE_CURVE('',#3492,#3493,#2940,.T.);
#4348=EDGE_CURVE('',#3491,#3493,#1909,.T.);
#4349=EDGE_CURVE('',#3494,#3495,#1910,.T.);
#4350=EDGE_CURVE('',#3495,#3492,#1911,.T.);
#4351=EDGE_CURVE('',#3490,#3496,#1912,.T.);
#4352=EDGE_CURVE('',#3496,#3497,#1913,.T.);
#4353=EDGE_CURVE('',#3497,#3487,#1914,.T.);
#4354=EDGE_CURVE('',#3486,#3494,#1915,.T.);
#4355=EDGE_CURVE('',#3498,#3495,#2941,.T.);
#4356=EDGE_CURVE('',#3493,#3498,#1916,.T.);
#4357=EDGE_CURVE('',#3499,#3491,#1917,.T.);
#4358=EDGE_CURVE('',#3496,#3499,#2942,.T.);
#4359=EDGE_CURVE('',#3500,#3499,#1918,.T.);
#4360=EDGE_CURVE('',#3497,#3500,#2943,.T.);
#4361=EDGE_CURVE('',#3488,#3500,#1919,.T.);
#4362=EDGE_CURVE('',#3501,#3489,#1920,.T.);
#4363=EDGE_CURVE('',#3494,#3501,#2944,.T.);
#4364=EDGE_CURVE('',#3498,#3501,#1921,.T.);
#4365=EDGE_CURVE('',#3502,#3503,#1922,.T.);
#4366=EDGE_CURVE('',#3503,#3504,#2945,.T.);
#4367=EDGE_CURVE('',#3505,#3504,#1923,.T.);
#4368=EDGE_CURVE('',#3502,#3505,#2946,.T.);
#4369=EDGE_CURVE('',#3506,#3507,#2947,.T.);
#4370=EDGE_CURVE('',#3507,#3508,#2948,.T.);
#4371=EDGE_CURVE('',#3509,#3508,#2949,.T.);
#4372=EDGE_CURVE('',#3506,#3509,#2950,.T.);
#4373=EDGE_CURVE('',#3510,#3511,#1924,.T.);
#4374=EDGE_CURVE('',#3511,#3512,#2951,.T.);
#4375=EDGE_CURVE('',#3513,#3512,#1925,.T.);
#4376=EDGE_CURVE('',#3510,#3513,#2952,.T.);
#4377=EDGE_CURVE('',#3514,#3515,#2953,.T.);
#4378=EDGE_CURVE('',#3515,#3516,#2954,.T.);
#4379=EDGE_CURVE('',#3517,#3516,#2955,.T.);
#4380=EDGE_CURVE('',#3514,#3517,#2956,.T.);
#4381=EDGE_CURVE('',#3518,#3519,#1926,.T.);
#4382=EDGE_CURVE('',#3518,#3503,#1927,.T.);
#4383=EDGE_CURVE('',#3519,#3502,#1928,.T.);
#4384=EDGE_CURVE('',#3519,#3520,#1929,.T.);
#4385=EDGE_CURVE('',#3508,#3505,#1930,.T.);
#4386=EDGE_CURVE('',#3520,#3507,#1931,.T.);
#4387=EDGE_CURVE('',#3521,#3522,#1932,.T.);
#4388=EDGE_CURVE('',#3506,#3521,#1933,.T.);
#4389=EDGE_CURVE('',#3512,#3509,#1934,.T.);
#4390=EDGE_CURVE('',#3522,#3511,#1935,.T.);
#4391=EDGE_CURVE('',#3522,#3523,#1936,.T.);
#4392=EDGE_CURVE('',#3523,#3510,#1937,.T.);
#4393=EDGE_CURVE('',#3523,#3524,#1938,.T.);
#4394=EDGE_CURVE('',#3516,#3513,#1939,.T.);
#4395=EDGE_CURVE('',#3524,#3515,#1940,.T.);
#4396=EDGE_CURVE('',#3525,#3518,#1941,.T.);
#4397=EDGE_CURVE('',#3514,#3525,#1942,.T.);
#4398=EDGE_CURVE('',#3504,#3517,#1943,.T.);
#4399=EDGE_CURVE('',#3515,#3526,#2957,.T.);
#4400=EDGE_CURVE('',#3527,#3526,#1944,.T.);
#4401=EDGE_CURVE('',#3524,#3527,#2958,.T.);
#4402=EDGE_CURVE('',#3528,#3521,#2959,.T.);
#4403=EDGE_CURVE('',#3529,#3528,#1945,.T.);
#4404=EDGE_CURVE('',#3529,#3506,#2960,.T.);
#4405=EDGE_CURVE('',#3507,#3514,#2961,.T.);
#4406=EDGE_CURVE('',#3520,#3525,#2962,.T.);
#4407=EDGE_CURVE('',#3530,#3531,#1946,.T.);
#4408=EDGE_CURVE('',#3531,#3532,#1947,.T.);
#4409=EDGE_CURVE('',#3532,#3533,#1948,.T.);
#4410=EDGE_CURVE('',#3533,#3530,#1949,.T.);
#4411=EDGE_CURVE('',#3534,#3535,#1950,.T.);
#4412=EDGE_CURVE('',#3535,#3536,#1951,.T.);
#4413=EDGE_CURVE('',#3536,#3537,#1952,.T.);
#4414=EDGE_CURVE('',#3537,#3534,#1953,.T.);
#4415=EDGE_CURVE('',#3533,#3534,#1954,.T.);
#4416=EDGE_CURVE('',#3537,#3530,#1955,.T.);
#4417=EDGE_CURVE('',#3531,#3538,#1956,.T.);
#4418=EDGE_CURVE('',#3538,#3539,#1957,.T.);
#4419=EDGE_CURVE('',#3539,#3540,#1958,.T.);
#4420=EDGE_CURVE('',#3532,#3540,#1959,.T.);
#4421=EDGE_CURVE('',#3541,#3541,#2963,.T.);
#4422=EDGE_CURVE('',#3542,#3530,#1960,.T.);
#4423=EDGE_CURVE('',#3538,#3542,#1961,.T.);
#4424=EDGE_CURVE('',#3543,#3537,#1962,.T.);
#4425=EDGE_CURVE('',#3542,#3543,#1963,.T.);
#4426=EDGE_CURVE('',#3544,#3536,#1964,.T.);
#4427=EDGE_CURVE('',#3543,#3544,#1965,.T.);
#4428=EDGE_CURVE('',#3544,#3545,#1966,.T.);
#4429=EDGE_CURVE('',#3545,#3539,#2964,.T.);
#4430=EDGE_CURVE('',#3546,#3546,#2965,.T.);
#4431=EDGE_CURVE('',#3546,#3541,#1967,.T.);
#4432=EDGE_CURVE('',#3547,#3547,#2966,.T.);
#4433=EDGE_CURVE('',#3547,#3548,#1968,.T.);
#4434=EDGE_CURVE('',#3548,#3548,#2967,.T.);
#4435=EDGE_CURVE('',#3549,#3550,#1969,.T.);
#4436=EDGE_CURVE('',#3551,#3549,#2968,.T.);
#4437=EDGE_CURVE('',#3552,#3551,#1970,.T.);
#4438=EDGE_CURVE('',#3540,#3552,#2969,.T.);
#4439=EDGE_CURVE('',#3545,#3553,#1971,.T.);
#4440=EDGE_CURVE('',#3550,#3553,#2970,.T.);
#4441=EDGE_CURVE('',#3553,#3535,#1972,.T.);
#4442=EDGE_CURVE('',#3554,#3552,#1973,.T.);
#4443=EDGE_CURVE('',#3555,#3554,#2971,.T.);
#4444=EDGE_CURVE('',#3550,#3555,#1974,.T.);
#4445=EDGE_CURVE('',#3556,#3554,#2972,.T.);
#4446=EDGE_CURVE('',#3556,#3557,#2973,.T.);
#4447=EDGE_CURVE('',#3555,#3557,#2974,.T.);
#4448=EDGE_CURVE('',#3551,#3529,#2975,.T.);
#4449=EDGE_CURVE('',#3528,#3558,#1975,.T.);
#4450=EDGE_CURVE('',#3558,#3559,#1976,.T.);
#4451=EDGE_CURVE('',#3559,#3560,#1977,.T.);
#4452=EDGE_CURVE('',#3560,#3561,#1978,.T.);
#4453=EDGE_CURVE('',#3561,#3562,#1979,.T.);
#4454=EDGE_CURVE('',#3562,#3563,#1980,.T.);
#4455=EDGE_CURVE('',#3563,#3556,#2976,.T.);
#4456=EDGE_CURVE('',#3564,#3560,#2977,.T.);
#4457=EDGE_CURVE('',#3565,#3564,#1981,.T.);
#4458=EDGE_CURVE('',#3561,#3565,#2978,.T.);
#4459=EDGE_CURVE('',#3566,#3565,#1982,.T.);
#4460=EDGE_CURVE('',#3562,#3566,#2979,.T.);
#4461=EDGE_CURVE('',#3567,#3566,#1983,.T.);
#4462=EDGE_CURVE('',#3563,#3567,#2980,.T.);
#4463=EDGE_CURVE('',#3557,#3567,#2981,.T.);
#4464=EDGE_CURVE('',#3526,#3549,#2982,.T.);
#4465=EDGE_CURVE('',#3568,#3527,#1984,.T.);
#4466=EDGE_CURVE('',#3558,#3568,#2983,.T.);
#4467=EDGE_CURVE('',#3569,#3568,#1985,.T.);
#4468=EDGE_CURVE('',#3559,#3569,#2984,.T.);
#4469=EDGE_CURVE('',#3564,#3569,#1986,.T.);
#4470=EDGE_CURVE('',#3570,#3571,#1987,.T.);
#4471=EDGE_CURVE('',#3571,#3572,#1988,.T.);
#4472=EDGE_CURVE('',#3572,#3573,#1989,.T.);
#4473=EDGE_CURVE('',#3573,#3574,#1990,.T.);
#4474=EDGE_CURVE('',#3574,#3575,#1991,.T.);
#4475=EDGE_CURVE('',#3575,#3576,#1992,.T.);
#4476=EDGE_CURVE('',#3576,#3577,#1993,.T.);
#4477=EDGE_CURVE('',#3577,#3570,#1994,.T.);
#4478=EDGE_CURVE('',#3578,#3571,#2985,.T.);
#4479=EDGE_CURVE('',#3579,#3578,#1995,.T.);
#4480=EDGE_CURVE('',#3572,#3579,#2986,.T.);
#4481=EDGE_CURVE('',#3580,#3579,#1996,.T.);
#4482=EDGE_CURVE('',#3573,#3580,#2987,.T.);
#4483=EDGE_CURVE('',#3581,#3580,#1997,.T.);
#4484=EDGE_CURVE('',#3574,#3581,#2988,.T.);
#4485=EDGE_CURVE('',#3582,#3581,#1998,.T.);
#4486=EDGE_CURVE('',#3575,#3582,#2989,.T.);
#4487=EDGE_CURVE('',#3583,#3582,#1999,.T.);
#4488=EDGE_CURVE('',#3576,#3583,#2990,.T.);
#4489=EDGE_CURVE('',#3584,#3583,#2000,.T.);
#4490=EDGE_CURVE('',#3577,#3584,#2991,.T.);
#4491=EDGE_CURVE('',#3585,#3584,#2001,.T.);
#4492=EDGE_CURVE('',#3570,#3585,#2992,.T.);
#4493=EDGE_CURVE('',#3578,#3585,#2002,.T.);
#4494=EDGE_CURVE('',#3586,#3587,#2003,.T.);
#4495=EDGE_CURVE('',#3587,#3588,#2004,.T.);
#4496=EDGE_CURVE('',#3588,#3589,#2005,.T.);
#4497=EDGE_CURVE('',#3589,#3586,#2006,.T.);
#4498=EDGE_CURVE('',#3589,#3590,#2007,.T.);
#4499=EDGE_CURVE('',#3590,#3591,#2008,.T.);
#4500=EDGE_CURVE('',#3591,#3586,#2009,.T.);
#4501=EDGE_CURVE('',#3590,#3592,#2010,.T.);
#4502=EDGE_CURVE('',#3592,#3593,#2011,.T.);
#4503=EDGE_CURVE('',#3593,#3594,#2012,.T.);
#4504=EDGE_CURVE('',#3591,#3594,#2013,.T.);
#4505=EDGE_CURVE('',#3595,#3595,#2993,.T.);
#4506=EDGE_CURVE('',#3596,#3589,#2014,.T.);
#4507=EDGE_CURVE('',#3592,#3596,#2015,.T.);
#4508=EDGE_CURVE('',#3597,#3588,#2016,.T.);
#4509=EDGE_CURVE('',#3596,#3597,#2017,.T.);
#4510=EDGE_CURVE('',#3598,#3598,#2994,.T.);
#4511=EDGE_CURVE('',#3598,#3599,#2018,.T.);
#4512=EDGE_CURVE('',#3599,#3599,#2995,.T.);
#4513=EDGE_CURVE('',#3600,#3587,#2019,.T.);
#4514=EDGE_CURVE('',#3601,#3600,#2020,.T.);
#4515=EDGE_CURVE('',#3597,#3601,#2021,.T.);
#4516=EDGE_CURVE('',#3602,#3602,#2996,.T.);
#4517=EDGE_CURVE('',#3601,#3593,#2997,.T.);
#4518=EDGE_CURVE('',#3603,#3604,#2022,.T.);
#4519=EDGE_CURVE('',#3604,#3605,#2998,.T.);
#4520=EDGE_CURVE('',#3605,#3606,#2999,.T.);
#4521=EDGE_CURVE('',#3606,#3607,#2023,.T.);
#4522=EDGE_CURVE('',#3607,#3608,#2024,.T.);
#4523=EDGE_CURVE('',#3608,#3609,#2025,.T.);
#4524=EDGE_CURVE('',#3609,#3610,#2026,.T.);
#4525=EDGE_CURVE('',#3610,#3611,#2027,.T.);
#4526=EDGE_CURVE('',#3611,#3612,#2028,.T.);
#4527=EDGE_CURVE('',#3612,#3613,#2029,.T.);
#4528=EDGE_CURVE('',#3613,#3614,#3000,.T.);
#4529=EDGE_CURVE('',#3614,#3603,#2030,.T.);
#4530=EDGE_CURVE('',#3615,#3610,#3001,.T.);
#4531=EDGE_CURVE('',#3609,#3616,#3002,.T.);
#4532=EDGE_CURVE('',#3615,#3616,#2031,.T.);
#4533=EDGE_CURVE('',#3617,#3611,#3003,.T.);
#4534=EDGE_CURVE('',#3617,#3615,#2032,.T.);
#4535=EDGE_CURVE('',#3618,#3612,#3004,.T.);
#4536=EDGE_CURVE('',#3618,#3617,#2033,.T.);
#4537=EDGE_CURVE('',#3619,#3613,#3005,.T.);
#4538=EDGE_CURVE('',#3619,#3618,#2034,.T.);
#4539=EDGE_CURVE('',#3620,#3614,#3006,.T.);
#4540=EDGE_CURVE('',#3620,#3619,#3007,.T.);
#4541=EDGE_CURVE('',#3621,#3606,#3008,.T.);
#4542=EDGE_CURVE('',#3622,#3605,#3009,.T.);
#4543=EDGE_CURVE('',#3621,#3622,#3010,.T.);
#4544=EDGE_CURVE('',#3623,#3607,#3011,.T.);
#4545=EDGE_CURVE('',#3623,#3621,#2035,.T.);
#4546=EDGE_CURVE('',#3624,#3608,#3012,.T.);
#4547=EDGE_CURVE('',#3624,#3623,#2036,.T.);
#4548=EDGE_CURVE('',#3616,#3624,#2037,.T.);
#4549=EDGE_CURVE('',#3625,#3626,#2038,.T.);
#4550=EDGE_CURVE('',#3626,#3620,#2039,.T.);
#4551=EDGE_CURVE('',#3622,#3625,#3013,.T.);
#4552=EDGE_CURVE('',#3604,#3625,#3014,.T.);
#4553=EDGE_CURVE('',#3594,#3626,#3015,.T.);
#4554=EDGE_CURVE('',#3603,#3600,#3016,.T.);
#4555=EDGE_CURVE('',#3627,#3627,#3017,.T.);
#4556=EDGE_CURVE('',#3602,#3627,#2040,.T.);
#4557=EDGE_CURVE('',#3628,#3628,#3018,.T.);
#4558=EDGE_CURVE('',#3628,#3595,#2041,.T.);
#4559=EDGE_CURVE('',#3629,#3630,#2042,.T.);
#4560=EDGE_CURVE('',#3630,#3631,#2043,.T.);
#4561=EDGE_CURVE('',#3631,#3632,#2044,.T.);
#4562=EDGE_CURVE('',#3632,#3633,#2045,.T.);
#4563=EDGE_CURVE('',#3633,#3634,#2046,.T.);
#4564=EDGE_CURVE('',#3634,#3635,#2047,.T.);
#4565=EDGE_CURVE('',#3635,#3636,#2048,.T.);
#4566=EDGE_CURVE('',#3636,#3629,#2049,.T.);
#4567=EDGE_CURVE('',#3637,#3630,#3019,.T.);
#4568=EDGE_CURVE('',#3638,#3637,#2050,.T.);
#4569=EDGE_CURVE('',#3631,#3638,#3020,.T.);
#4570=EDGE_CURVE('',#3639,#3638,#2051,.T.);
#4571=EDGE_CURVE('',#3632,#3639,#3021,.T.);
#4572=EDGE_CURVE('',#3640,#3639,#2052,.T.);
#4573=EDGE_CURVE('',#3633,#3640,#3022,.T.);
#4574=EDGE_CURVE('',#3641,#3640,#2053,.T.);
#4575=EDGE_CURVE('',#3634,#3641,#3023,.T.);
#4576=EDGE_CURVE('',#3642,#3641,#2054,.T.);
#4577=EDGE_CURVE('',#3635,#3642,#3024,.T.);
#4578=EDGE_CURVE('',#3643,#3642,#2055,.T.);
#4579=EDGE_CURVE('',#3636,#3643,#3025,.T.);
#4580=EDGE_CURVE('',#3644,#3643,#2056,.T.);
#4581=EDGE_CURVE('',#3629,#3644,#3026,.T.);
#4582=EDGE_CURVE('',#3637,#3644,#2057,.T.);
#4583=EDGE_CURVE('',#3645,#3646,#2058,.T.);
#4584=EDGE_CURVE('',#3646,#3647,#2059,.T.);
#4585=EDGE_CURVE('',#3647,#3648,#2060,.T.);
#4586=EDGE_CURVE('',#3648,#3645,#2061,.T.);
#4587=EDGE_CURVE('',#3648,#3649,#2062,.T.);
#4588=EDGE_CURVE('',#3649,#3650,#2063,.T.);
#4589=EDGE_CURVE('',#3650,#3645,#2064,.T.);
#4590=EDGE_CURVE('',#3649,#3651,#2065,.T.);
#4591=EDGE_CURVE('',#3651,#3652,#2066,.T.);
#4592=EDGE_CURVE('',#3652,#3653,#2067,.T.);
#4593=EDGE_CURVE('',#3650,#3653,#2068,.T.);
#4594=EDGE_CURVE('',#3654,#3654,#3027,.T.);
#4595=EDGE_CURVE('',#3655,#3648,#2069,.T.);
#4596=EDGE_CURVE('',#3651,#3655,#2070,.T.);
#4597=EDGE_CURVE('',#3656,#3647,#2071,.T.);
#4598=EDGE_CURVE('',#3655,#3656,#2072,.T.);
#4599=EDGE_CURVE('',#3657,#3657,#3028,.T.);
#4600=EDGE_CURVE('',#3657,#3658,#2073,.T.);
#4601=EDGE_CURVE('',#3658,#3658,#3029,.T.);
#4602=EDGE_CURVE('',#3659,#3646,#2074,.T.);
#4603=EDGE_CURVE('',#3660,#3659,#2075,.T.);
#4604=EDGE_CURVE('',#3656,#3660,#2076,.T.);
#4605=EDGE_CURVE('',#3661,#3661,#3030,.T.);
#4606=EDGE_CURVE('',#3660,#3652,#3031,.T.);
#4607=EDGE_CURVE('',#3662,#3663,#2077,.T.);
#4608=EDGE_CURVE('',#3663,#3664,#3032,.T.);
#4609=EDGE_CURVE('',#3664,#3665,#3033,.T.);
#4610=EDGE_CURVE('',#3665,#3666,#2078,.T.);
#4611=EDGE_CURVE('',#3666,#3667,#2079,.T.);
#4612=EDGE_CURVE('',#3667,#3668,#2080,.T.);
#4613=EDGE_CURVE('',#3668,#3669,#2081,.T.);
#4614=EDGE_CURVE('',#3669,#3670,#2082,.T.);
#4615=EDGE_CURVE('',#3670,#3671,#2083,.T.);
#4616=EDGE_CURVE('',#3671,#3672,#2084,.T.);
#4617=EDGE_CURVE('',#3672,#3673,#3034,.T.);
#4618=EDGE_CURVE('',#3673,#3662,#2085,.T.);
#4619=EDGE_CURVE('',#3674,#3669,#3035,.T.);
#4620=EDGE_CURVE('',#3668,#3675,#3036,.T.);
#4621=EDGE_CURVE('',#3674,#3675,#2086,.T.);
#4622=EDGE_CURVE('',#3676,#3670,#3037,.T.);
#4623=EDGE_CURVE('',#3676,#3674,#2087,.T.);
#4624=EDGE_CURVE('',#3677,#3671,#3038,.T.);
#4625=EDGE_CURVE('',#3677,#3676,#2088,.T.);
#4626=EDGE_CURVE('',#3678,#3672,#3039,.T.);
#4627=EDGE_CURVE('',#3678,#3677,#2089,.T.);
#4628=EDGE_CURVE('',#3679,#3673,#3040,.T.);
#4629=EDGE_CURVE('',#3679,#3678,#3041,.T.);
#4630=EDGE_CURVE('',#3680,#3665,#3042,.T.);
#4631=EDGE_CURVE('',#3681,#3664,#3043,.T.);
#4632=EDGE_CURVE('',#3680,#3681,#3044,.T.);
#4633=EDGE_CURVE('',#3682,#3666,#3045,.T.);
#4634=EDGE_CURVE('',#3682,#3680,#2090,.T.);
#4635=EDGE_CURVE('',#3683,#3667,#3046,.T.);
#4636=EDGE_CURVE('',#3683,#3682,#2091,.T.);
#4637=EDGE_CURVE('',#3675,#3683,#2092,.T.);
#4638=EDGE_CURVE('',#3684,#3685,#2093,.T.);
#4639=EDGE_CURVE('',#3685,#3679,#2094,.T.);
#4640=EDGE_CURVE('',#3681,#3684,#3047,.T.);
#4641=EDGE_CURVE('',#3663,#3684,#3048,.T.);
#4642=EDGE_CURVE('',#3653,#3685,#3049,.T.);
#4643=EDGE_CURVE('',#3662,#3659,#3050,.T.);
#4644=EDGE_CURVE('',#3686,#3686,#3051,.T.);
#4645=EDGE_CURVE('',#3661,#3686,#2095,.T.);
#4646=EDGE_CURVE('',#3687,#3687,#3052,.T.);
#4647=EDGE_CURVE('',#3687,#3654,#2096,.T.);
#4648=ORIENTED_EDGE('',*,*,#3688,.T.);
#4649=ORIENTED_EDGE('',*,*,#3689,.T.);
#4650=ORIENTED_EDGE('',*,*,#3690,.T.);
#4651=ORIENTED_EDGE('',*,*,#3689,.F.);
#4652=ORIENTED_EDGE('',*,*,#3691,.T.);
#4653=ORIENTED_EDGE('',*,*,#3692,.T.);
#4654=ORIENTED_EDGE('',*,*,#3693,.F.);
#4655=ORIENTED_EDGE('',*,*,#3692,.F.);
#4656=ORIENTED_EDGE('',*,*,#3694,.T.);
#4657=ORIENTED_EDGE('',*,*,#3695,.F.);
#4658=ORIENTED_EDGE('',*,*,#3696,.F.);
#4659=ORIENTED_EDGE('',*,*,#3697,.T.);
#4660=ORIENTED_EDGE('',*,*,#3698,.F.);
#4661=ORIENTED_EDGE('',*,*,#3699,.F.);
#4662=ORIENTED_EDGE('',*,*,#3700,.F.);
#4663=ORIENTED_EDGE('',*,*,#3701,.F.);
#4664=ORIENTED_EDGE('',*,*,#3702,.T.);
#4665=ORIENTED_EDGE('',*,*,#3703,.F.);
#4666=ORIENTED_EDGE('',*,*,#3704,.F.);
#4667=ORIENTED_EDGE('',*,*,#3695,.T.);
#4668=ORIENTED_EDGE('',*,*,#3705,.T.);
#4669=ORIENTED_EDGE('',*,*,#3706,.F.);
#4670=ORIENTED_EDGE('',*,*,#3707,.F.);
#4671=ORIENTED_EDGE('',*,*,#3703,.T.);
#4672=ORIENTED_EDGE('',*,*,#3708,.T.);
#4673=ORIENTED_EDGE('',*,*,#3709,.F.);
#4674=ORIENTED_EDGE('',*,*,#3710,.F.);
#4675=ORIENTED_EDGE('',*,*,#3706,.T.);
#4676=ORIENTED_EDGE('',*,*,#3711,.T.);
#4677=ORIENTED_EDGE('',*,*,#3712,.F.);
#4678=ORIENTED_EDGE('',*,*,#3713,.F.);
#4679=ORIENTED_EDGE('',*,*,#3709,.T.);
#4680=ORIENTED_EDGE('',*,*,#3714,.T.);
#4681=ORIENTED_EDGE('',*,*,#3715,.F.);
#4682=ORIENTED_EDGE('',*,*,#3716,.F.);
#4683=ORIENTED_EDGE('',*,*,#3712,.T.);
#4684=ORIENTED_EDGE('',*,*,#3717,.T.);
#4685=ORIENTED_EDGE('',*,*,#3718,.F.);
#4686=ORIENTED_EDGE('',*,*,#3719,.F.);
#4687=ORIENTED_EDGE('',*,*,#3715,.T.);
#4688=ORIENTED_EDGE('',*,*,#3720,.T.);
#4689=ORIENTED_EDGE('',*,*,#3697,.F.);
#4690=ORIENTED_EDGE('',*,*,#3721,.F.);
#4691=ORIENTED_EDGE('',*,*,#3718,.T.);
#4692=ORIENTED_EDGE('',*,*,#3696,.T.);
#4693=ORIENTED_EDGE('',*,*,#3704,.T.);
#4694=ORIENTED_EDGE('',*,*,#3707,.T.);
#4695=ORIENTED_EDGE('',*,*,#3710,.T.);
#4696=ORIENTED_EDGE('',*,*,#3713,.T.);
#4697=ORIENTED_EDGE('',*,*,#3716,.T.);
#4698=ORIENTED_EDGE('',*,*,#3719,.T.);
#4699=ORIENTED_EDGE('',*,*,#3721,.T.);
#4700=ORIENTED_EDGE('',*,*,#3694,.F.);
#4701=ORIENTED_EDGE('',*,*,#3720,.F.);
#4702=ORIENTED_EDGE('',*,*,#3717,.F.);
#4703=ORIENTED_EDGE('',*,*,#3714,.F.);
#4704=ORIENTED_EDGE('',*,*,#3711,.F.);
#4705=ORIENTED_EDGE('',*,*,#3708,.F.);
#4706=ORIENTED_EDGE('',*,*,#3705,.F.);
#4707=ORIENTED_EDGE('',*,*,#3702,.F.);
#4708=ORIENTED_EDGE('',*,*,#3698,.T.);
#4709=ORIENTED_EDGE('',*,*,#3722,.F.);
#4710=ORIENTED_EDGE('',*,*,#3723,.F.);
#4711=ORIENTED_EDGE('',*,*,#3724,.T.);
#4712=ORIENTED_EDGE('',*,*,#3701,.T.);
#4713=ORIENTED_EDGE('',*,*,#3725,.F.);
#4714=ORIENTED_EDGE('',*,*,#3726,.F.);
#4715=ORIENTED_EDGE('',*,*,#3722,.T.);
#4716=ORIENTED_EDGE('',*,*,#3700,.T.);
#4717=ORIENTED_EDGE('',*,*,#3727,.F.);
#4718=ORIENTED_EDGE('',*,*,#3728,.F.);
#4719=ORIENTED_EDGE('',*,*,#3725,.T.);
#4720=ORIENTED_EDGE('',*,*,#3699,.T.);
#4721=ORIENTED_EDGE('',*,*,#3724,.F.);
#4722=ORIENTED_EDGE('',*,*,#3729,.F.);
#4723=ORIENTED_EDGE('',*,*,#3727,.T.);
#4724=ORIENTED_EDGE('',*,*,#3723,.T.);
#4725=ORIENTED_EDGE('',*,*,#3726,.T.);
#4726=ORIENTED_EDGE('',*,*,#3728,.T.);
#4727=ORIENTED_EDGE('',*,*,#3729,.T.);
#4728=ORIENTED_EDGE('',*,*,#3691,.F.);
#4729=ORIENTED_EDGE('',*,*,#3693,.T.);
#4730=ORIENTED_EDGE('',*,*,#3688,.F.);
#4731=ORIENTED_EDGE('',*,*,#3690,.F.);
#4732=ORIENTED_EDGE('',*,*,#3730,.T.);
#4733=ORIENTED_EDGE('',*,*,#3731,.T.);
#4734=ORIENTED_EDGE('',*,*,#3732,.T.);
#4735=ORIENTED_EDGE('',*,*,#3731,.F.);
#4736=ORIENTED_EDGE('',*,*,#3733,.T.);
#4737=ORIENTED_EDGE('',*,*,#3734,.T.);
#4738=ORIENTED_EDGE('',*,*,#3735,.T.);
#4739=ORIENTED_EDGE('',*,*,#3734,.F.);
#4740=ORIENTED_EDGE('',*,*,#3736,.T.);
#4741=ORIENTED_EDGE('',*,*,#3737,.F.);
#4742=ORIENTED_EDGE('',*,*,#3738,.F.);
#4743=ORIENTED_EDGE('',*,*,#3739,.T.);
#4744=ORIENTED_EDGE('',*,*,#3730,.F.);
#4745=ORIENTED_EDGE('',*,*,#3733,.F.);
#4746=ORIENTED_EDGE('',*,*,#3740,.T.);
#4747=ORIENTED_EDGE('',*,*,#3741,.F.);
#4748=ORIENTED_EDGE('',*,*,#3742,.F.);
#4749=ORIENTED_EDGE('',*,*,#3737,.T.);
#4750=ORIENTED_EDGE('',*,*,#3743,.T.);
#4751=ORIENTED_EDGE('',*,*,#3744,.F.);
#4752=ORIENTED_EDGE('',*,*,#3745,.F.);
#4753=ORIENTED_EDGE('',*,*,#3741,.T.);
#4754=ORIENTED_EDGE('',*,*,#3746,.F.);
#4755=ORIENTED_EDGE('',*,*,#3747,.F.);
#4756=ORIENTED_EDGE('',*,*,#3748,.F.);
#4757=ORIENTED_EDGE('',*,*,#3749,.F.);
#4758=ORIENTED_EDGE('',*,*,#3750,.F.);
#4759=ORIENTED_EDGE('',*,*,#3751,.F.);
#4760=ORIENTED_EDGE('',*,*,#3752,.F.);
#4761=ORIENTED_EDGE('',*,*,#3753,.F.);
#4762=ORIENTED_EDGE('',*,*,#3754,.T.);
#4763=ORIENTED_EDGE('',*,*,#3755,.F.);
#4764=ORIENTED_EDGE('',*,*,#3756,.F.);
#4765=ORIENTED_EDGE('',*,*,#3744,.T.);
#4766=ORIENTED_EDGE('',*,*,#3757,.T.);
#4767=ORIENTED_EDGE('',*,*,#3739,.F.);
#4768=ORIENTED_EDGE('',*,*,#3758,.F.);
#4769=ORIENTED_EDGE('',*,*,#3755,.T.);
#4770=ORIENTED_EDGE('',*,*,#3759,.F.);
#4771=ORIENTED_EDGE('',*,*,#3760,.F.);
#4772=ORIENTED_EDGE('',*,*,#3761,.F.);
#4773=ORIENTED_EDGE('',*,*,#3762,.F.);
#4774=ORIENTED_EDGE('',*,*,#3763,.F.);
#4775=ORIENTED_EDGE('',*,*,#3764,.F.);
#4776=ORIENTED_EDGE('',*,*,#3765,.F.);
#4777=ORIENTED_EDGE('',*,*,#3766,.F.);
#4778=ORIENTED_EDGE('',*,*,#3738,.T.);
#4779=ORIENTED_EDGE('',*,*,#3742,.T.);
#4780=ORIENTED_EDGE('',*,*,#3745,.T.);
#4781=ORIENTED_EDGE('',*,*,#3756,.T.);
#4782=ORIENTED_EDGE('',*,*,#3758,.T.);
#4783=ORIENTED_EDGE('',*,*,#3736,.F.);
#4784=ORIENTED_EDGE('',*,*,#3757,.F.);
#4785=ORIENTED_EDGE('',*,*,#3754,.F.);
#4786=ORIENTED_EDGE('',*,*,#3743,.F.);
#4787=ORIENTED_EDGE('',*,*,#3740,.F.);
#4788=ORIENTED_EDGE('',*,*,#3764,.T.);
#4789=ORIENTED_EDGE('',*,*,#3767,.T.);
#4790=ORIENTED_EDGE('',*,*,#3751,.T.);
#4791=ORIENTED_EDGE('',*,*,#3768,.F.);
#4792=ORIENTED_EDGE('',*,*,#3763,.T.);
#4793=ORIENTED_EDGE('',*,*,#3769,.T.);
#4794=ORIENTED_EDGE('',*,*,#3752,.T.);
#4795=ORIENTED_EDGE('',*,*,#3767,.F.);
#4796=ORIENTED_EDGE('',*,*,#3766,.T.);
#4797=ORIENTED_EDGE('',*,*,#3770,.T.);
#4798=ORIENTED_EDGE('',*,*,#3753,.T.);
#4799=ORIENTED_EDGE('',*,*,#3769,.F.);
#4800=ORIENTED_EDGE('',*,*,#3765,.T.);
#4801=ORIENTED_EDGE('',*,*,#3768,.T.);
#4802=ORIENTED_EDGE('',*,*,#3750,.T.);
#4803=ORIENTED_EDGE('',*,*,#3770,.F.);
#4804=ORIENTED_EDGE('',*,*,#3732,.F.);
#4805=ORIENTED_EDGE('',*,*,#3760,.T.);
#4806=ORIENTED_EDGE('',*,*,#3771,.T.);
#4807=ORIENTED_EDGE('',*,*,#3747,.T.);
#4808=ORIENTED_EDGE('',*,*,#3772,.F.);
#4809=ORIENTED_EDGE('',*,*,#3759,.T.);
#4810=ORIENTED_EDGE('',*,*,#3773,.T.);
#4811=ORIENTED_EDGE('',*,*,#3748,.T.);
#4812=ORIENTED_EDGE('',*,*,#3771,.F.);
#4813=ORIENTED_EDGE('',*,*,#3762,.T.);
#4814=ORIENTED_EDGE('',*,*,#3774,.T.);
#4815=ORIENTED_EDGE('',*,*,#3749,.T.);
#4816=ORIENTED_EDGE('',*,*,#3773,.F.);
#4817=ORIENTED_EDGE('',*,*,#3761,.T.);
#4818=ORIENTED_EDGE('',*,*,#3772,.T.);
#4819=ORIENTED_EDGE('',*,*,#3746,.T.);
#4820=ORIENTED_EDGE('',*,*,#3774,.F.);
#4821=ORIENTED_EDGE('',*,*,#3735,.F.);
#4822=ORIENTED_EDGE('',*,*,#3775,.F.);
#4823=ORIENTED_EDGE('',*,*,#3776,.F.);
#4824=ORIENTED_EDGE('',*,*,#3777,.T.);
#4825=ORIENTED_EDGE('',*,*,#3778,.F.);
#4826=ORIENTED_EDGE('',*,*,#3777,.F.);
#4827=ORIENTED_EDGE('',*,*,#3779,.F.);
#4828=ORIENTED_EDGE('',*,*,#3780,.T.);
#4829=ORIENTED_EDGE('',*,*,#3781,.F.);
#4830=ORIENTED_EDGE('',*,*,#3782,.F.);
#4831=ORIENTED_EDGE('',*,*,#3780,.F.);
#4832=ORIENTED_EDGE('',*,*,#3775,.T.);
#4833=ORIENTED_EDGE('',*,*,#3776,.T.);
#4834=ORIENTED_EDGE('',*,*,#3783,.T.);
#4835=ORIENTED_EDGE('',*,*,#3784,.F.);
#4836=ORIENTED_EDGE('',*,*,#3783,.F.);
#4837=ORIENTED_EDGE('',*,*,#3785,.T.);
#4838=ORIENTED_EDGE('',*,*,#3786,.T.);
#4839=ORIENTED_EDGE('',*,*,#3781,.T.);
#4840=ORIENTED_EDGE('',*,*,#3782,.T.);
#4841=ORIENTED_EDGE('',*,*,#3786,.F.);
#4842=ORIENTED_EDGE('',*,*,#3779,.T.);
#4843=ORIENTED_EDGE('',*,*,#3778,.T.);
#4844=ORIENTED_EDGE('',*,*,#3785,.F.);
#4845=ORIENTED_EDGE('',*,*,#3784,.T.);
#4846=ORIENTED_EDGE('',*,*,#3787,.F.);
#4847=ORIENTED_EDGE('',*,*,#3788,.T.);
#4848=ORIENTED_EDGE('',*,*,#3789,.F.);
#4849=ORIENTED_EDGE('',*,*,#3790,.F.);
#4850=ORIENTED_EDGE('',*,*,#3788,.F.);
#4851=ORIENTED_EDGE('',*,*,#3791,.T.);
#4852=ORIENTED_EDGE('',*,*,#3792,.T.);
#4853=ORIENTED_EDGE('',*,*,#3789,.T.);
#4854=ORIENTED_EDGE('',*,*,#3790,.T.);
#4855=ORIENTED_EDGE('',*,*,#3792,.F.);
#4856=ORIENTED_EDGE('',*,*,#3787,.T.);
#4857=ORIENTED_EDGE('',*,*,#3791,.F.);
#4858=ORIENTED_EDGE('',*,*,#3793,.F.);
#4859=ORIENTED_EDGE('',*,*,#3794,.T.);
#4860=ORIENTED_EDGE('',*,*,#3795,.T.);
#4861=ORIENTED_EDGE('',*,*,#3794,.F.);
#4862=ORIENTED_EDGE('',*,*,#3796,.T.);
#4863=ORIENTED_EDGE('',*,*,#3797,.T.);
#4864=ORIENTED_EDGE('',*,*,#3798,.T.);
#4865=ORIENTED_EDGE('',*,*,#3799,.T.);
#4866=ORIENTED_EDGE('',*,*,#3800,.F.);
#4867=ORIENTED_EDGE('',*,*,#3801,.F.);
#4868=ORIENTED_EDGE('',*,*,#3802,.F.);
#4869=ORIENTED_EDGE('',*,*,#3803,.F.);
#4870=ORIENTED_EDGE('',*,*,#3804,.F.);
#4871=ORIENTED_EDGE('',*,*,#3805,.F.);
#4872=ORIENTED_EDGE('',*,*,#3806,.F.);
#4873=ORIENTED_EDGE('',*,*,#3807,.F.);
#4874=ORIENTED_EDGE('',*,*,#3808,.T.);
#4875=ORIENTED_EDGE('',*,*,#3809,.T.);
#4876=ORIENTED_EDGE('',*,*,#3810,.T.);
#4877=ORIENTED_EDGE('',*,*,#3811,.T.);
#4878=ORIENTED_EDGE('',*,*,#3804,.T.);
#4879=ORIENTED_EDGE('',*,*,#3812,.F.);
#4880=ORIENTED_EDGE('',*,*,#3796,.F.);
#4881=ORIENTED_EDGE('',*,*,#3813,.T.);
#4882=ORIENTED_EDGE('',*,*,#3807,.T.);
#4883=ORIENTED_EDGE('',*,*,#3814,.F.);
#4884=ORIENTED_EDGE('',*,*,#3797,.F.);
#4885=ORIENTED_EDGE('',*,*,#3812,.T.);
#4886=ORIENTED_EDGE('',*,*,#3806,.T.);
#4887=ORIENTED_EDGE('',*,*,#3815,.F.);
#4888=ORIENTED_EDGE('',*,*,#3798,.F.);
#4889=ORIENTED_EDGE('',*,*,#3814,.T.);
#4890=ORIENTED_EDGE('',*,*,#3805,.T.);
#4891=ORIENTED_EDGE('',*,*,#3813,.F.);
#4892=ORIENTED_EDGE('',*,*,#3799,.F.);
#4893=ORIENTED_EDGE('',*,*,#3815,.T.);
#4894=ORIENTED_EDGE('',*,*,#3795,.F.);
#4895=ORIENTED_EDGE('',*,*,#3808,.F.);
#4896=ORIENTED_EDGE('',*,*,#3816,.F.);
#4897=ORIENTED_EDGE('',*,*,#3801,.T.);
#4898=ORIENTED_EDGE('',*,*,#3817,.T.);
#4899=ORIENTED_EDGE('',*,*,#3809,.F.);
#4900=ORIENTED_EDGE('',*,*,#3817,.F.);
#4901=ORIENTED_EDGE('',*,*,#3800,.T.);
#4902=ORIENTED_EDGE('',*,*,#3818,.T.);
#4903=ORIENTED_EDGE('',*,*,#3810,.F.);
#4904=ORIENTED_EDGE('',*,*,#3818,.F.);
#4905=ORIENTED_EDGE('',*,*,#3803,.T.);
#4906=ORIENTED_EDGE('',*,*,#3819,.T.);
#4907=ORIENTED_EDGE('',*,*,#3811,.F.);
#4908=ORIENTED_EDGE('',*,*,#3819,.F.);
#4909=ORIENTED_EDGE('',*,*,#3802,.T.);
#4910=ORIENTED_EDGE('',*,*,#3816,.T.);
#4911=ORIENTED_EDGE('',*,*,#3793,.T.);
#4912=ORIENTED_EDGE('',*,*,#3820,.F.);
#4913=ORIENTED_EDGE('',*,*,#3821,.T.);
#4914=ORIENTED_EDGE('',*,*,#3822,.T.);
#4915=ORIENTED_EDGE('',*,*,#3821,.F.);
#4916=ORIENTED_EDGE('',*,*,#3822,.F.);
#4917=ORIENTED_EDGE('',*,*,#3823,.T.);
#4918=ORIENTED_EDGE('',*,*,#3824,.T.);
#4919=ORIENTED_EDGE('',*,*,#3823,.F.);
#4920=ORIENTED_EDGE('',*,*,#3825,.F.);
#4921=ORIENTED_EDGE('',*,*,#3826,.T.);
#4922=ORIENTED_EDGE('',*,*,#3827,.T.);
#4923=ORIENTED_EDGE('',*,*,#3826,.F.);
#4924=ORIENTED_EDGE('',*,*,#3820,.T.);
#4925=ORIENTED_EDGE('',*,*,#3828,.T.);
#4926=ORIENTED_EDGE('',*,*,#3829,.F.);
#4927=ORIENTED_EDGE('',*,*,#3830,.F.);
#4928=ORIENTED_EDGE('',*,*,#3831,.T.);
#4929=ORIENTED_EDGE('',*,*,#3832,.F.);
#4930=ORIENTED_EDGE('',*,*,#3833,.F.);
#4931=ORIENTED_EDGE('',*,*,#3834,.T.);
#4932=ORIENTED_EDGE('',*,*,#3835,.F.);
#4933=ORIENTED_EDGE('',*,*,#3836,.F.);
#4934=ORIENTED_EDGE('',*,*,#3837,.T.);
#4935=ORIENTED_EDGE('',*,*,#3838,.F.);
#4936=ORIENTED_EDGE('',*,*,#3839,.F.);
#4937=ORIENTED_EDGE('',*,*,#3839,.T.);
#4938=ORIENTED_EDGE('',*,*,#3840,.T.);
#4939=ORIENTED_EDGE('',*,*,#3841,.F.);
#4940=ORIENTED_EDGE('',*,*,#3842,.T.);
#4941=ORIENTED_EDGE('',*,*,#3843,.T.);
#4942=ORIENTED_EDGE('',*,*,#3835,.T.);
#4943=ORIENTED_EDGE('',*,*,#3844,.T.);
#4944=ORIENTED_EDGE('',*,*,#3845,.T.);
#4945=ORIENTED_EDGE('',*,*,#3829,.T.);
#4946=ORIENTED_EDGE('',*,*,#3833,.T.);
#4947=ORIENTED_EDGE('',*,*,#3846,.T.);
#4948=ORIENTED_EDGE('',*,*,#3847,.F.);
#4949=ORIENTED_EDGE('',*,*,#3824,.F.);
#4950=ORIENTED_EDGE('',*,*,#3825,.T.);
#4951=ORIENTED_EDGE('',*,*,#3827,.F.);
#4952=ORIENTED_EDGE('',*,*,#3841,.T.);
#4953=ORIENTED_EDGE('',*,*,#3848,.F.);
#4954=ORIENTED_EDGE('',*,*,#3844,.F.);
#4955=ORIENTED_EDGE('',*,*,#3828,.F.);
#4956=ORIENTED_EDGE('',*,*,#3847,.T.);
#4957=ORIENTED_EDGE('',*,*,#3849,.F.);
#4958=ORIENTED_EDGE('',*,*,#3842,.F.);
#4959=ORIENTED_EDGE('',*,*,#3834,.F.);
#4960=ORIENTED_EDGE('',*,*,#3850,.F.);
#4961=ORIENTED_EDGE('',*,*,#3849,.T.);
#4962=ORIENTED_EDGE('',*,*,#3851,.F.);
#4963=ORIENTED_EDGE('',*,*,#3848,.T.);
#4964=ORIENTED_EDGE('',*,*,#3852,.T.);
#4965=ORIENTED_EDGE('',*,*,#3850,.T.);
#4966=ORIENTED_EDGE('',*,*,#3853,.F.);
#4967=ORIENTED_EDGE('',*,*,#3837,.F.);
#4968=ORIENTED_EDGE('',*,*,#3836,.T.);
#4969=ORIENTED_EDGE('',*,*,#3843,.F.);
#4970=ORIENTED_EDGE('',*,*,#3852,.F.);
#4971=ORIENTED_EDGE('',*,*,#3838,.T.);
#4972=ORIENTED_EDGE('',*,*,#3853,.T.);
#4973=ORIENTED_EDGE('',*,*,#3840,.F.);
#4974=ORIENTED_EDGE('',*,*,#3854,.T.);
#4975=ORIENTED_EDGE('',*,*,#3851,.T.);
#4976=ORIENTED_EDGE('',*,*,#3855,.F.);
#4977=ORIENTED_EDGE('',*,*,#3831,.F.);
#4978=ORIENTED_EDGE('',*,*,#3830,.T.);
#4979=ORIENTED_EDGE('',*,*,#3845,.F.);
#4980=ORIENTED_EDGE('',*,*,#3854,.F.);
#4981=ORIENTED_EDGE('',*,*,#3832,.T.);
#4982=ORIENTED_EDGE('',*,*,#3855,.T.);
#4983=ORIENTED_EDGE('',*,*,#3846,.F.);
#4984=ORIENTED_EDGE('',*,*,#3856,.F.);
#4985=ORIENTED_EDGE('',*,*,#3857,.T.);
#4986=ORIENTED_EDGE('',*,*,#3858,.F.);
#4987=ORIENTED_EDGE('',*,*,#3857,.F.);
#4988=ORIENTED_EDGE('',*,*,#3859,.F.);
#4989=ORIENTED_EDGE('',*,*,#3860,.T.);
#4990=ORIENTED_EDGE('',*,*,#3861,.F.);
#4991=ORIENTED_EDGE('',*,*,#3860,.F.);
#4992=ORIENTED_EDGE('',*,*,#3862,.F.);
#4993=ORIENTED_EDGE('',*,*,#3863,.T.);
#4994=ORIENTED_EDGE('',*,*,#3864,.F.);
#4995=ORIENTED_EDGE('',*,*,#3863,.F.);
#4996=ORIENTED_EDGE('',*,*,#3865,.F.);
#4997=ORIENTED_EDGE('',*,*,#3866,.T.);
#4998=ORIENTED_EDGE('',*,*,#3867,.F.);
#4999=ORIENTED_EDGE('',*,*,#3866,.F.);
#5000=ORIENTED_EDGE('',*,*,#3868,.F.);
#5001=ORIENTED_EDGE('',*,*,#3869,.T.);
#5002=ORIENTED_EDGE('',*,*,#3870,.F.);
#5003=ORIENTED_EDGE('',*,*,#3869,.F.);
#5004=ORIENTED_EDGE('',*,*,#3871,.F.);
#5005=ORIENTED_EDGE('',*,*,#3872,.T.);
#5006=ORIENTED_EDGE('',*,*,#3873,.F.);
#5007=ORIENTED_EDGE('',*,*,#3872,.F.);
#5008=ORIENTED_EDGE('',*,*,#3874,.F.);
#5009=ORIENTED_EDGE('',*,*,#3875,.F.);
#5010=ORIENTED_EDGE('',*,*,#3876,.F.);
#5011=ORIENTED_EDGE('',*,*,#3877,.T.);
#5012=ORIENTED_EDGE('',*,*,#3878,.F.);
#5013=ORIENTED_EDGE('',*,*,#3877,.F.);
#5014=ORIENTED_EDGE('',*,*,#3879,.F.);
#5015=ORIENTED_EDGE('',*,*,#3880,.T.);
#5016=ORIENTED_EDGE('',*,*,#3881,.F.);
#5017=ORIENTED_EDGE('',*,*,#3880,.F.);
#5018=ORIENTED_EDGE('',*,*,#3882,.F.);
#5019=ORIENTED_EDGE('',*,*,#3883,.T.);
#5020=ORIENTED_EDGE('',*,*,#3884,.F.);
#5021=ORIENTED_EDGE('',*,*,#3883,.F.);
#5022=ORIENTED_EDGE('',*,*,#3885,.F.);
#5023=ORIENTED_EDGE('',*,*,#3875,.T.);
#5024=ORIENTED_EDGE('',*,*,#3886,.F.);
#5025=ORIENTED_EDGE('',*,*,#3887,.F.);
#5026=ORIENTED_EDGE('',*,*,#3888,.F.);
#5027=ORIENTED_EDGE('',*,*,#3889,.T.);
#5028=ORIENTED_EDGE('',*,*,#3890,.F.);
#5029=ORIENTED_EDGE('',*,*,#3889,.F.);
#5030=ORIENTED_EDGE('',*,*,#3891,.F.);
#5031=ORIENTED_EDGE('',*,*,#3892,.T.);
#5032=ORIENTED_EDGE('',*,*,#3893,.F.);
#5033=ORIENTED_EDGE('',*,*,#3892,.F.);
#5034=ORIENTED_EDGE('',*,*,#3894,.F.);
#5035=ORIENTED_EDGE('',*,*,#3895,.T.);
#5036=ORIENTED_EDGE('',*,*,#3896,.F.);
#5037=ORIENTED_EDGE('',*,*,#3895,.F.);
#5038=ORIENTED_EDGE('',*,*,#3897,.F.);
#5039=ORIENTED_EDGE('',*,*,#3887,.T.);
#5040=ORIENTED_EDGE('',*,*,#3898,.F.);
#5041=ORIENTED_EDGE('',*,*,#3899,.F.);
#5042=ORIENTED_EDGE('',*,*,#3900,.F.);
#5043=ORIENTED_EDGE('',*,*,#3901,.T.);
#5044=ORIENTED_EDGE('',*,*,#3902,.F.);
#5045=ORIENTED_EDGE('',*,*,#3901,.F.);
#5046=ORIENTED_EDGE('',*,*,#3903,.F.);
#5047=ORIENTED_EDGE('',*,*,#3904,.T.);
#5048=ORIENTED_EDGE('',*,*,#3905,.F.);
#5049=ORIENTED_EDGE('',*,*,#3904,.F.);
#5050=ORIENTED_EDGE('',*,*,#3906,.F.);
#5051=ORIENTED_EDGE('',*,*,#3907,.T.);
#5052=ORIENTED_EDGE('',*,*,#3908,.F.);
#5053=ORIENTED_EDGE('',*,*,#3907,.F.);
#5054=ORIENTED_EDGE('',*,*,#3909,.F.);
#5055=ORIENTED_EDGE('',*,*,#3899,.T.);
#5056=ORIENTED_EDGE('',*,*,#3910,.F.);
#5057=ORIENTED_EDGE('',*,*,#3911,.T.);
#5058=ORIENTED_EDGE('',*,*,#3912,.F.);
#5059=ORIENTED_EDGE('',*,*,#3911,.F.);
#5060=ORIENTED_EDGE('',*,*,#3913,.F.);
#5061=ORIENTED_EDGE('',*,*,#3914,.T.);
#5062=ORIENTED_EDGE('',*,*,#3915,.F.);
#5063=ORIENTED_EDGE('',*,*,#3914,.F.);
#5064=ORIENTED_EDGE('',*,*,#3916,.F.);
#5065=ORIENTED_EDGE('',*,*,#3917,.T.);
#5066=ORIENTED_EDGE('',*,*,#3918,.F.);
#5067=ORIENTED_EDGE('',*,*,#3917,.F.);
#5068=ORIENTED_EDGE('',*,*,#3919,.F.);
#5069=ORIENTED_EDGE('',*,*,#3920,.T.);
#5070=ORIENTED_EDGE('',*,*,#3921,.T.);
#5071=ORIENTED_EDGE('',*,*,#3920,.F.);
#5072=ORIENTED_EDGE('',*,*,#3919,.T.);
#5073=ORIENTED_EDGE('',*,*,#3881,.T.);
#5074=ORIENTED_EDGE('',*,*,#3884,.T.);
#5075=ORIENTED_EDGE('',*,*,#3874,.T.);
#5076=ORIENTED_EDGE('',*,*,#3878,.T.);
#5077=ORIENTED_EDGE('',*,*,#3893,.T.);
#5078=ORIENTED_EDGE('',*,*,#3896,.T.);
#5079=ORIENTED_EDGE('',*,*,#3886,.T.);
#5080=ORIENTED_EDGE('',*,*,#3890,.T.);
#5081=ORIENTED_EDGE('',*,*,#3905,.T.);
#5082=ORIENTED_EDGE('',*,*,#3908,.T.);
#5083=ORIENTED_EDGE('',*,*,#3898,.T.);
#5084=ORIENTED_EDGE('',*,*,#3902,.T.);
#5085=ORIENTED_EDGE('',*,*,#3910,.T.);
#5086=ORIENTED_EDGE('',*,*,#3913,.T.);
#5087=ORIENTED_EDGE('',*,*,#3916,.T.);
#5088=ORIENTED_EDGE('',*,*,#3871,.T.);
#5089=ORIENTED_EDGE('',*,*,#3868,.T.);
#5090=ORIENTED_EDGE('',*,*,#3865,.T.);
#5091=ORIENTED_EDGE('',*,*,#3862,.T.);
#5092=ORIENTED_EDGE('',*,*,#3859,.T.);
#5093=ORIENTED_EDGE('',*,*,#3856,.T.);
#5094=ORIENTED_EDGE('',*,*,#3921,.F.);
#5095=ORIENTED_EDGE('',*,*,#3882,.T.);
#5096=ORIENTED_EDGE('',*,*,#3879,.T.);
#5097=ORIENTED_EDGE('',*,*,#3876,.T.);
#5098=ORIENTED_EDGE('',*,*,#3885,.T.);
#5099=ORIENTED_EDGE('',*,*,#3894,.T.);
#5100=ORIENTED_EDGE('',*,*,#3891,.T.);
#5101=ORIENTED_EDGE('',*,*,#3888,.T.);
#5102=ORIENTED_EDGE('',*,*,#3897,.T.);
#5103=ORIENTED_EDGE('',*,*,#3906,.T.);
#5104=ORIENTED_EDGE('',*,*,#3903,.T.);
#5105=ORIENTED_EDGE('',*,*,#3900,.T.);
#5106=ORIENTED_EDGE('',*,*,#3909,.T.);
#5107=ORIENTED_EDGE('',*,*,#3912,.T.);
#5108=ORIENTED_EDGE('',*,*,#3915,.T.);
#5109=ORIENTED_EDGE('',*,*,#3918,.T.);
#5110=ORIENTED_EDGE('',*,*,#3873,.T.);
#5111=ORIENTED_EDGE('',*,*,#3870,.T.);
#5112=ORIENTED_EDGE('',*,*,#3867,.T.);
#5113=ORIENTED_EDGE('',*,*,#3864,.T.);
#5114=ORIENTED_EDGE('',*,*,#3861,.T.);
#5115=ORIENTED_EDGE('',*,*,#3858,.T.);
#5116=ORIENTED_EDGE('',*,*,#3922,.F.);
#5117=ORIENTED_EDGE('',*,*,#3923,.T.);
#5118=ORIENTED_EDGE('',*,*,#3924,.F.);
#5119=ORIENTED_EDGE('',*,*,#3925,.F.);
#5120=ORIENTED_EDGE('',*,*,#3926,.T.);
#5121=ORIENTED_EDGE('',*,*,#3927,.F.);
#5122=ORIENTED_EDGE('',*,*,#3928,.F.);
#5123=ORIENTED_EDGE('',*,*,#3929,.F.);
#5124=ORIENTED_EDGE('',*,*,#3930,.T.);
#5125=ORIENTED_EDGE('',*,*,#3929,.T.);
#5126=ORIENTED_EDGE('',*,*,#3931,.F.);
#5127=ORIENTED_EDGE('',*,*,#3932,.F.);
#5128=ORIENTED_EDGE('',*,*,#3933,.T.);
#5129=ORIENTED_EDGE('',*,*,#3932,.T.);
#5130=ORIENTED_EDGE('',*,*,#3934,.F.);
#5131=ORIENTED_EDGE('',*,*,#3935,.F.);
#5132=ORIENTED_EDGE('',*,*,#3936,.F.);
#5133=ORIENTED_EDGE('',*,*,#3937,.F.);
#5134=ORIENTED_EDGE('',*,*,#3938,.F.);
#5135=ORIENTED_EDGE('',*,*,#3939,.F.);
#5136=ORIENTED_EDGE('',*,*,#3940,.F.);
#5137=ORIENTED_EDGE('',*,*,#3939,.T.);
#5138=ORIENTED_EDGE('',*,*,#3941,.F.);
#5139=ORIENTED_EDGE('',*,*,#3923,.F.);
#5140=ORIENTED_EDGE('',*,*,#3941,.T.);
#5141=ORIENTED_EDGE('',*,*,#3938,.T.);
#5142=ORIENTED_EDGE('',*,*,#3942,.F.);
#5143=ORIENTED_EDGE('',*,*,#3934,.T.);
#5144=ORIENTED_EDGE('',*,*,#3931,.T.);
#5145=ORIENTED_EDGE('',*,*,#3928,.T.);
#5146=ORIENTED_EDGE('',*,*,#3943,.F.);
#5147=ORIENTED_EDGE('',*,*,#3924,.T.);
#5148=ORIENTED_EDGE('',*,*,#3944,.F.);
#5149=ORIENTED_EDGE('',*,*,#3945,.T.);
#5150=ORIENTED_EDGE('',*,*,#3946,.F.);
#5151=ORIENTED_EDGE('',*,*,#3947,.F.);
#5152=ORIENTED_EDGE('',*,*,#3948,.T.);
#5153=ORIENTED_EDGE('',*,*,#3949,.F.);
#5154=ORIENTED_EDGE('',*,*,#3950,.F.);
#5155=ORIENTED_EDGE('',*,*,#3951,.F.);
#5156=ORIENTED_EDGE('',*,*,#3952,.T.);
#5157=ORIENTED_EDGE('',*,*,#3951,.T.);
#5158=ORIENTED_EDGE('',*,*,#3953,.F.);
#5159=ORIENTED_EDGE('',*,*,#3954,.F.);
#5160=ORIENTED_EDGE('',*,*,#3955,.T.);
#5161=ORIENTED_EDGE('',*,*,#3954,.T.);
#5162=ORIENTED_EDGE('',*,*,#3956,.F.);
#5163=ORIENTED_EDGE('',*,*,#3957,.F.);
#5164=ORIENTED_EDGE('',*,*,#3958,.F.);
#5165=ORIENTED_EDGE('',*,*,#3959,.F.);
#5166=ORIENTED_EDGE('',*,*,#3960,.F.);
#5167=ORIENTED_EDGE('',*,*,#3961,.F.);
#5168=ORIENTED_EDGE('',*,*,#3962,.F.);
#5169=ORIENTED_EDGE('',*,*,#3961,.T.);
#5170=ORIENTED_EDGE('',*,*,#3963,.F.);
#5171=ORIENTED_EDGE('',*,*,#3945,.F.);
#5172=ORIENTED_EDGE('',*,*,#3963,.T.);
#5173=ORIENTED_EDGE('',*,*,#3960,.T.);
#5174=ORIENTED_EDGE('',*,*,#3964,.F.);
#5175=ORIENTED_EDGE('',*,*,#3956,.T.);
#5176=ORIENTED_EDGE('',*,*,#3953,.T.);
#5177=ORIENTED_EDGE('',*,*,#3950,.T.);
#5178=ORIENTED_EDGE('',*,*,#3965,.F.);
#5179=ORIENTED_EDGE('',*,*,#3946,.T.);
#5180=ORIENTED_EDGE('',*,*,#3966,.F.);
#5181=ORIENTED_EDGE('',*,*,#3967,.T.);
#5182=ORIENTED_EDGE('',*,*,#3968,.F.);
#5183=ORIENTED_EDGE('',*,*,#3969,.F.);
#5184=ORIENTED_EDGE('',*,*,#3970,.F.);
#5185=ORIENTED_EDGE('',*,*,#3969,.T.);
#5186=ORIENTED_EDGE('',*,*,#3971,.F.);
#5187=ORIENTED_EDGE('',*,*,#3972,.F.);
#5188=ORIENTED_EDGE('',*,*,#3973,.T.);
#5189=ORIENTED_EDGE('',*,*,#3974,.F.);
#5190=ORIENTED_EDGE('',*,*,#3975,.F.);
#5191=ORIENTED_EDGE('',*,*,#3976,.F.);
#5192=ORIENTED_EDGE('',*,*,#3977,.T.);
#5193=ORIENTED_EDGE('',*,*,#3976,.T.);
#5194=ORIENTED_EDGE('',*,*,#3978,.F.);
#5195=ORIENTED_EDGE('',*,*,#3979,.F.);
#5196=ORIENTED_EDGE('',*,*,#3980,.T.);
#5197=ORIENTED_EDGE('',*,*,#3979,.T.);
#5198=ORIENTED_EDGE('',*,*,#3981,.F.);
#5199=ORIENTED_EDGE('',*,*,#3982,.F.);
#5200=ORIENTED_EDGE('',*,*,#3983,.F.);
#5201=ORIENTED_EDGE('',*,*,#3984,.F.);
#5202=ORIENTED_EDGE('',*,*,#3985,.F.);
#5203=ORIENTED_EDGE('',*,*,#3967,.F.);
#5204=ORIENTED_EDGE('',*,*,#3985,.T.);
#5205=ORIENTED_EDGE('',*,*,#3986,.F.);
#5206=ORIENTED_EDGE('',*,*,#3981,.T.);
#5207=ORIENTED_EDGE('',*,*,#3978,.T.);
#5208=ORIENTED_EDGE('',*,*,#3975,.T.);
#5209=ORIENTED_EDGE('',*,*,#3987,.F.);
#5210=ORIENTED_EDGE('',*,*,#3971,.T.);
#5211=ORIENTED_EDGE('',*,*,#3968,.T.);
#5212=ORIENTED_EDGE('',*,*,#3988,.F.);
#5213=ORIENTED_EDGE('',*,*,#3989,.T.);
#5214=ORIENTED_EDGE('',*,*,#3990,.F.);
#5215=ORIENTED_EDGE('',*,*,#3989,.F.);
#5216=ORIENTED_EDGE('',*,*,#3991,.F.);
#5217=ORIENTED_EDGE('',*,*,#3992,.T.);
#5218=ORIENTED_EDGE('',*,*,#3993,.F.);
#5219=ORIENTED_EDGE('',*,*,#3992,.F.);
#5220=ORIENTED_EDGE('',*,*,#3994,.T.);
#5221=ORIENTED_EDGE('',*,*,#3995,.F.);
#5222=ORIENTED_EDGE('',*,*,#3996,.F.);
#5223=ORIENTED_EDGE('',*,*,#3997,.T.);
#5224=ORIENTED_EDGE('',*,*,#3998,.T.);
#5225=ORIENTED_EDGE('',*,*,#3999,.F.);
#5226=ORIENTED_EDGE('',*,*,#4000,.F.);
#5227=ORIENTED_EDGE('',*,*,#3995,.T.);
#5228=ORIENTED_EDGE('',*,*,#4001,.T.);
#5229=ORIENTED_EDGE('',*,*,#4002,.F.);
#5230=ORIENTED_EDGE('',*,*,#4003,.F.);
#5231=ORIENTED_EDGE('',*,*,#3999,.T.);
#5232=ORIENTED_EDGE('',*,*,#4004,.T.);
#5233=ORIENTED_EDGE('',*,*,#4005,.F.);
#5234=ORIENTED_EDGE('',*,*,#4006,.F.);
#5235=ORIENTED_EDGE('',*,*,#4002,.T.);
#5236=ORIENTED_EDGE('',*,*,#4007,.T.);
#5237=ORIENTED_EDGE('',*,*,#4008,.F.);
#5238=ORIENTED_EDGE('',*,*,#4009,.F.);
#5239=ORIENTED_EDGE('',*,*,#4005,.T.);
#5240=ORIENTED_EDGE('',*,*,#4010,.T.);
#5241=ORIENTED_EDGE('',*,*,#3997,.F.);
#5242=ORIENTED_EDGE('',*,*,#4011,.F.);
#5243=ORIENTED_EDGE('',*,*,#4008,.T.);
#5244=ORIENTED_EDGE('',*,*,#4004,.F.);
#5245=ORIENTED_EDGE('',*,*,#4001,.F.);
#5246=ORIENTED_EDGE('',*,*,#3998,.F.);
#5247=ORIENTED_EDGE('',*,*,#3994,.F.);
#5248=ORIENTED_EDGE('',*,*,#4010,.F.);
#5249=ORIENTED_EDGE('',*,*,#4007,.F.);
#5250=ORIENTED_EDGE('',*,*,#4012,.T.);
#5251=ORIENTED_EDGE('',*,*,#4013,.F.);
#5252=ORIENTED_EDGE('',*,*,#4014,.F.);
#5253=ORIENTED_EDGE('',*,*,#4015,.T.);
#5254=ORIENTED_EDGE('',*,*,#4016,.T.);
#5255=ORIENTED_EDGE('',*,*,#4017,.F.);
#5256=ORIENTED_EDGE('',*,*,#4018,.F.);
#5257=ORIENTED_EDGE('',*,*,#4013,.T.);
#5258=ORIENTED_EDGE('',*,*,#4019,.T.);
#5259=ORIENTED_EDGE('',*,*,#4020,.F.);
#5260=ORIENTED_EDGE('',*,*,#4021,.F.);
#5261=ORIENTED_EDGE('',*,*,#4017,.T.);
#5262=ORIENTED_EDGE('',*,*,#4022,.T.);
#5263=ORIENTED_EDGE('',*,*,#4023,.F.);
#5264=ORIENTED_EDGE('',*,*,#4024,.F.);
#5265=ORIENTED_EDGE('',*,*,#4020,.T.);
#5266=ORIENTED_EDGE('',*,*,#4025,.T.);
#5267=ORIENTED_EDGE('',*,*,#4026,.F.);
#5268=ORIENTED_EDGE('',*,*,#4027,.F.);
#5269=ORIENTED_EDGE('',*,*,#4023,.T.);
#5270=ORIENTED_EDGE('',*,*,#4028,.T.);
#5271=ORIENTED_EDGE('',*,*,#4015,.F.);
#5272=ORIENTED_EDGE('',*,*,#4029,.F.);
#5273=ORIENTED_EDGE('',*,*,#4026,.T.);
#5274=ORIENTED_EDGE('',*,*,#4022,.F.);
#5275=ORIENTED_EDGE('',*,*,#4019,.F.);
#5276=ORIENTED_EDGE('',*,*,#4016,.F.);
#5277=ORIENTED_EDGE('',*,*,#4012,.F.);
#5278=ORIENTED_EDGE('',*,*,#4028,.F.);
#5279=ORIENTED_EDGE('',*,*,#4025,.F.);
#5280=ORIENTED_EDGE('',*,*,#4030,.F.);
#5281=ORIENTED_EDGE('',*,*,#4031,.F.);
#5282=ORIENTED_EDGE('',*,*,#4032,.T.);
#5283=ORIENTED_EDGE('',*,*,#4033,.F.);
#5284=ORIENTED_EDGE('',*,*,#4034,.F.);
#5285=ORIENTED_EDGE('',*,*,#4032,.F.);
#5286=ORIENTED_EDGE('',*,*,#4035,.F.);
#5287=ORIENTED_EDGE('',*,*,#4036,.T.);
#5288=ORIENTED_EDGE('',*,*,#4037,.T.);
#5289=ORIENTED_EDGE('',*,*,#4036,.F.);
#5290=ORIENTED_EDGE('',*,*,#4037,.F.);
#5291=ORIENTED_EDGE('',*,*,#4038,.F.);
#5292=ORIENTED_EDGE('',*,*,#4039,.F.);
#5293=ORIENTED_EDGE('',*,*,#4040,.T.);
#5294=ORIENTED_EDGE('',*,*,#4041,.T.);
#5295=ORIENTED_EDGE('',*,*,#4040,.F.);
#5296=ORIENTED_EDGE('',*,*,#4041,.F.);
#5297=ORIENTED_EDGE('',*,*,#4042,.F.);
#5298=ORIENTED_EDGE('',*,*,#4043,.F.);
#5299=ORIENTED_EDGE('',*,*,#4044,.T.);
#5300=ORIENTED_EDGE('',*,*,#4045,.T.);
#5301=ORIENTED_EDGE('',*,*,#4044,.F.);
#5302=ORIENTED_EDGE('',*,*,#4045,.F.);
#5303=ORIENTED_EDGE('',*,*,#4046,.F.);
#5304=ORIENTED_EDGE('',*,*,#4047,.F.);
#5305=ORIENTED_EDGE('',*,*,#4047,.T.);
#5306=ORIENTED_EDGE('',*,*,#4048,.T.);
#5307=ORIENTED_EDGE('',*,*,#4046,.T.);
#5308=ORIENTED_EDGE('',*,*,#4048,.F.);
#5309=ORIENTED_EDGE('',*,*,#4049,.F.);
#5310=ORIENTED_EDGE('',*,*,#4049,.T.);
#5311=ORIENTED_EDGE('',*,*,#4050,.T.);
#5312=ORIENTED_EDGE('',*,*,#4038,.T.);
#5313=ORIENTED_EDGE('',*,*,#4050,.F.);
#5314=ORIENTED_EDGE('',*,*,#4051,.F.);
#5315=ORIENTED_EDGE('',*,*,#4051,.T.);
#5316=ORIENTED_EDGE('',*,*,#4052,.T.);
#5317=ORIENTED_EDGE('',*,*,#4042,.T.);
#5318=ORIENTED_EDGE('',*,*,#4052,.F.);
#5319=ORIENTED_EDGE('',*,*,#4053,.T.);
#5320=ORIENTED_EDGE('',*,*,#4054,.T.);
#5321=ORIENTED_EDGE('',*,*,#4055,.T.);
#5322=ORIENTED_EDGE('',*,*,#4056,.T.);
#5323=ORIENTED_EDGE('',*,*,#4057,.T.);
#5324=ORIENTED_EDGE('',*,*,#4058,.T.);
#5325=ORIENTED_EDGE('',*,*,#3988,.T.);
#5326=ORIENTED_EDGE('',*,*,#3991,.T.);
#5327=ORIENTED_EDGE('',*,*,#3996,.T.);
#5328=ORIENTED_EDGE('',*,*,#4000,.T.);
#5329=ORIENTED_EDGE('',*,*,#4003,.T.);
#5330=ORIENTED_EDGE('',*,*,#4006,.T.);
#5331=ORIENTED_EDGE('',*,*,#4009,.T.);
#5332=ORIENTED_EDGE('',*,*,#4011,.T.);
#5333=ORIENTED_EDGE('',*,*,#4014,.T.);
#5334=ORIENTED_EDGE('',*,*,#4018,.T.);
#5335=ORIENTED_EDGE('',*,*,#4021,.T.);
#5336=ORIENTED_EDGE('',*,*,#4024,.T.);
#5337=ORIENTED_EDGE('',*,*,#4027,.T.);
#5338=ORIENTED_EDGE('',*,*,#4029,.T.);
#5339=ORIENTED_EDGE('',*,*,#4059,.T.);
#5340=ORIENTED_EDGE('',*,*,#3983,.T.);
#5341=ORIENTED_EDGE('',*,*,#3966,.T.);
#5342=ORIENTED_EDGE('',*,*,#3970,.T.);
#5343=ORIENTED_EDGE('',*,*,#4060,.T.);
#5344=ORIENTED_EDGE('',*,*,#4061,.T.);
#5345=ORIENTED_EDGE('',*,*,#3958,.T.);
#5346=ORIENTED_EDGE('',*,*,#3962,.T.);
#5347=ORIENTED_EDGE('',*,*,#3944,.T.);
#5348=ORIENTED_EDGE('',*,*,#4062,.T.);
#5349=ORIENTED_EDGE('',*,*,#3936,.T.);
#5350=ORIENTED_EDGE('',*,*,#3940,.T.);
#5351=ORIENTED_EDGE('',*,*,#3922,.T.);
#5352=ORIENTED_EDGE('',*,*,#3926,.F.);
#5353=ORIENTED_EDGE('',*,*,#3930,.F.);
#5354=ORIENTED_EDGE('',*,*,#3933,.F.);
#5355=ORIENTED_EDGE('',*,*,#4063,.T.);
#5356=ORIENTED_EDGE('',*,*,#3948,.F.);
#5357=ORIENTED_EDGE('',*,*,#3952,.F.);
#5358=ORIENTED_EDGE('',*,*,#3955,.F.);
#5359=ORIENTED_EDGE('',*,*,#4064,.T.);
#5360=ORIENTED_EDGE('',*,*,#3990,.T.);
#5361=ORIENTED_EDGE('',*,*,#3993,.T.);
#5362=ORIENTED_EDGE('',*,*,#3973,.F.);
#5363=ORIENTED_EDGE('',*,*,#3977,.F.);
#5364=ORIENTED_EDGE('',*,*,#3980,.F.);
#5365=ORIENTED_EDGE('',*,*,#4065,.T.);
#5366=ORIENTED_EDGE('',*,*,#4066,.T.);
#5367=ORIENTED_EDGE('',*,*,#4067,.T.);
#5368=ORIENTED_EDGE('',*,*,#4053,.F.);
#5369=ORIENTED_EDGE('',*,*,#4068,.F.);
#5370=ORIENTED_EDGE('',*,*,#4069,.T.);
#5371=ORIENTED_EDGE('',*,*,#4068,.T.);
#5372=ORIENTED_EDGE('',*,*,#4058,.F.);
#5373=ORIENTED_EDGE('',*,*,#4070,.F.);
#5374=ORIENTED_EDGE('',*,*,#4071,.T.);
#5375=ORIENTED_EDGE('',*,*,#4070,.T.);
#5376=ORIENTED_EDGE('',*,*,#4057,.F.);
#5377=ORIENTED_EDGE('',*,*,#4072,.F.);
#5378=ORIENTED_EDGE('',*,*,#4073,.T.);
#5379=ORIENTED_EDGE('',*,*,#4072,.T.);
#5380=ORIENTED_EDGE('',*,*,#4056,.F.);
#5381=ORIENTED_EDGE('',*,*,#4074,.F.);
#5382=ORIENTED_EDGE('',*,*,#4033,.T.);
#5383=ORIENTED_EDGE('',*,*,#4034,.T.);
#5384=ORIENTED_EDGE('',*,*,#4075,.T.);
#5385=ORIENTED_EDGE('',*,*,#4074,.T.);
#5386=ORIENTED_EDGE('',*,*,#4055,.F.);
#5387=ORIENTED_EDGE('',*,*,#4076,.F.);
#5388=ORIENTED_EDGE('',*,*,#4077,.T.);
#5389=ORIENTED_EDGE('',*,*,#4076,.T.);
#5390=ORIENTED_EDGE('',*,*,#4054,.F.);
#5391=ORIENTED_EDGE('',*,*,#4067,.F.);
#5392=ORIENTED_EDGE('',*,*,#3927,.T.);
#5393=ORIENTED_EDGE('',*,*,#4063,.F.);
#5394=ORIENTED_EDGE('',*,*,#3935,.T.);
#5395=ORIENTED_EDGE('',*,*,#3942,.T.);
#5396=ORIENTED_EDGE('',*,*,#3937,.T.);
#5397=ORIENTED_EDGE('',*,*,#4062,.F.);
#5398=ORIENTED_EDGE('',*,*,#3947,.T.);
#5399=ORIENTED_EDGE('',*,*,#3965,.T.);
#5400=ORIENTED_EDGE('',*,*,#3949,.T.);
#5401=ORIENTED_EDGE('',*,*,#4064,.F.);
#5402=ORIENTED_EDGE('',*,*,#3957,.T.);
#5403=ORIENTED_EDGE('',*,*,#3964,.T.);
#5404=ORIENTED_EDGE('',*,*,#3959,.T.);
#5405=ORIENTED_EDGE('',*,*,#4061,.F.);
#5406=ORIENTED_EDGE('',*,*,#4078,.T.);
#5407=ORIENTED_EDGE('',*,*,#4079,.T.);
#5408=ORIENTED_EDGE('',*,*,#4078,.F.);
#5409=ORIENTED_EDGE('',*,*,#4060,.F.);
#5410=ORIENTED_EDGE('',*,*,#3972,.T.);
#5411=ORIENTED_EDGE('',*,*,#3987,.T.);
#5412=ORIENTED_EDGE('',*,*,#3974,.T.);
#5413=ORIENTED_EDGE('',*,*,#4065,.F.);
#5414=ORIENTED_EDGE('',*,*,#3982,.T.);
#5415=ORIENTED_EDGE('',*,*,#3986,.T.);
#5416=ORIENTED_EDGE('',*,*,#3984,.T.);
#5417=ORIENTED_EDGE('',*,*,#4059,.F.);
#5418=ORIENTED_EDGE('',*,*,#3925,.T.);
#5419=ORIENTED_EDGE('',*,*,#3943,.T.);
#5420=ORIENTED_EDGE('',*,*,#4030,.T.);
#5421=ORIENTED_EDGE('',*,*,#4031,.T.);
#5422=ORIENTED_EDGE('',*,*,#4079,.F.);
#5423=ORIENTED_EDGE('',*,*,#4077,.F.);
#5424=ORIENTED_EDGE('',*,*,#4066,.F.);
#5425=ORIENTED_EDGE('',*,*,#4069,.F.);
#5426=ORIENTED_EDGE('',*,*,#4071,.F.);
#5427=ORIENTED_EDGE('',*,*,#4073,.F.);
#5428=ORIENTED_EDGE('',*,*,#4075,.F.);
#5429=ORIENTED_EDGE('',*,*,#4043,.T.);
#5430=ORIENTED_EDGE('',*,*,#4039,.T.);
#5431=ORIENTED_EDGE('',*,*,#4035,.T.);
#5432=ORIENTED_EDGE('',*,*,#4080,.F.);
#5433=ORIENTED_EDGE('',*,*,#4081,.T.);
#5434=ORIENTED_EDGE('',*,*,#4082,.T.);
#5435=ORIENTED_EDGE('',*,*,#4081,.F.);
#5436=ORIENTED_EDGE('',*,*,#4082,.F.);
#5437=ORIENTED_EDGE('',*,*,#4083,.F.);
#5438=ORIENTED_EDGE('',*,*,#4084,.T.);
#5439=ORIENTED_EDGE('',*,*,#4085,.T.);
#5440=ORIENTED_EDGE('',*,*,#4084,.F.);
#5441=ORIENTED_EDGE('',*,*,#4085,.F.);
#5442=ORIENTED_EDGE('',*,*,#4086,.F.);
#5443=ORIENTED_EDGE('',*,*,#4087,.T.);
#5444=ORIENTED_EDGE('',*,*,#4088,.T.);
#5445=ORIENTED_EDGE('',*,*,#4087,.F.);
#5446=ORIENTED_EDGE('',*,*,#4088,.F.);
#5447=ORIENTED_EDGE('',*,*,#4080,.T.);
#5448=ORIENTED_EDGE('',*,*,#4089,.F.);
#5449=ORIENTED_EDGE('',*,*,#4090,.T.);
#5450=ORIENTED_EDGE('',*,*,#4091,.T.);
#5451=ORIENTED_EDGE('',*,*,#4090,.F.);
#5452=ORIENTED_EDGE('',*,*,#4091,.F.);
#5453=ORIENTED_EDGE('',*,*,#4083,.T.);
#5454=ORIENTED_EDGE('',*,*,#4092,.F.);
#5455=ORIENTED_EDGE('',*,*,#4093,.T.);
#5456=ORIENTED_EDGE('',*,*,#4094,.T.);
#5457=ORIENTED_EDGE('',*,*,#4093,.F.);
#5458=ORIENTED_EDGE('',*,*,#4094,.F.);
#5459=ORIENTED_EDGE('',*,*,#4095,.F.);
#5460=ORIENTED_EDGE('',*,*,#4096,.T.);
#5461=ORIENTED_EDGE('',*,*,#4097,.T.);
#5462=ORIENTED_EDGE('',*,*,#4096,.F.);
#5463=ORIENTED_EDGE('',*,*,#4097,.F.);
#5464=ORIENTED_EDGE('',*,*,#4098,.F.);
#5465=ORIENTED_EDGE('',*,*,#4099,.T.);
#5466=ORIENTED_EDGE('',*,*,#4100,.T.);
#5467=ORIENTED_EDGE('',*,*,#4099,.F.);
#5468=ORIENTED_EDGE('',*,*,#4100,.F.);
#5469=ORIENTED_EDGE('',*,*,#4092,.T.);
#5470=ORIENTED_EDGE('',*,*,#4101,.F.);
#5471=ORIENTED_EDGE('',*,*,#4102,.T.);
#5472=ORIENTED_EDGE('',*,*,#4103,.T.);
#5473=ORIENTED_EDGE('',*,*,#4102,.F.);
#5474=ORIENTED_EDGE('',*,*,#4103,.F.);
#5475=ORIENTED_EDGE('',*,*,#4095,.T.);
#5476=ORIENTED_EDGE('',*,*,#4104,.F.);
#5477=ORIENTED_EDGE('',*,*,#4105,.T.);
#5478=ORIENTED_EDGE('',*,*,#4106,.F.);
#5479=ORIENTED_EDGE('',*,*,#4105,.F.);
#5480=ORIENTED_EDGE('',*,*,#4107,.F.);
#5481=ORIENTED_EDGE('',*,*,#4108,.T.);
#5482=ORIENTED_EDGE('',*,*,#4109,.F.);
#5483=ORIENTED_EDGE('',*,*,#4108,.F.);
#5484=ORIENTED_EDGE('',*,*,#4110,.F.);
#5485=ORIENTED_EDGE('',*,*,#4111,.T.);
#5486=ORIENTED_EDGE('',*,*,#4112,.F.);
#5487=ORIENTED_EDGE('',*,*,#4113,.F.);
#5488=ORIENTED_EDGE('',*,*,#4114,.F.);
#5489=ORIENTED_EDGE('',*,*,#4115,.T.);
#5490=ORIENTED_EDGE('',*,*,#4116,.F.);
#5491=ORIENTED_EDGE('',*,*,#4111,.F.);
#5492=ORIENTED_EDGE('',*,*,#4116,.T.);
#5493=ORIENTED_EDGE('',*,*,#4117,.T.);
#5494=ORIENTED_EDGE('',*,*,#4118,.F.);
#5495=ORIENTED_EDGE('',*,*,#4112,.T.);
#5496=ORIENTED_EDGE('',*,*,#4106,.T.);
#5497=ORIENTED_EDGE('',*,*,#4109,.T.);
#5498=ORIENTED_EDGE('',*,*,#4113,.T.);
#5499=ORIENTED_EDGE('',*,*,#4118,.T.);
#5500=ORIENTED_EDGE('',*,*,#4119,.T.);
#5501=ORIENTED_EDGE('',*,*,#4120,.F.);
#5502=ORIENTED_EDGE('',*,*,#4121,.F.);
#5503=ORIENTED_EDGE('',*,*,#4122,.T.);
#5504=ORIENTED_EDGE('',*,*,#4123,.F.);
#5505=ORIENTED_EDGE('',*,*,#4121,.T.);
#5506=ORIENTED_EDGE('',*,*,#4124,.F.);
#5507=ORIENTED_EDGE('',*,*,#4125,.F.);
#5508=ORIENTED_EDGE('',*,*,#4126,.F.);
#5509=ORIENTED_EDGE('',*,*,#4125,.T.);
#5510=ORIENTED_EDGE('',*,*,#4127,.F.);
#5511=ORIENTED_EDGE('',*,*,#4128,.F.);
#5512=ORIENTED_EDGE('',*,*,#4129,.T.);
#5513=ORIENTED_EDGE('',*,*,#4128,.T.);
#5514=ORIENTED_EDGE('',*,*,#4130,.F.);
#5515=ORIENTED_EDGE('',*,*,#4131,.F.);
#5516=ORIENTED_EDGE('',*,*,#4086,.T.);
#5517=ORIENTED_EDGE('',*,*,#4089,.T.);
#5518=ORIENTED_EDGE('',*,*,#4132,.T.);
#5519=ORIENTED_EDGE('',*,*,#4131,.T.);
#5520=ORIENTED_EDGE('',*,*,#4133,.F.);
#5521=ORIENTED_EDGE('',*,*,#4134,.F.);
#5522=ORIENTED_EDGE('',*,*,#4135,.F.);
#5523=ORIENTED_EDGE('',*,*,#4134,.T.);
#5524=ORIENTED_EDGE('',*,*,#4136,.F.);
#5525=ORIENTED_EDGE('',*,*,#4119,.F.);
#5526=ORIENTED_EDGE('',*,*,#4117,.F.);
#5527=ORIENTED_EDGE('',*,*,#4115,.F.);
#5528=ORIENTED_EDGE('',*,*,#4120,.T.);
#5529=ORIENTED_EDGE('',*,*,#4136,.T.);
#5530=ORIENTED_EDGE('',*,*,#4133,.T.);
#5531=ORIENTED_EDGE('',*,*,#4130,.T.);
#5532=ORIENTED_EDGE('',*,*,#4127,.T.);
#5533=ORIENTED_EDGE('',*,*,#4124,.T.);
#5534=ORIENTED_EDGE('',*,*,#4122,.F.);
#5535=ORIENTED_EDGE('',*,*,#4123,.T.);
#5536=ORIENTED_EDGE('',*,*,#4126,.T.);
#5537=ORIENTED_EDGE('',*,*,#4129,.F.);
#5538=ORIENTED_EDGE('',*,*,#4132,.F.);
#5539=ORIENTED_EDGE('',*,*,#4135,.T.);
#5540=ORIENTED_EDGE('',*,*,#4114,.T.);
#5541=ORIENTED_EDGE('',*,*,#4110,.T.);
#5542=ORIENTED_EDGE('',*,*,#4098,.T.);
#5543=ORIENTED_EDGE('',*,*,#4101,.T.);
#5544=ORIENTED_EDGE('',*,*,#4104,.T.);
#5545=ORIENTED_EDGE('',*,*,#4107,.T.);
#5546=ORIENTED_EDGE('',*,*,#4137,.F.);
#5547=ORIENTED_EDGE('',*,*,#4138,.T.);
#5548=ORIENTED_EDGE('',*,*,#4139,.F.);
#5549=ORIENTED_EDGE('',*,*,#4138,.F.);
#5550=ORIENTED_EDGE('',*,*,#4140,.F.);
#5551=ORIENTED_EDGE('',*,*,#4141,.T.);
#5552=ORIENTED_EDGE('',*,*,#4142,.F.);
#5553=ORIENTED_EDGE('',*,*,#4141,.F.);
#5554=ORIENTED_EDGE('',*,*,#4143,.F.);
#5555=ORIENTED_EDGE('',*,*,#4144,.T.);
#5556=ORIENTED_EDGE('',*,*,#4145,.T.);
#5557=ORIENTED_EDGE('',*,*,#4146,.T.);
#5558=ORIENTED_EDGE('',*,*,#4147,.T.);
#5559=ORIENTED_EDGE('',*,*,#4147,.F.);
#5560=ORIENTED_EDGE('',*,*,#4148,.T.);
#5561=ORIENTED_EDGE('',*,*,#4149,.T.);
#5562=ORIENTED_EDGE('',*,*,#4148,.F.);
#5563=ORIENTED_EDGE('',*,*,#4150,.T.);
#5564=ORIENTED_EDGE('',*,*,#4151,.T.);
#5565=ORIENTED_EDGE('',*,*,#4145,.F.);
#5566=ORIENTED_EDGE('',*,*,#4152,.F.);
#5567=ORIENTED_EDGE('',*,*,#4153,.F.);
#5568=ORIENTED_EDGE('',*,*,#4154,.T.);
#5569=ORIENTED_EDGE('',*,*,#4155,.T.);
#5570=ORIENTED_EDGE('',*,*,#4156,.T.);
#5571=ORIENTED_EDGE('',*,*,#4157,.T.);
#5572=ORIENTED_EDGE('',*,*,#4157,.F.);
#5573=ORIENTED_EDGE('',*,*,#4158,.T.);
#5574=ORIENTED_EDGE('',*,*,#4159,.T.);
#5575=ORIENTED_EDGE('',*,*,#4158,.F.);
#5576=ORIENTED_EDGE('',*,*,#4160,.T.);
#5577=ORIENTED_EDGE('',*,*,#4161,.T.);
#5578=ORIENTED_EDGE('',*,*,#4155,.F.);
#5579=ORIENTED_EDGE('',*,*,#4162,.F.);
#5580=ORIENTED_EDGE('',*,*,#4163,.T.);
#5581=ORIENTED_EDGE('',*,*,#4156,.F.);
#5582=ORIENTED_EDGE('',*,*,#4161,.F.);
#5583=ORIENTED_EDGE('',*,*,#4164,.T.);
#5584=ORIENTED_EDGE('',*,*,#4165,.F.);
#5585=ORIENTED_EDGE('',*,*,#4166,.F.);
#5586=ORIENTED_EDGE('',*,*,#4167,.F.);
#5587=ORIENTED_EDGE('',*,*,#4168,.T.);
#5588=ORIENTED_EDGE('',*,*,#4152,.T.);
#5589=ORIENTED_EDGE('',*,*,#4144,.F.);
#5590=ORIENTED_EDGE('',*,*,#4140,.T.);
#5591=ORIENTED_EDGE('',*,*,#4169,.F.);
#5592=ORIENTED_EDGE('',*,*,#4150,.F.);
#5593=ORIENTED_EDGE('',*,*,#4168,.F.);
#5594=ORIENTED_EDGE('',*,*,#4170,.F.);
#5595=ORIENTED_EDGE('',*,*,#4171,.F.);
#5596=ORIENTED_EDGE('',*,*,#4172,.F.);
#5597=ORIENTED_EDGE('',*,*,#4173,.F.);
#5598=ORIENTED_EDGE('',*,*,#4174,.F.);
#5599=ORIENTED_EDGE('',*,*,#4149,.F.);
#5600=ORIENTED_EDGE('',*,*,#4175,.F.);
#5601=ORIENTED_EDGE('',*,*,#4176,.F.);
#5602=ORIENTED_EDGE('',*,*,#4164,.F.);
#5603=ORIENTED_EDGE('',*,*,#4160,.F.);
#5604=ORIENTED_EDGE('',*,*,#4177,.F.);
#5605=ORIENTED_EDGE('',*,*,#4178,.F.);
#5606=ORIENTED_EDGE('',*,*,#4179,.F.);
#5607=ORIENTED_EDGE('',*,*,#4180,.F.);
#5608=ORIENTED_EDGE('',*,*,#4159,.F.);
#5609=ORIENTED_EDGE('',*,*,#4170,.T.);
#5610=ORIENTED_EDGE('',*,*,#4167,.T.);
#5611=ORIENTED_EDGE('',*,*,#4181,.T.);
#5612=ORIENTED_EDGE('',*,*,#4182,.T.);
#5613=ORIENTED_EDGE('',*,*,#4174,.T.);
#5614=ORIENTED_EDGE('',*,*,#4183,.T.);
#5615=ORIENTED_EDGE('',*,*,#4184,.T.);
#5616=ORIENTED_EDGE('',*,*,#4185,.T.);
#5617=ORIENTED_EDGE('',*,*,#4171,.T.);
#5618=ORIENTED_EDGE('',*,*,#4182,.F.);
#5619=ORIENTED_EDGE('',*,*,#4186,.T.);
#5620=ORIENTED_EDGE('',*,*,#4187,.F.);
#5621=ORIENTED_EDGE('',*,*,#4175,.T.);
#5622=ORIENTED_EDGE('',*,*,#4188,.F.);
#5623=ORIENTED_EDGE('',*,*,#4142,.T.);
#5624=ORIENTED_EDGE('',*,*,#4172,.T.);
#5625=ORIENTED_EDGE('',*,*,#4188,.T.);
#5626=ORIENTED_EDGE('',*,*,#4180,.T.);
#5627=ORIENTED_EDGE('',*,*,#4189,.F.);
#5628=ORIENTED_EDGE('',*,*,#4173,.T.);
#5629=ORIENTED_EDGE('',*,*,#4189,.T.);
#5630=ORIENTED_EDGE('',*,*,#4179,.T.);
#5631=ORIENTED_EDGE('',*,*,#4190,.F.);
#5632=ORIENTED_EDGE('',*,*,#4191,.F.);
#5633=ORIENTED_EDGE('',*,*,#4183,.F.);
#5634=ORIENTED_EDGE('',*,*,#4137,.T.);
#5635=ORIENTED_EDGE('',*,*,#4178,.T.);
#5636=ORIENTED_EDGE('',*,*,#4192,.T.);
#5637=ORIENTED_EDGE('',*,*,#4193,.T.);
#5638=ORIENTED_EDGE('',*,*,#4190,.T.);
#5639=ORIENTED_EDGE('',*,*,#4176,.T.);
#5640=ORIENTED_EDGE('',*,*,#4187,.T.);
#5641=ORIENTED_EDGE('',*,*,#4194,.T.);
#5642=ORIENTED_EDGE('',*,*,#4165,.T.);
#5643=ORIENTED_EDGE('',*,*,#4191,.T.);
#5644=ORIENTED_EDGE('',*,*,#4193,.F.);
#5645=ORIENTED_EDGE('',*,*,#4195,.F.);
#5646=ORIENTED_EDGE('',*,*,#4184,.F.);
#5647=ORIENTED_EDGE('',*,*,#4169,.T.);
#5648=ORIENTED_EDGE('',*,*,#4185,.F.);
#5649=ORIENTED_EDGE('',*,*,#4195,.T.);
#5650=ORIENTED_EDGE('',*,*,#4192,.F.);
#5651=ORIENTED_EDGE('',*,*,#4177,.T.);
#5652=ORIENTED_EDGE('',*,*,#4162,.T.);
#5653=ORIENTED_EDGE('',*,*,#4154,.F.);
#5654=ORIENTED_EDGE('',*,*,#4196,.F.);
#5655=ORIENTED_EDGE('',*,*,#4146,.F.);
#5656=ORIENTED_EDGE('',*,*,#4151,.F.);
#5657=ORIENTED_EDGE('',*,*,#4139,.T.);
#5658=ORIENTED_EDGE('',*,*,#4143,.T.);
#5659=ORIENTED_EDGE('',*,*,#4196,.T.);
#5660=ORIENTED_EDGE('',*,*,#4153,.T.);
#5661=ORIENTED_EDGE('',*,*,#4163,.F.);
#5662=ORIENTED_EDGE('',*,*,#4166,.T.);
#5663=ORIENTED_EDGE('',*,*,#4194,.F.);
#5664=ORIENTED_EDGE('',*,*,#4186,.F.);
#5665=ORIENTED_EDGE('',*,*,#4181,.F.);
#5666=ORIENTED_EDGE('',*,*,#4197,.T.);
#5667=ORIENTED_EDGE('',*,*,#4198,.T.);
#5668=ORIENTED_EDGE('',*,*,#4199,.T.);
#5669=ORIENTED_EDGE('',*,*,#4200,.T.);
#5670=ORIENTED_EDGE('',*,*,#4201,.T.);
#5671=ORIENTED_EDGE('',*,*,#4202,.T.);
#5672=ORIENTED_EDGE('',*,*,#4203,.T.);
#5673=ORIENTED_EDGE('',*,*,#4204,.T.);
#5674=ORIENTED_EDGE('',*,*,#4205,.F.);
#5675=ORIENTED_EDGE('',*,*,#4206,.T.);
#5676=ORIENTED_EDGE('',*,*,#4204,.F.);
#5677=ORIENTED_EDGE('',*,*,#4206,.F.);
#5678=ORIENTED_EDGE('',*,*,#4207,.F.);
#5679=ORIENTED_EDGE('',*,*,#4208,.T.);
#5680=ORIENTED_EDGE('',*,*,#4203,.F.);
#5681=ORIENTED_EDGE('',*,*,#4208,.F.);
#5682=ORIENTED_EDGE('',*,*,#4209,.F.);
#5683=ORIENTED_EDGE('',*,*,#4210,.F.);
#5684=ORIENTED_EDGE('',*,*,#4211,.F.);
#5685=ORIENTED_EDGE('',*,*,#4198,.F.);
#5686=ORIENTED_EDGE('',*,*,#4211,.T.);
#5687=ORIENTED_EDGE('',*,*,#4212,.F.);
#5688=ORIENTED_EDGE('',*,*,#4213,.F.);
#5689=ORIENTED_EDGE('',*,*,#4199,.F.);
#5690=ORIENTED_EDGE('',*,*,#4213,.T.);
#5691=ORIENTED_EDGE('',*,*,#4214,.F.);
#5692=ORIENTED_EDGE('',*,*,#4215,.F.);
#5693=ORIENTED_EDGE('',*,*,#4200,.F.);
#5694=ORIENTED_EDGE('',*,*,#4215,.T.);
#5695=ORIENTED_EDGE('',*,*,#4216,.F.);
#5696=ORIENTED_EDGE('',*,*,#4217,.F.);
#5697=ORIENTED_EDGE('',*,*,#4201,.F.);
#5698=ORIENTED_EDGE('',*,*,#4217,.T.);
#5699=ORIENTED_EDGE('',*,*,#4218,.F.);
#5700=ORIENTED_EDGE('',*,*,#4219,.F.);
#5701=ORIENTED_EDGE('',*,*,#4202,.F.);
#5702=ORIENTED_EDGE('',*,*,#4219,.T.);
#5703=ORIENTED_EDGE('',*,*,#4220,.F.);
#5704=ORIENTED_EDGE('',*,*,#4209,.T.);
#5705=ORIENTED_EDGE('',*,*,#4197,.F.);
#5706=ORIENTED_EDGE('',*,*,#4220,.T.);
#5707=ORIENTED_EDGE('',*,*,#4218,.T.);
#5708=ORIENTED_EDGE('',*,*,#4216,.T.);
#5709=ORIENTED_EDGE('',*,*,#4214,.T.);
#5710=ORIENTED_EDGE('',*,*,#4212,.T.);
#5711=ORIENTED_EDGE('',*,*,#4210,.T.);
#5712=ORIENTED_EDGE('',*,*,#4207,.T.);
#5713=ORIENTED_EDGE('',*,*,#4205,.T.);
#5714=ORIENTED_EDGE('',*,*,#4221,.F.);
#5715=ORIENTED_EDGE('',*,*,#4222,.T.);
#5716=ORIENTED_EDGE('',*,*,#4223,.F.);
#5717=ORIENTED_EDGE('',*,*,#4222,.F.);
#5718=ORIENTED_EDGE('',*,*,#4224,.F.);
#5719=ORIENTED_EDGE('',*,*,#4225,.T.);
#5720=ORIENTED_EDGE('',*,*,#4226,.F.);
#5721=ORIENTED_EDGE('',*,*,#4225,.F.);
#5722=ORIENTED_EDGE('',*,*,#4227,.F.);
#5723=ORIENTED_EDGE('',*,*,#4228,.T.);
#5724=ORIENTED_EDGE('',*,*,#4229,.F.);
#5725=ORIENTED_EDGE('',*,*,#4228,.F.);
#5726=ORIENTED_EDGE('',*,*,#4230,.F.);
#5727=ORIENTED_EDGE('',*,*,#4231,.F.);
#5728=ORIENTED_EDGE('',*,*,#4232,.F.);
#5729=ORIENTED_EDGE('',*,*,#4233,.T.);
#5730=ORIENTED_EDGE('',*,*,#4234,.F.);
#5731=ORIENTED_EDGE('',*,*,#4235,.F.);
#5732=ORIENTED_EDGE('',*,*,#4236,.F.);
#5733=ORIENTED_EDGE('',*,*,#4231,.T.);
#5734=ORIENTED_EDGE('',*,*,#4237,.F.);
#5735=ORIENTED_EDGE('',*,*,#4238,.F.);
#5736=ORIENTED_EDGE('',*,*,#4239,.F.);
#5737=ORIENTED_EDGE('',*,*,#4235,.T.);
#5738=ORIENTED_EDGE('',*,*,#4234,.T.);
#5739=ORIENTED_EDGE('',*,*,#4230,.T.);
#5740=ORIENTED_EDGE('',*,*,#4240,.T.);
#5741=ORIENTED_EDGE('',*,*,#4241,.T.);
#5742=ORIENTED_EDGE('',*,*,#4237,.T.);
#5743=ORIENTED_EDGE('',*,*,#4242,.F.);
#5744=ORIENTED_EDGE('',*,*,#4243,.T.);
#5745=ORIENTED_EDGE('',*,*,#4244,.F.);
#5746=ORIENTED_EDGE('',*,*,#4243,.F.);
#5747=ORIENTED_EDGE('',*,*,#4242,.T.);
#5748=ORIENTED_EDGE('',*,*,#4223,.T.);
#5749=ORIENTED_EDGE('',*,*,#4245,.T.);
#5750=ORIENTED_EDGE('',*,*,#4246,.T.);
#5751=ORIENTED_EDGE('',*,*,#4247,.F.);
#5752=ORIENTED_EDGE('',*,*,#4248,.F.);
#5753=ORIENTED_EDGE('',*,*,#4249,.T.);
#5754=ORIENTED_EDGE('',*,*,#4250,.T.);
#5755=ORIENTED_EDGE('',*,*,#4251,.F.);
#5756=ORIENTED_EDGE('',*,*,#4252,.F.);
#5757=ORIENTED_EDGE('',*,*,#4253,.T.);
#5758=ORIENTED_EDGE('',*,*,#4252,.T.);
#5759=ORIENTED_EDGE('',*,*,#4254,.F.);
#5760=ORIENTED_EDGE('',*,*,#4246,.F.);
#5761=ORIENTED_EDGE('',*,*,#4254,.T.);
#5762=ORIENTED_EDGE('',*,*,#4251,.T.);
#5763=ORIENTED_EDGE('',*,*,#4255,.T.);
#5764=ORIENTED_EDGE('',*,*,#4247,.T.);
#5765=ORIENTED_EDGE('',*,*,#4221,.T.);
#5766=ORIENTED_EDGE('',*,*,#4224,.T.);
#5767=ORIENTED_EDGE('',*,*,#4227,.T.);
#5768=ORIENTED_EDGE('',*,*,#4256,.F.);
#5769=ORIENTED_EDGE('',*,*,#4249,.F.);
#5770=ORIENTED_EDGE('',*,*,#4253,.F.);
#5771=ORIENTED_EDGE('',*,*,#4245,.F.);
#5772=ORIENTED_EDGE('',*,*,#4257,.F.);
#5773=ORIENTED_EDGE('',*,*,#4244,.T.);
#5774=ORIENTED_EDGE('',*,*,#4256,.T.);
#5775=ORIENTED_EDGE('',*,*,#4258,.T.);
#5776=ORIENTED_EDGE('',*,*,#4240,.F.);
#5777=ORIENTED_EDGE('',*,*,#4233,.F.);
#5778=ORIENTED_EDGE('',*,*,#4259,.T.);
#5779=ORIENTED_EDGE('',*,*,#4238,.T.);
#5780=ORIENTED_EDGE('',*,*,#4241,.F.);
#5781=ORIENTED_EDGE('',*,*,#4258,.F.);
#5782=ORIENTED_EDGE('',*,*,#4257,.T.);
#5783=ORIENTED_EDGE('',*,*,#4248,.T.);
#5784=ORIENTED_EDGE('',*,*,#4255,.F.);
#5785=ORIENTED_EDGE('',*,*,#4250,.F.);
#5786=ORIENTED_EDGE('',*,*,#4239,.T.);
#5787=ORIENTED_EDGE('',*,*,#4259,.F.);
#5788=ORIENTED_EDGE('',*,*,#4232,.T.);
#5789=ORIENTED_EDGE('',*,*,#4236,.T.);
#5790=ORIENTED_EDGE('',*,*,#4226,.T.);
#5791=ORIENTED_EDGE('',*,*,#4229,.T.);
#5792=ORIENTED_EDGE('',*,*,#4260,.T.);
#5793=ORIENTED_EDGE('',*,*,#4261,.T.);
#5794=ORIENTED_EDGE('',*,*,#4262,.T.);
#5795=ORIENTED_EDGE('',*,*,#4261,.F.);
#5796=ORIENTED_EDGE('',*,*,#4263,.T.);
#5797=ORIENTED_EDGE('',*,*,#4264,.T.);
#5798=ORIENTED_EDGE('',*,*,#4265,.T.);
#5799=ORIENTED_EDGE('',*,*,#4264,.F.);
#5800=ORIENTED_EDGE('',*,*,#4266,.T.);
#5801=ORIENTED_EDGE('',*,*,#4267,.T.);
#5802=ORIENTED_EDGE('',*,*,#4268,.T.);
#5803=ORIENTED_EDGE('',*,*,#4267,.F.);
#5804=ORIENTED_EDGE('',*,*,#4269,.T.);
#5805=ORIENTED_EDGE('',*,*,#4270,.F.);
#5806=ORIENTED_EDGE('',*,*,#4271,.T.);
#5807=ORIENTED_EDGE('',*,*,#4272,.T.);
#5808=ORIENTED_EDGE('',*,*,#4273,.T.);
#5809=ORIENTED_EDGE('',*,*,#4272,.F.);
#5810=ORIENTED_EDGE('',*,*,#4274,.T.);
#5811=ORIENTED_EDGE('',*,*,#4275,.T.);
#5812=ORIENTED_EDGE('',*,*,#4276,.T.);
#5813=ORIENTED_EDGE('',*,*,#4275,.F.);
#5814=ORIENTED_EDGE('',*,*,#4277,.T.);
#5815=ORIENTED_EDGE('',*,*,#4278,.T.);
#5816=ORIENTED_EDGE('',*,*,#4273,.F.);
#5817=ORIENTED_EDGE('',*,*,#4276,.F.);
#5818=ORIENTED_EDGE('',*,*,#4279,.F.);
#5819=ORIENTED_EDGE('',*,*,#4280,.F.);
#5820=ORIENTED_EDGE('',*,*,#4269,.F.);
#5821=ORIENTED_EDGE('',*,*,#4281,.T.);
#5822=ORIENTED_EDGE('',*,*,#4282,.T.);
#5823=ORIENTED_EDGE('',*,*,#4283,.T.);
#5824=ORIENTED_EDGE('',*,*,#4282,.F.);
#5825=ORIENTED_EDGE('',*,*,#4281,.F.);
#5826=ORIENTED_EDGE('',*,*,#4262,.F.);
#5827=ORIENTED_EDGE('',*,*,#4284,.F.);
#5828=ORIENTED_EDGE('',*,*,#4285,.T.);
#5829=ORIENTED_EDGE('',*,*,#4286,.T.);
#5830=ORIENTED_EDGE('',*,*,#4287,.F.);
#5831=ORIENTED_EDGE('',*,*,#4288,.F.);
#5832=ORIENTED_EDGE('',*,*,#4289,.T.);
#5833=ORIENTED_EDGE('',*,*,#4290,.T.);
#5834=ORIENTED_EDGE('',*,*,#4291,.F.);
#5835=ORIENTED_EDGE('',*,*,#4292,.F.);
#5836=ORIENTED_EDGE('',*,*,#4287,.T.);
#5837=ORIENTED_EDGE('',*,*,#4293,.T.);
#5838=ORIENTED_EDGE('',*,*,#4289,.F.);
#5839=ORIENTED_EDGE('',*,*,#4293,.F.);
#5840=ORIENTED_EDGE('',*,*,#4286,.F.);
#5841=ORIENTED_EDGE('',*,*,#4294,.F.);
#5842=ORIENTED_EDGE('',*,*,#4290,.F.);
#5843=ORIENTED_EDGE('',*,*,#4260,.F.);
#5844=ORIENTED_EDGE('',*,*,#4263,.F.);
#5845=ORIENTED_EDGE('',*,*,#4266,.F.);
#5846=ORIENTED_EDGE('',*,*,#4295,.T.);
#5847=ORIENTED_EDGE('',*,*,#4296,.T.);
#5848=ORIENTED_EDGE('',*,*,#4284,.T.);
#5849=ORIENTED_EDGE('',*,*,#4292,.T.);
#5850=ORIENTED_EDGE('',*,*,#4288,.T.);
#5851=ORIENTED_EDGE('',*,*,#4283,.F.);
#5852=ORIENTED_EDGE('',*,*,#4295,.F.);
#5853=ORIENTED_EDGE('',*,*,#4291,.T.);
#5854=ORIENTED_EDGE('',*,*,#4294,.T.);
#5855=ORIENTED_EDGE('',*,*,#4285,.F.);
#5856=ORIENTED_EDGE('',*,*,#4296,.F.);
#5857=ORIENTED_EDGE('',*,*,#4297,.T.);
#5858=ORIENTED_EDGE('',*,*,#4279,.T.);
#5859=ORIENTED_EDGE('',*,*,#4278,.F.);
#5860=ORIENTED_EDGE('',*,*,#4298,.F.);
#5861=ORIENTED_EDGE('',*,*,#4270,.T.);
#5862=ORIENTED_EDGE('',*,*,#4280,.T.);
#5863=ORIENTED_EDGE('',*,*,#4297,.F.);
#5864=ORIENTED_EDGE('',*,*,#4277,.F.);
#5865=ORIENTED_EDGE('',*,*,#4274,.F.);
#5866=ORIENTED_EDGE('',*,*,#4271,.F.);
#5867=ORIENTED_EDGE('',*,*,#4298,.T.);
#5868=ORIENTED_EDGE('',*,*,#4265,.F.);
#5869=ORIENTED_EDGE('',*,*,#4268,.F.);
#5870=ORIENTED_EDGE('',*,*,#4299,.T.);
#5871=ORIENTED_EDGE('',*,*,#4300,.T.);
#5872=ORIENTED_EDGE('',*,*,#4301,.F.);
#5873=ORIENTED_EDGE('',*,*,#4302,.T.);
#5874=ORIENTED_EDGE('',*,*,#4300,.F.);
#5875=ORIENTED_EDGE('',*,*,#4302,.F.);
#5876=ORIENTED_EDGE('',*,*,#4303,.F.);
#5877=ORIENTED_EDGE('',*,*,#4304,.T.);
#5878=ORIENTED_EDGE('',*,*,#4299,.F.);
#5879=ORIENTED_EDGE('',*,*,#4304,.F.);
#5880=ORIENTED_EDGE('',*,*,#4303,.T.);
#5881=ORIENTED_EDGE('',*,*,#4301,.T.);
#5882=ORIENTED_EDGE('',*,*,#4305,.F.);
#5883=ORIENTED_EDGE('',*,*,#4306,.T.);
#5884=ORIENTED_EDGE('',*,*,#4307,.F.);
#5885=ORIENTED_EDGE('',*,*,#4308,.F.);
#5886=ORIENTED_EDGE('',*,*,#4309,.F.);
#5887=ORIENTED_EDGE('',*,*,#4308,.T.);
#5888=ORIENTED_EDGE('',*,*,#4310,.F.);
#5889=ORIENTED_EDGE('',*,*,#4311,.F.);
#5890=ORIENTED_EDGE('',*,*,#4312,.F.);
#5891=ORIENTED_EDGE('',*,*,#4311,.T.);
#5892=ORIENTED_EDGE('',*,*,#4313,.F.);
#5893=ORIENTED_EDGE('',*,*,#4314,.F.);
#5894=ORIENTED_EDGE('',*,*,#4315,.F.);
#5895=ORIENTED_EDGE('',*,*,#4314,.T.);
#5896=ORIENTED_EDGE('',*,*,#4316,.F.);
#5897=ORIENTED_EDGE('',*,*,#4306,.F.);
#5898=ORIENTED_EDGE('',*,*,#4317,.F.);
#5899=ORIENTED_EDGE('',*,*,#4318,.F.);
#5900=ORIENTED_EDGE('',*,*,#4319,.F.);
#5901=ORIENTED_EDGE('',*,*,#4320,.F.);
#5902=ORIENTED_EDGE('',*,*,#4321,.F.);
#5903=ORIENTED_EDGE('',*,*,#4322,.F.);
#5904=ORIENTED_EDGE('',*,*,#4323,.F.);
#5905=ORIENTED_EDGE('',*,*,#4324,.T.);
#5906=ORIENTED_EDGE('',*,*,#4325,.F.);
#5907=ORIENTED_EDGE('',*,*,#4320,.T.);
#5908=ORIENTED_EDGE('',*,*,#4326,.F.);
#5909=ORIENTED_EDGE('',*,*,#4327,.F.);
#5910=ORIENTED_EDGE('',*,*,#4328,.F.);
#5911=ORIENTED_EDGE('',*,*,#4324,.F.);
#5912=ORIENTED_EDGE('',*,*,#4329,.F.);
#5913=ORIENTED_EDGE('',*,*,#4330,.F.);
#5914=ORIENTED_EDGE('',*,*,#4331,.F.);
#5915=ORIENTED_EDGE('',*,*,#4330,.T.);
#5916=ORIENTED_EDGE('',*,*,#4332,.T.);
#5917=ORIENTED_EDGE('',*,*,#4333,.F.);
#5918=ORIENTED_EDGE('',*,*,#4329,.T.);
#5919=ORIENTED_EDGE('',*,*,#4323,.T.);
#5920=ORIENTED_EDGE('',*,*,#4334,.F.);
#5921=ORIENTED_EDGE('',*,*,#4332,.F.);
#5922=ORIENTED_EDGE('',*,*,#4326,.T.);
#5923=ORIENTED_EDGE('',*,*,#4319,.T.);
#5924=ORIENTED_EDGE('',*,*,#4335,.F.);
#5925=ORIENTED_EDGE('',*,*,#4336,.F.);
#5926=ORIENTED_EDGE('',*,*,#4337,.F.);
#5927=ORIENTED_EDGE('',*,*,#4327,.T.);
#5928=ORIENTED_EDGE('',*,*,#4336,.T.);
#5929=ORIENTED_EDGE('',*,*,#4338,.F.);
#5930=ORIENTED_EDGE('',*,*,#4339,.F.);
#5931=ORIENTED_EDGE('',*,*,#4340,.F.);
#5932=ORIENTED_EDGE('',*,*,#4341,.T.);
#5933=ORIENTED_EDGE('',*,*,#4342,.F.);
#5934=ORIENTED_EDGE('',*,*,#4343,.F.);
#5935=ORIENTED_EDGE('',*,*,#4338,.T.);
#5936=ORIENTED_EDGE('',*,*,#4335,.T.);
#5937=ORIENTED_EDGE('',*,*,#4318,.T.);
#5938=ORIENTED_EDGE('',*,*,#4333,.T.);
#5939=ORIENTED_EDGE('',*,*,#4334,.T.);
#5940=ORIENTED_EDGE('',*,*,#4322,.T.);
#5941=ORIENTED_EDGE('',*,*,#4344,.F.);
#5942=ORIENTED_EDGE('',*,*,#4345,.F.);
#5943=ORIENTED_EDGE('',*,*,#4346,.F.);
#5944=ORIENTED_EDGE('',*,*,#4347,.T.);
#5945=ORIENTED_EDGE('',*,*,#4348,.F.);
#5946=ORIENTED_EDGE('',*,*,#4349,.T.);
#5947=ORIENTED_EDGE('',*,*,#4350,.T.);
#5948=ORIENTED_EDGE('',*,*,#4346,.T.);
#5949=ORIENTED_EDGE('',*,*,#4351,.T.);
#5950=ORIENTED_EDGE('',*,*,#4352,.T.);
#5951=ORIENTED_EDGE('',*,*,#4353,.T.);
#5952=ORIENTED_EDGE('',*,*,#4340,.T.);
#5953=ORIENTED_EDGE('',*,*,#4354,.T.);
#5954=ORIENTED_EDGE('',*,*,#4355,.F.);
#5955=ORIENTED_EDGE('',*,*,#4356,.F.);
#5956=ORIENTED_EDGE('',*,*,#4347,.F.);
#5957=ORIENTED_EDGE('',*,*,#4350,.F.);
#5958=ORIENTED_EDGE('',*,*,#4312,.T.);
#5959=ORIENTED_EDGE('',*,*,#4315,.T.);
#5960=ORIENTED_EDGE('',*,*,#4305,.T.);
#5961=ORIENTED_EDGE('',*,*,#4309,.T.);
#5962=ORIENTED_EDGE('',*,*,#4345,.T.);
#5963=ORIENTED_EDGE('',*,*,#4357,.F.);
#5964=ORIENTED_EDGE('',*,*,#4358,.F.);
#5965=ORIENTED_EDGE('',*,*,#4351,.F.);
#5966=ORIENTED_EDGE('',*,*,#4358,.T.);
#5967=ORIENTED_EDGE('',*,*,#4359,.F.);
#5968=ORIENTED_EDGE('',*,*,#4360,.F.);
#5969=ORIENTED_EDGE('',*,*,#4352,.F.);
#5970=ORIENTED_EDGE('',*,*,#4360,.T.);
#5971=ORIENTED_EDGE('',*,*,#4361,.F.);
#5972=ORIENTED_EDGE('',*,*,#4341,.F.);
#5973=ORIENTED_EDGE('',*,*,#4353,.F.);
#5974=ORIENTED_EDGE('',*,*,#4331,.T.);
#5975=ORIENTED_EDGE('',*,*,#4344,.T.);
#5976=ORIENTED_EDGE('',*,*,#4321,.T.);
#5977=ORIENTED_EDGE('',*,*,#4328,.T.);
#5978=ORIENTED_EDGE('',*,*,#4337,.T.);
#5979=ORIENTED_EDGE('',*,*,#4343,.T.);
#5980=ORIENTED_EDGE('',*,*,#4362,.F.);
#5981=ORIENTED_EDGE('',*,*,#4363,.F.);
#5982=ORIENTED_EDGE('',*,*,#4354,.F.);
#5983=ORIENTED_EDGE('',*,*,#4339,.T.);
#5984=ORIENTED_EDGE('',*,*,#4317,.T.);
#5985=ORIENTED_EDGE('',*,*,#4325,.T.);
#5986=ORIENTED_EDGE('',*,*,#4313,.T.);
#5987=ORIENTED_EDGE('',*,*,#4310,.T.);
#5988=ORIENTED_EDGE('',*,*,#4307,.T.);
#5989=ORIENTED_EDGE('',*,*,#4316,.T.);
#5990=ORIENTED_EDGE('',*,*,#4363,.T.);
#5991=ORIENTED_EDGE('',*,*,#4364,.F.);
#5992=ORIENTED_EDGE('',*,*,#4355,.T.);
#5993=ORIENTED_EDGE('',*,*,#4349,.F.);
#5994=ORIENTED_EDGE('',*,*,#4364,.T.);
#5995=ORIENTED_EDGE('',*,*,#4362,.T.);
#5996=ORIENTED_EDGE('',*,*,#4342,.T.);
#5997=ORIENTED_EDGE('',*,*,#4361,.T.);
#5998=ORIENTED_EDGE('',*,*,#4359,.T.);
#5999=ORIENTED_EDGE('',*,*,#4357,.T.);
#6000=ORIENTED_EDGE('',*,*,#4348,.T.);
#6001=ORIENTED_EDGE('',*,*,#4356,.T.);
#6002=ORIENTED_EDGE('',*,*,#4365,.T.);
#6003=ORIENTED_EDGE('',*,*,#4366,.T.);
#6004=ORIENTED_EDGE('',*,*,#4367,.F.);
#6005=ORIENTED_EDGE('',*,*,#4368,.F.);
#6006=ORIENTED_EDGE('',*,*,#4369,.T.);
#6007=ORIENTED_EDGE('',*,*,#4370,.T.);
#6008=ORIENTED_EDGE('',*,*,#4371,.F.);
#6009=ORIENTED_EDGE('',*,*,#4372,.F.);
#6010=ORIENTED_EDGE('',*,*,#4373,.T.);
#6011=ORIENTED_EDGE('',*,*,#4374,.T.);
#6012=ORIENTED_EDGE('',*,*,#4375,.F.);
#6013=ORIENTED_EDGE('',*,*,#4376,.F.);
#6014=ORIENTED_EDGE('',*,*,#4377,.T.);
#6015=ORIENTED_EDGE('',*,*,#4378,.T.);
#6016=ORIENTED_EDGE('',*,*,#4379,.F.);
#6017=ORIENTED_EDGE('',*,*,#4380,.F.);
#6018=ORIENTED_EDGE('',*,*,#4381,.F.);
#6019=ORIENTED_EDGE('',*,*,#4382,.T.);
#6020=ORIENTED_EDGE('',*,*,#4365,.F.);
#6021=ORIENTED_EDGE('',*,*,#4383,.F.);
#6022=ORIENTED_EDGE('',*,*,#4384,.F.);
#6023=ORIENTED_EDGE('',*,*,#4383,.T.);
#6024=ORIENTED_EDGE('',*,*,#4368,.T.);
#6025=ORIENTED_EDGE('',*,*,#4385,.F.);
#6026=ORIENTED_EDGE('',*,*,#4370,.F.);
#6027=ORIENTED_EDGE('',*,*,#4386,.F.);
#6028=ORIENTED_EDGE('',*,*,#4387,.F.);
#6029=ORIENTED_EDGE('',*,*,#4388,.F.);
#6030=ORIENTED_EDGE('',*,*,#4372,.T.);
#6031=ORIENTED_EDGE('',*,*,#4389,.F.);
#6032=ORIENTED_EDGE('',*,*,#4374,.F.);
#6033=ORIENTED_EDGE('',*,*,#4390,.F.);
#6034=ORIENTED_EDGE('',*,*,#4391,.F.);
#6035=ORIENTED_EDGE('',*,*,#4390,.T.);
#6036=ORIENTED_EDGE('',*,*,#4373,.F.);
#6037=ORIENTED_EDGE('',*,*,#4392,.F.);
#6038=ORIENTED_EDGE('',*,*,#4393,.F.);
#6039=ORIENTED_EDGE('',*,*,#4392,.T.);
#6040=ORIENTED_EDGE('',*,*,#4376,.T.);
#6041=ORIENTED_EDGE('',*,*,#4394,.F.);
#6042=ORIENTED_EDGE('',*,*,#4378,.F.);
#6043=ORIENTED_EDGE('',*,*,#4395,.F.);
#6044=ORIENTED_EDGE('',*,*,#4396,.F.);
#6045=ORIENTED_EDGE('',*,*,#4397,.F.);
#6046=ORIENTED_EDGE('',*,*,#4380,.T.);
#6047=ORIENTED_EDGE('',*,*,#4398,.F.);
#6048=ORIENTED_EDGE('',*,*,#4366,.F.);
#6049=ORIENTED_EDGE('',*,*,#4382,.F.);
#6050=ORIENTED_EDGE('',*,*,#4398,.T.);
#6051=ORIENTED_EDGE('',*,*,#4379,.T.);
#6052=ORIENTED_EDGE('',*,*,#4394,.T.);
#6053=ORIENTED_EDGE('',*,*,#4375,.T.);
#6054=ORIENTED_EDGE('',*,*,#4389,.T.);
#6055=ORIENTED_EDGE('',*,*,#4371,.T.);
#6056=ORIENTED_EDGE('',*,*,#4385,.T.);
#6057=ORIENTED_EDGE('',*,*,#4367,.T.);
#6058=ORIENTED_EDGE('',*,*,#4395,.T.);
#6059=ORIENTED_EDGE('',*,*,#4399,.T.);
#6060=ORIENTED_EDGE('',*,*,#4400,.F.);
#6061=ORIENTED_EDGE('',*,*,#4401,.F.);
#6062=ORIENTED_EDGE('',*,*,#4388,.T.);
#6063=ORIENTED_EDGE('',*,*,#4402,.F.);
#6064=ORIENTED_EDGE('',*,*,#4403,.F.);
#6065=ORIENTED_EDGE('',*,*,#4404,.T.);
#6066=ORIENTED_EDGE('',*,*,#4386,.T.);
#6067=ORIENTED_EDGE('',*,*,#4405,.T.);
#6068=ORIENTED_EDGE('',*,*,#4397,.T.);
#6069=ORIENTED_EDGE('',*,*,#4406,.F.);
#6070=ORIENTED_EDGE('',*,*,#4407,.T.);
#6071=ORIENTED_EDGE('',*,*,#4408,.T.);
#6072=ORIENTED_EDGE('',*,*,#4409,.T.);
#6073=ORIENTED_EDGE('',*,*,#4410,.T.);
#6074=ORIENTED_EDGE('',*,*,#4411,.T.);
#6075=ORIENTED_EDGE('',*,*,#4412,.T.);
#6076=ORIENTED_EDGE('',*,*,#4413,.T.);
#6077=ORIENTED_EDGE('',*,*,#4414,.T.);
#6078=ORIENTED_EDGE('',*,*,#4415,.T.);
#6079=ORIENTED_EDGE('',*,*,#4414,.F.);
#6080=ORIENTED_EDGE('',*,*,#4416,.T.);
#6081=ORIENTED_EDGE('',*,*,#4410,.F.);
#6082=ORIENTED_EDGE('',*,*,#4408,.F.);
#6083=ORIENTED_EDGE('',*,*,#4417,.T.);
#6084=ORIENTED_EDGE('',*,*,#4418,.T.);
#6085=ORIENTED_EDGE('',*,*,#4419,.T.);
#6086=ORIENTED_EDGE('',*,*,#4420,.F.);
#6087=ORIENTED_EDGE('',*,*,#4421,.T.);
#6088=ORIENTED_EDGE('',*,*,#4407,.F.);
#6089=ORIENTED_EDGE('',*,*,#4422,.F.);
#6090=ORIENTED_EDGE('',*,*,#4423,.F.);
#6091=ORIENTED_EDGE('',*,*,#4417,.F.);
#6092=ORIENTED_EDGE('',*,*,#4416,.F.);
#6093=ORIENTED_EDGE('',*,*,#4424,.F.);
#6094=ORIENTED_EDGE('',*,*,#4425,.F.);
#6095=ORIENTED_EDGE('',*,*,#4422,.T.);
#6096=ORIENTED_EDGE('',*,*,#4413,.F.);
#6097=ORIENTED_EDGE('',*,*,#4426,.F.);
#6098=ORIENTED_EDGE('',*,*,#4427,.F.);
#6099=ORIENTED_EDGE('',*,*,#4424,.T.);
#6100=ORIENTED_EDGE('',*,*,#4423,.T.);
#6101=ORIENTED_EDGE('',*,*,#4425,.T.);
#6102=ORIENTED_EDGE('',*,*,#4427,.T.);
#6103=ORIENTED_EDGE('',*,*,#4428,.T.);
#6104=ORIENTED_EDGE('',*,*,#4429,.T.);
#6105=ORIENTED_EDGE('',*,*,#4418,.F.);
#6106=ORIENTED_EDGE('',*,*,#4430,.F.);
#6107=ORIENTED_EDGE('',*,*,#4431,.T.);
#6108=ORIENTED_EDGE('',*,*,#4421,.F.);
#6109=ORIENTED_EDGE('',*,*,#4431,.F.);
#6110=ORIENTED_EDGE('',*,*,#4430,.T.);
#6111=ORIENTED_EDGE('',*,*,#4432,.F.);
#6112=ORIENTED_EDGE('',*,*,#4433,.T.);
#6113=ORIENTED_EDGE('',*,*,#4434,.T.);
#6114=ORIENTED_EDGE('',*,*,#4433,.F.);
#6115=ORIENTED_EDGE('',*,*,#4434,.F.);
#6116=ORIENTED_EDGE('',*,*,#4435,.F.);
#6117=ORIENTED_EDGE('',*,*,#4436,.F.);
#6118=ORIENTED_EDGE('',*,*,#4437,.F.);
#6119=ORIENTED_EDGE('',*,*,#4438,.F.);
#6120=ORIENTED_EDGE('',*,*,#4419,.F.);
#6121=ORIENTED_EDGE('',*,*,#4429,.F.);
#6122=ORIENTED_EDGE('',*,*,#4439,.T.);
#6123=ORIENTED_EDGE('',*,*,#4440,.F.);
#6124=ORIENTED_EDGE('',*,*,#4412,.F.);
#6125=ORIENTED_EDGE('',*,*,#4441,.F.);
#6126=ORIENTED_EDGE('',*,*,#4439,.F.);
#6127=ORIENTED_EDGE('',*,*,#4428,.F.);
#6128=ORIENTED_EDGE('',*,*,#4426,.T.);
#6129=ORIENTED_EDGE('',*,*,#4432,.T.);
#6130=ORIENTED_EDGE('',*,*,#4409,.F.);
#6131=ORIENTED_EDGE('',*,*,#4420,.T.);
#6132=ORIENTED_EDGE('',*,*,#4438,.T.);
#6133=ORIENTED_EDGE('',*,*,#4442,.F.);
#6134=ORIENTED_EDGE('',*,*,#4443,.F.);
#6135=ORIENTED_EDGE('',*,*,#4444,.F.);
#6136=ORIENTED_EDGE('',*,*,#4440,.T.);
#6137=ORIENTED_EDGE('',*,*,#4441,.T.);
#6138=ORIENTED_EDGE('',*,*,#4411,.F.);
#6139=ORIENTED_EDGE('',*,*,#4415,.F.);
#6140=ORIENTED_EDGE('',*,*,#4443,.T.);
#6141=ORIENTED_EDGE('',*,*,#4445,.F.);
#6142=ORIENTED_EDGE('',*,*,#4446,.T.);
#6143=ORIENTED_EDGE('',*,*,#4447,.F.);
#6144=ORIENTED_EDGE('',*,*,#4442,.T.);
#6145=ORIENTED_EDGE('',*,*,#4437,.T.);
#6146=ORIENTED_EDGE('',*,*,#4448,.T.);
#6147=ORIENTED_EDGE('',*,*,#4403,.T.);
#6148=ORIENTED_EDGE('',*,*,#4449,.T.);
#6149=ORIENTED_EDGE('',*,*,#4450,.T.);
#6150=ORIENTED_EDGE('',*,*,#4451,.T.);
#6151=ORIENTED_EDGE('',*,*,#4452,.T.);
#6152=ORIENTED_EDGE('',*,*,#4453,.T.);
#6153=ORIENTED_EDGE('',*,*,#4454,.T.);
#6154=ORIENTED_EDGE('',*,*,#4455,.T.);
#6155=ORIENTED_EDGE('',*,*,#4445,.T.);
#6156=ORIENTED_EDGE('',*,*,#4456,.F.);
#6157=ORIENTED_EDGE('',*,*,#4457,.F.);
#6158=ORIENTED_EDGE('',*,*,#4458,.F.);
#6159=ORIENTED_EDGE('',*,*,#4452,.F.);
#6160=ORIENTED_EDGE('',*,*,#4458,.T.);
#6161=ORIENTED_EDGE('',*,*,#4459,.F.);
#6162=ORIENTED_EDGE('',*,*,#4460,.F.);
#6163=ORIENTED_EDGE('',*,*,#4453,.F.);
#6164=ORIENTED_EDGE('',*,*,#4460,.T.);
#6165=ORIENTED_EDGE('',*,*,#4461,.F.);
#6166=ORIENTED_EDGE('',*,*,#4462,.F.);
#6167=ORIENTED_EDGE('',*,*,#4454,.F.);
#6168=ORIENTED_EDGE('',*,*,#4462,.T.);
#6169=ORIENTED_EDGE('',*,*,#4463,.F.);
#6170=ORIENTED_EDGE('',*,*,#4446,.F.);
#6171=ORIENTED_EDGE('',*,*,#4455,.F.);
#6172=ORIENTED_EDGE('',*,*,#4436,.T.);
#6173=ORIENTED_EDGE('',*,*,#4464,.F.);
#6174=ORIENTED_EDGE('',*,*,#4399,.F.);
#6175=ORIENTED_EDGE('',*,*,#4377,.F.);
#6176=ORIENTED_EDGE('',*,*,#4405,.F.);
#6177=ORIENTED_EDGE('',*,*,#4369,.F.);
#6178=ORIENTED_EDGE('',*,*,#4404,.F.);
#6179=ORIENTED_EDGE('',*,*,#4448,.F.);
#6180=ORIENTED_EDGE('',*,*,#4387,.T.);
#6181=ORIENTED_EDGE('',*,*,#4391,.T.);
#6182=ORIENTED_EDGE('',*,*,#4393,.T.);
#6183=ORIENTED_EDGE('',*,*,#4401,.T.);
#6184=ORIENTED_EDGE('',*,*,#4465,.F.);
#6185=ORIENTED_EDGE('',*,*,#4466,.F.);
#6186=ORIENTED_EDGE('',*,*,#4449,.F.);
#6187=ORIENTED_EDGE('',*,*,#4402,.T.);
#6188=ORIENTED_EDGE('',*,*,#4406,.T.);
#6189=ORIENTED_EDGE('',*,*,#4396,.T.);
#6190=ORIENTED_EDGE('',*,*,#4381,.T.);
#6191=ORIENTED_EDGE('',*,*,#4384,.T.);
#6192=ORIENTED_EDGE('',*,*,#4466,.T.);
#6193=ORIENTED_EDGE('',*,*,#4467,.F.);
#6194=ORIENTED_EDGE('',*,*,#4468,.F.);
#6195=ORIENTED_EDGE('',*,*,#4450,.F.);
#6196=ORIENTED_EDGE('',*,*,#4468,.T.);
#6197=ORIENTED_EDGE('',*,*,#4469,.F.);
#6198=ORIENTED_EDGE('',*,*,#4456,.T.);
#6199=ORIENTED_EDGE('',*,*,#4451,.F.);
#6200=ORIENTED_EDGE('',*,*,#4444,.T.);
#6201=ORIENTED_EDGE('',*,*,#4447,.T.);
#6202=ORIENTED_EDGE('',*,*,#4463,.T.);
#6203=ORIENTED_EDGE('',*,*,#4461,.T.);
#6204=ORIENTED_EDGE('',*,*,#4459,.T.);
#6205=ORIENTED_EDGE('',*,*,#4457,.T.);
#6206=ORIENTED_EDGE('',*,*,#4469,.T.);
#6207=ORIENTED_EDGE('',*,*,#4467,.T.);
#6208=ORIENTED_EDGE('',*,*,#4465,.T.);
#6209=ORIENTED_EDGE('',*,*,#4400,.T.);
#6210=ORIENTED_EDGE('',*,*,#4464,.T.);
#6211=ORIENTED_EDGE('',*,*,#4435,.T.);
#6212=ORIENTED_EDGE('',*,*,#4470,.T.);
#6213=ORIENTED_EDGE('',*,*,#4471,.T.);
#6214=ORIENTED_EDGE('',*,*,#4472,.T.);
#6215=ORIENTED_EDGE('',*,*,#4473,.T.);
#6216=ORIENTED_EDGE('',*,*,#4474,.T.);
#6217=ORIENTED_EDGE('',*,*,#4475,.T.);
#6218=ORIENTED_EDGE('',*,*,#4476,.T.);
#6219=ORIENTED_EDGE('',*,*,#4477,.T.);
#6220=ORIENTED_EDGE('',*,*,#4478,.F.);
#6221=ORIENTED_EDGE('',*,*,#4479,.F.);
#6222=ORIENTED_EDGE('',*,*,#4480,.F.);
#6223=ORIENTED_EDGE('',*,*,#4471,.F.);
#6224=ORIENTED_EDGE('',*,*,#4480,.T.);
#6225=ORIENTED_EDGE('',*,*,#4481,.F.);
#6226=ORIENTED_EDGE('',*,*,#4482,.F.);
#6227=ORIENTED_EDGE('',*,*,#4472,.F.);
#6228=ORIENTED_EDGE('',*,*,#4482,.T.);
#6229=ORIENTED_EDGE('',*,*,#4483,.F.);
#6230=ORIENTED_EDGE('',*,*,#4484,.F.);
#6231=ORIENTED_EDGE('',*,*,#4473,.F.);
#6232=ORIENTED_EDGE('',*,*,#4484,.T.);
#6233=ORIENTED_EDGE('',*,*,#4485,.F.);
#6234=ORIENTED_EDGE('',*,*,#4486,.F.);
#6235=ORIENTED_EDGE('',*,*,#4474,.F.);
#6236=ORIENTED_EDGE('',*,*,#4486,.T.);
#6237=ORIENTED_EDGE('',*,*,#4487,.F.);
#6238=ORIENTED_EDGE('',*,*,#4488,.F.);
#6239=ORIENTED_EDGE('',*,*,#4475,.F.);
#6240=ORIENTED_EDGE('',*,*,#4488,.T.);
#6241=ORIENTED_EDGE('',*,*,#4489,.F.);
#6242=ORIENTED_EDGE('',*,*,#4490,.F.);
#6243=ORIENTED_EDGE('',*,*,#4476,.F.);
#6244=ORIENTED_EDGE('',*,*,#4490,.T.);
#6245=ORIENTED_EDGE('',*,*,#4491,.F.);
#6246=ORIENTED_EDGE('',*,*,#4492,.F.);
#6247=ORIENTED_EDGE('',*,*,#4477,.F.);
#6248=ORIENTED_EDGE('',*,*,#4492,.T.);
#6249=ORIENTED_EDGE('',*,*,#4493,.F.);
#6250=ORIENTED_EDGE('',*,*,#4478,.T.);
#6251=ORIENTED_EDGE('',*,*,#4470,.F.);
#6252=ORIENTED_EDGE('',*,*,#4493,.T.);
#6253=ORIENTED_EDGE('',*,*,#4491,.T.);
#6254=ORIENTED_EDGE('',*,*,#4489,.T.);
#6255=ORIENTED_EDGE('',*,*,#4487,.T.);
#6256=ORIENTED_EDGE('',*,*,#4485,.T.);
#6257=ORIENTED_EDGE('',*,*,#4483,.T.);
#6258=ORIENTED_EDGE('',*,*,#4481,.T.);
#6259=ORIENTED_EDGE('',*,*,#4479,.T.);
#6260=ORIENTED_EDGE('',*,*,#4494,.T.);
#6261=ORIENTED_EDGE('',*,*,#4495,.T.);
#6262=ORIENTED_EDGE('',*,*,#4496,.T.);
#6263=ORIENTED_EDGE('',*,*,#4497,.T.);
#6264=ORIENTED_EDGE('',*,*,#4498,.T.);
#6265=ORIENTED_EDGE('',*,*,#4499,.T.);
#6266=ORIENTED_EDGE('',*,*,#4500,.T.);
#6267=ORIENTED_EDGE('',*,*,#4497,.F.);
#6268=ORIENTED_EDGE('',*,*,#4499,.F.);
#6269=ORIENTED_EDGE('',*,*,#4501,.T.);
#6270=ORIENTED_EDGE('',*,*,#4502,.T.);
#6271=ORIENTED_EDGE('',*,*,#4503,.T.);
#6272=ORIENTED_EDGE('',*,*,#4504,.F.);
#6273=ORIENTED_EDGE('',*,*,#4505,.T.);
#6274=ORIENTED_EDGE('',*,*,#4498,.F.);
#6275=ORIENTED_EDGE('',*,*,#4506,.F.);
#6276=ORIENTED_EDGE('',*,*,#4507,.F.);
#6277=ORIENTED_EDGE('',*,*,#4501,.F.);
#6278=ORIENTED_EDGE('',*,*,#4496,.F.);
#6279=ORIENTED_EDGE('',*,*,#4508,.F.);
#6280=ORIENTED_EDGE('',*,*,#4509,.F.);
#6281=ORIENTED_EDGE('',*,*,#4506,.T.);
#6282=ORIENTED_EDGE('',*,*,#4510,.F.);
#6283=ORIENTED_EDGE('',*,*,#4511,.T.);
#6284=ORIENTED_EDGE('',*,*,#4512,.F.);
#6285=ORIENTED_EDGE('',*,*,#4511,.F.);
#6286=ORIENTED_EDGE('',*,*,#4495,.F.);
#6287=ORIENTED_EDGE('',*,*,#4513,.F.);
#6288=ORIENTED_EDGE('',*,*,#4514,.F.);
#6289=ORIENTED_EDGE('',*,*,#4515,.F.);
#6290=ORIENTED_EDGE('',*,*,#4508,.T.);
#6291=ORIENTED_EDGE('',*,*,#4516,.T.);
#6292=ORIENTED_EDGE('',*,*,#4507,.T.);
#6293=ORIENTED_EDGE('',*,*,#4509,.T.);
#6294=ORIENTED_EDGE('',*,*,#4515,.T.);
#6295=ORIENTED_EDGE('',*,*,#4517,.T.);
#6296=ORIENTED_EDGE('',*,*,#4502,.F.);
#6297=ORIENTED_EDGE('',*,*,#4510,.T.);
#6298=ORIENTED_EDGE('',*,*,#4518,.T.);
#6299=ORIENTED_EDGE('',*,*,#4519,.T.);
#6300=ORIENTED_EDGE('',*,*,#4520,.T.);
#6301=ORIENTED_EDGE('',*,*,#4521,.T.);
#6302=ORIENTED_EDGE('',*,*,#4522,.T.);
#6303=ORIENTED_EDGE('',*,*,#4523,.T.);
#6304=ORIENTED_EDGE('',*,*,#4524,.T.);
#6305=ORIENTED_EDGE('',*,*,#4525,.T.);
#6306=ORIENTED_EDGE('',*,*,#4526,.T.);
#6307=ORIENTED_EDGE('',*,*,#4527,.T.);
#6308=ORIENTED_EDGE('',*,*,#4528,.T.);
#6309=ORIENTED_EDGE('',*,*,#4529,.T.);
#6310=ORIENTED_EDGE('',*,*,#4530,.T.);
#6311=ORIENTED_EDGE('',*,*,#4524,.F.);
#6312=ORIENTED_EDGE('',*,*,#4531,.T.);
#6313=ORIENTED_EDGE('',*,*,#4532,.F.);
#6314=ORIENTED_EDGE('',*,*,#4533,.T.);
#6315=ORIENTED_EDGE('',*,*,#4525,.F.);
#6316=ORIENTED_EDGE('',*,*,#4530,.F.);
#6317=ORIENTED_EDGE('',*,*,#4534,.F.);
#6318=ORIENTED_EDGE('',*,*,#4535,.T.);
#6319=ORIENTED_EDGE('',*,*,#4526,.F.);
#6320=ORIENTED_EDGE('',*,*,#4533,.F.);
#6321=ORIENTED_EDGE('',*,*,#4536,.F.);
#6322=ORIENTED_EDGE('',*,*,#4537,.T.);
#6323=ORIENTED_EDGE('',*,*,#4527,.F.);
#6324=ORIENTED_EDGE('',*,*,#4535,.F.);
#6325=ORIENTED_EDGE('',*,*,#4538,.F.);
#6326=ORIENTED_EDGE('',*,*,#4539,.T.);
#6327=ORIENTED_EDGE('',*,*,#4528,.F.);
#6328=ORIENTED_EDGE('',*,*,#4537,.F.);
#6329=ORIENTED_EDGE('',*,*,#4540,.F.);
#6330=ORIENTED_EDGE('',*,*,#4541,.T.);
#6331=ORIENTED_EDGE('',*,*,#4520,.F.);
#6332=ORIENTED_EDGE('',*,*,#4542,.F.);
#6333=ORIENTED_EDGE('',*,*,#4543,.F.);
#6334=ORIENTED_EDGE('',*,*,#4544,.T.);
#6335=ORIENTED_EDGE('',*,*,#4521,.F.);
#6336=ORIENTED_EDGE('',*,*,#4541,.F.);
#6337=ORIENTED_EDGE('',*,*,#4545,.F.);
#6338=ORIENTED_EDGE('',*,*,#4546,.T.);
#6339=ORIENTED_EDGE('',*,*,#4522,.F.);
#6340=ORIENTED_EDGE('',*,*,#4544,.F.);
#6341=ORIENTED_EDGE('',*,*,#4547,.F.);
#6342=ORIENTED_EDGE('',*,*,#4531,.F.);
#6343=ORIENTED_EDGE('',*,*,#4523,.F.);
#6344=ORIENTED_EDGE('',*,*,#4546,.F.);
#6345=ORIENTED_EDGE('',*,*,#4548,.F.);
#6346=ORIENTED_EDGE('',*,*,#4549,.T.);
#6347=ORIENTED_EDGE('',*,*,#4550,.T.);
#6348=ORIENTED_EDGE('',*,*,#4540,.T.);
#6349=ORIENTED_EDGE('',*,*,#4538,.T.);
#6350=ORIENTED_EDGE('',*,*,#4536,.T.);
#6351=ORIENTED_EDGE('',*,*,#4534,.T.);
#6352=ORIENTED_EDGE('',*,*,#4532,.T.);
#6353=ORIENTED_EDGE('',*,*,#4548,.T.);
#6354=ORIENTED_EDGE('',*,*,#4547,.T.);
#6355=ORIENTED_EDGE('',*,*,#4545,.T.);
#6356=ORIENTED_EDGE('',*,*,#4543,.T.);
#6357=ORIENTED_EDGE('',*,*,#4551,.T.);
#6358=ORIENTED_EDGE('',*,*,#4552,.T.);
#6359=ORIENTED_EDGE('',*,*,#4551,.F.);
#6360=ORIENTED_EDGE('',*,*,#4542,.T.);
#6361=ORIENTED_EDGE('',*,*,#4519,.F.);
#6362=ORIENTED_EDGE('',*,*,#4500,.F.);
#6363=ORIENTED_EDGE('',*,*,#4504,.T.);
#6364=ORIENTED_EDGE('',*,*,#4553,.T.);
#6365=ORIENTED_EDGE('',*,*,#4549,.F.);
#6366=ORIENTED_EDGE('',*,*,#4552,.F.);
#6367=ORIENTED_EDGE('',*,*,#4518,.F.);
#6368=ORIENTED_EDGE('',*,*,#4554,.T.);
#6369=ORIENTED_EDGE('',*,*,#4513,.T.);
#6370=ORIENTED_EDGE('',*,*,#4494,.F.);
#6371=ORIENTED_EDGE('',*,*,#4512,.T.);
#6372=ORIENTED_EDGE('',*,*,#4529,.F.);
#6373=ORIENTED_EDGE('',*,*,#4539,.F.);
#6374=ORIENTED_EDGE('',*,*,#4550,.F.);
#6375=ORIENTED_EDGE('',*,*,#4553,.F.);
#6376=ORIENTED_EDGE('',*,*,#4503,.F.);
#6377=ORIENTED_EDGE('',*,*,#4517,.F.);
#6378=ORIENTED_EDGE('',*,*,#4514,.T.);
#6379=ORIENTED_EDGE('',*,*,#4554,.F.);
#6380=ORIENTED_EDGE('',*,*,#4555,.F.);
#6381=ORIENTED_EDGE('',*,*,#4516,.F.);
#6382=ORIENTED_EDGE('',*,*,#4556,.T.);
#6383=ORIENTED_EDGE('',*,*,#4555,.T.);
#6384=ORIENTED_EDGE('',*,*,#4556,.F.);
#6385=ORIENTED_EDGE('',*,*,#4557,.T.);
#6386=ORIENTED_EDGE('',*,*,#4557,.F.);
#6387=ORIENTED_EDGE('',*,*,#4558,.T.);
#6388=ORIENTED_EDGE('',*,*,#4505,.F.);
#6389=ORIENTED_EDGE('',*,*,#4558,.F.);
#6390=ORIENTED_EDGE('',*,*,#4559,.T.);
#6391=ORIENTED_EDGE('',*,*,#4560,.T.);
#6392=ORIENTED_EDGE('',*,*,#4561,.T.);
#6393=ORIENTED_EDGE('',*,*,#4562,.T.);
#6394=ORIENTED_EDGE('',*,*,#4563,.T.);
#6395=ORIENTED_EDGE('',*,*,#4564,.T.);
#6396=ORIENTED_EDGE('',*,*,#4565,.T.);
#6397=ORIENTED_EDGE('',*,*,#4566,.T.);
#6398=ORIENTED_EDGE('',*,*,#4567,.F.);
#6399=ORIENTED_EDGE('',*,*,#4568,.F.);
#6400=ORIENTED_EDGE('',*,*,#4569,.F.);
#6401=ORIENTED_EDGE('',*,*,#4560,.F.);
#6402=ORIENTED_EDGE('',*,*,#4569,.T.);
#6403=ORIENTED_EDGE('',*,*,#4570,.F.);
#6404=ORIENTED_EDGE('',*,*,#4571,.F.);
#6405=ORIENTED_EDGE('',*,*,#4561,.F.);
#6406=ORIENTED_EDGE('',*,*,#4571,.T.);
#6407=ORIENTED_EDGE('',*,*,#4572,.F.);
#6408=ORIENTED_EDGE('',*,*,#4573,.F.);
#6409=ORIENTED_EDGE('',*,*,#4562,.F.);
#6410=ORIENTED_EDGE('',*,*,#4573,.T.);
#6411=ORIENTED_EDGE('',*,*,#4574,.F.);
#6412=ORIENTED_EDGE('',*,*,#4575,.F.);
#6413=ORIENTED_EDGE('',*,*,#4563,.F.);
#6414=ORIENTED_EDGE('',*,*,#4575,.T.);
#6415=ORIENTED_EDGE('',*,*,#4576,.F.);
#6416=ORIENTED_EDGE('',*,*,#4577,.F.);
#6417=ORIENTED_EDGE('',*,*,#4564,.F.);
#6418=ORIENTED_EDGE('',*,*,#4577,.T.);
#6419=ORIENTED_EDGE('',*,*,#4578,.F.);
#6420=ORIENTED_EDGE('',*,*,#4579,.F.);
#6421=ORIENTED_EDGE('',*,*,#4565,.F.);
#6422=ORIENTED_EDGE('',*,*,#4579,.T.);
#6423=ORIENTED_EDGE('',*,*,#4580,.F.);
#6424=ORIENTED_EDGE('',*,*,#4581,.F.);
#6425=ORIENTED_EDGE('',*,*,#4566,.F.);
#6426=ORIENTED_EDGE('',*,*,#4581,.T.);
#6427=ORIENTED_EDGE('',*,*,#4582,.F.);
#6428=ORIENTED_EDGE('',*,*,#4567,.T.);
#6429=ORIENTED_EDGE('',*,*,#4559,.F.);
#6430=ORIENTED_EDGE('',*,*,#4582,.T.);
#6431=ORIENTED_EDGE('',*,*,#4580,.T.);
#6432=ORIENTED_EDGE('',*,*,#4578,.T.);
#6433=ORIENTED_EDGE('',*,*,#4576,.T.);
#6434=ORIENTED_EDGE('',*,*,#4574,.T.);
#6435=ORIENTED_EDGE('',*,*,#4572,.T.);
#6436=ORIENTED_EDGE('',*,*,#4570,.T.);
#6437=ORIENTED_EDGE('',*,*,#4568,.T.);
#6438=ORIENTED_EDGE('',*,*,#4583,.T.);
#6439=ORIENTED_EDGE('',*,*,#4584,.T.);
#6440=ORIENTED_EDGE('',*,*,#4585,.T.);
#6441=ORIENTED_EDGE('',*,*,#4586,.T.);
#6442=ORIENTED_EDGE('',*,*,#4587,.T.);
#6443=ORIENTED_EDGE('',*,*,#4588,.T.);
#6444=ORIENTED_EDGE('',*,*,#4589,.T.);
#6445=ORIENTED_EDGE('',*,*,#4586,.F.);
#6446=ORIENTED_EDGE('',*,*,#4588,.F.);
#6447=ORIENTED_EDGE('',*,*,#4590,.T.);
#6448=ORIENTED_EDGE('',*,*,#4591,.T.);
#6449=ORIENTED_EDGE('',*,*,#4592,.T.);
#6450=ORIENTED_EDGE('',*,*,#4593,.F.);
#6451=ORIENTED_EDGE('',*,*,#4594,.T.);
#6452=ORIENTED_EDGE('',*,*,#4587,.F.);
#6453=ORIENTED_EDGE('',*,*,#4595,.F.);
#6454=ORIENTED_EDGE('',*,*,#4596,.F.);
#6455=ORIENTED_EDGE('',*,*,#4590,.F.);
#6456=ORIENTED_EDGE('',*,*,#4585,.F.);
#6457=ORIENTED_EDGE('',*,*,#4597,.F.);
#6458=ORIENTED_EDGE('',*,*,#4598,.F.);
#6459=ORIENTED_EDGE('',*,*,#4595,.T.);
#6460=ORIENTED_EDGE('',*,*,#4599,.F.);
#6461=ORIENTED_EDGE('',*,*,#4600,.T.);
#6462=ORIENTED_EDGE('',*,*,#4601,.F.);
#6463=ORIENTED_EDGE('',*,*,#4600,.F.);
#6464=ORIENTED_EDGE('',*,*,#4584,.F.);
#6465=ORIENTED_EDGE('',*,*,#4602,.F.);
#6466=ORIENTED_EDGE('',*,*,#4603,.F.);
#6467=ORIENTED_EDGE('',*,*,#4604,.F.);
#6468=ORIENTED_EDGE('',*,*,#4597,.T.);
#6469=ORIENTED_EDGE('',*,*,#4605,.T.);
#6470=ORIENTED_EDGE('',*,*,#4596,.T.);
#6471=ORIENTED_EDGE('',*,*,#4598,.T.);
#6472=ORIENTED_EDGE('',*,*,#4604,.T.);
#6473=ORIENTED_EDGE('',*,*,#4606,.T.);
#6474=ORIENTED_EDGE('',*,*,#4591,.F.);
#6475=ORIENTED_EDGE('',*,*,#4599,.T.);
#6476=ORIENTED_EDGE('',*,*,#4607,.T.);
#6477=ORIENTED_EDGE('',*,*,#4608,.T.);
#6478=ORIENTED_EDGE('',*,*,#4609,.T.);
#6479=ORIENTED_EDGE('',*,*,#4610,.T.);
#6480=ORIENTED_EDGE('',*,*,#4611,.T.);
#6481=ORIENTED_EDGE('',*,*,#4612,.T.);
#6482=ORIENTED_EDGE('',*,*,#4613,.T.);
#6483=ORIENTED_EDGE('',*,*,#4614,.T.);
#6484=ORIENTED_EDGE('',*,*,#4615,.T.);
#6485=ORIENTED_EDGE('',*,*,#4616,.T.);
#6486=ORIENTED_EDGE('',*,*,#4617,.T.);
#6487=ORIENTED_EDGE('',*,*,#4618,.T.);
#6488=ORIENTED_EDGE('',*,*,#4619,.T.);
#6489=ORIENTED_EDGE('',*,*,#4613,.F.);
#6490=ORIENTED_EDGE('',*,*,#4620,.T.);
#6491=ORIENTED_EDGE('',*,*,#4621,.F.);
#6492=ORIENTED_EDGE('',*,*,#4622,.T.);
#6493=ORIENTED_EDGE('',*,*,#4614,.F.);
#6494=ORIENTED_EDGE('',*,*,#4619,.F.);
#6495=ORIENTED_EDGE('',*,*,#4623,.F.);
#6496=ORIENTED_EDGE('',*,*,#4624,.T.);
#6497=ORIENTED_EDGE('',*,*,#4615,.F.);
#6498=ORIENTED_EDGE('',*,*,#4622,.F.);
#6499=ORIENTED_EDGE('',*,*,#4625,.F.);
#6500=ORIENTED_EDGE('',*,*,#4626,.T.);
#6501=ORIENTED_EDGE('',*,*,#4616,.F.);
#6502=ORIENTED_EDGE('',*,*,#4624,.F.);
#6503=ORIENTED_EDGE('',*,*,#4627,.F.);
#6504=ORIENTED_EDGE('',*,*,#4628,.T.);
#6505=ORIENTED_EDGE('',*,*,#4617,.F.);
#6506=ORIENTED_EDGE('',*,*,#4626,.F.);
#6507=ORIENTED_EDGE('',*,*,#4629,.F.);
#6508=ORIENTED_EDGE('',*,*,#4630,.T.);
#6509=ORIENTED_EDGE('',*,*,#4609,.F.);
#6510=ORIENTED_EDGE('',*,*,#4631,.F.);
#6511=ORIENTED_EDGE('',*,*,#4632,.F.);
#6512=ORIENTED_EDGE('',*,*,#4633,.T.);
#6513=ORIENTED_EDGE('',*,*,#4610,.F.);
#6514=ORIENTED_EDGE('',*,*,#4630,.F.);
#6515=ORIENTED_EDGE('',*,*,#4634,.F.);
#6516=ORIENTED_EDGE('',*,*,#4635,.T.);
#6517=ORIENTED_EDGE('',*,*,#4611,.F.);
#6518=ORIENTED_EDGE('',*,*,#4633,.F.);
#6519=ORIENTED_EDGE('',*,*,#4636,.F.);
#6520=ORIENTED_EDGE('',*,*,#4620,.F.);
#6521=ORIENTED_EDGE('',*,*,#4612,.F.);
#6522=ORIENTED_EDGE('',*,*,#4635,.F.);
#6523=ORIENTED_EDGE('',*,*,#4637,.F.);
#6524=ORIENTED_EDGE('',*,*,#4638,.T.);
#6525=ORIENTED_EDGE('',*,*,#4639,.T.);
#6526=ORIENTED_EDGE('',*,*,#4629,.T.);
#6527=ORIENTED_EDGE('',*,*,#4627,.T.);
#6528=ORIENTED_EDGE('',*,*,#4625,.T.);
#6529=ORIENTED_EDGE('',*,*,#4623,.T.);
#6530=ORIENTED_EDGE('',*,*,#4621,.T.);
#6531=ORIENTED_EDGE('',*,*,#4637,.T.);
#6532=ORIENTED_EDGE('',*,*,#4636,.T.);
#6533=ORIENTED_EDGE('',*,*,#4634,.T.);
#6534=ORIENTED_EDGE('',*,*,#4632,.T.);
#6535=ORIENTED_EDGE('',*,*,#4640,.T.);
#6536=ORIENTED_EDGE('',*,*,#4641,.T.);
#6537=ORIENTED_EDGE('',*,*,#4640,.F.);
#6538=ORIENTED_EDGE('',*,*,#4631,.T.);
#6539=ORIENTED_EDGE('',*,*,#4608,.F.);
#6540=ORIENTED_EDGE('',*,*,#4589,.F.);
#6541=ORIENTED_EDGE('',*,*,#4593,.T.);
#6542=ORIENTED_EDGE('',*,*,#4642,.T.);
#6543=ORIENTED_EDGE('',*,*,#4638,.F.);
#6544=ORIENTED_EDGE('',*,*,#4641,.F.);
#6545=ORIENTED_EDGE('',*,*,#4607,.F.);
#6546=ORIENTED_EDGE('',*,*,#4643,.T.);
#6547=ORIENTED_EDGE('',*,*,#4602,.T.);
#6548=ORIENTED_EDGE('',*,*,#4583,.F.);
#6549=ORIENTED_EDGE('',*,*,#4601,.T.);
#6550=ORIENTED_EDGE('',*,*,#4618,.F.);
#6551=ORIENTED_EDGE('',*,*,#4628,.F.);
#6552=ORIENTED_EDGE('',*,*,#4639,.F.);
#6553=ORIENTED_EDGE('',*,*,#4642,.F.);
#6554=ORIENTED_EDGE('',*,*,#4592,.F.);
#6555=ORIENTED_EDGE('',*,*,#4606,.F.);
#6556=ORIENTED_EDGE('',*,*,#4603,.T.);
#6557=ORIENTED_EDGE('',*,*,#4643,.F.);
#6558=ORIENTED_EDGE('',*,*,#4644,.F.);
#6559=ORIENTED_EDGE('',*,*,#4605,.F.);
#6560=ORIENTED_EDGE('',*,*,#4645,.T.);
#6561=ORIENTED_EDGE('',*,*,#4644,.T.);
#6562=ORIENTED_EDGE('',*,*,#4645,.F.);
#6563=ORIENTED_EDGE('',*,*,#4646,.T.);
#6564=ORIENTED_EDGE('',*,*,#4646,.F.);
#6565=ORIENTED_EDGE('',*,*,#4647,.T.);
#6566=ORIENTED_EDGE('',*,*,#4594,.F.);
#6567=ORIENTED_EDGE('',*,*,#4647,.F.);
#6568=CYLINDRICAL_SURFACE('',#7248,3.5);
#6569=CYLINDRICAL_SURFACE('',#7251,4.5);
#6570=CYLINDRICAL_SURFACE('',#7272,1.5);
#6571=CYLINDRICAL_SURFACE('',#7275,1.5);
#6572=CYLINDRICAL_SURFACE('',#7304,2.75);
#6573=CYLINDRICAL_SURFACE('',#7306,3.5);
#6574=CYLINDRICAL_SURFACE('',#7316,1.05);
#6575=CYLINDRICAL_SURFACE('',#7323,0.75);
#6576=CYLINDRICAL_SURFACE('',#7341,1.4732);
#6577=CYLINDRICAL_SURFACE('',#7343,0.762);
#6578=CYLINDRICAL_SURFACE('',#7384,2.05);
#6579=CYLINDRICAL_SURFACE('',#7387,2.05);
#6580=CYLINDRICAL_SURFACE('',#7390,2.05);
#6581=CYLINDRICAL_SURFACE('',#7393,2.05);
#6582=CYLINDRICAL_SURFACE('',#7396,2.05);
#6583=CYLINDRICAL_SURFACE('',#7399,2.05);
#6584=CYLINDRICAL_SURFACE('',#7414,2.05);
#6585=CYLINDRICAL_SURFACE('',#7417,2.05);
#6586=CYLINDRICAL_SURFACE('',#7420,2.05);
#6587=CYLINDRICAL_SURFACE('',#7423,100.);
#6588=CYLINDRICAL_SURFACE('',#7430,110.300000000005);
#6589=CYLINDRICAL_SURFACE('',#7435,115.300000000005);
#6590=CYLINDRICAL_SURFACE('',#7443,110.300000000005);
#6591=CYLINDRICAL_SURFACE('',#7448,115.300000000005);
#6592=CYLINDRICAL_SURFACE('',#7454,115.300000000005);
#6593=CYLINDRICAL_SURFACE('',#7459,110.300000000005);
#6594=CYLINDRICAL_SURFACE('',#7467,1.5);
#6595=CYLINDRICAL_SURFACE('',#7470,1.5);
#6596=CYLINDRICAL_SURFACE('',#7487,4.85);
#6597=CYLINDRICAL_SURFACE('',#7488,2.6);
#6598=CYLINDRICAL_SURFACE('',#7493,2.6);
#6599=CYLINDRICAL_SURFACE('',#7498,2.6);
#6600=CYLINDRICAL_SURFACE('',#7505,2.05);
#6601=CYLINDRICAL_SURFACE('',#7508,2.05);
#6602=CYLINDRICAL_SURFACE('',#7511,2.05);
#6603=CYLINDRICAL_SURFACE('',#7527,3.99999856948853);
#6604=CYLINDRICAL_SURFACE('',#7529,96.);
#6605=CYLINDRICAL_SURFACE('',#7531,3.99999856948853);
#6606=CYLINDRICAL_SURFACE('',#7533,96.);
#6607=CYLINDRICAL_SURFACE('',#7535,3.99999856948853);
#6608=CYLINDRICAL_SURFACE('',#7537,96.);
#6609=CYLINDRICAL_SURFACE('',#7539,100.);
#6610=CYLINDRICAL_SURFACE('',#7545,2.05);
#6611=CYLINDRICAL_SURFACE('',#7549,2.05);
#6612=CYLINDRICAL_SURFACE('',#7553,2.6);
#6613=CYLINDRICAL_SURFACE('',#7557,2.6);
#6614=CYLINDRICAL_SURFACE('',#7561,2.);
#6615=CYLINDRICAL_SURFACE('',#7565,2.);
#6616=CYLINDRICAL_SURFACE('',#7569,2.6);
#6617=CYLINDRICAL_SURFACE('',#7573,2.6);
#6618=CYLINDRICAL_SURFACE('',#7577,2.25000000000001);
#6619=CYLINDRICAL_SURFACE('',#7580,2.25);
#6620=CYLINDRICAL_SURFACE('',#7595,2.05);
#6621=CYLINDRICAL_SURFACE('',#7598,2.05);
#6622=CYLINDRICAL_SURFACE('',#7604,2.09999999999999);
#6623=CYLINDRICAL_SURFACE('',#7606,8.47501516552474);
#6624=CYLINDRICAL_SURFACE('',#7611,2.09999999999999);
#6625=CYLINDRICAL_SURFACE('',#7613,8.47501516552474);
#6626=CYLINDRICAL_SURFACE('',#7625,76.3);
#6627=CYLINDRICAL_SURFACE('',#7631,61.6266352652986);
#6628=CYLINDRICAL_SURFACE('',#7635,81.3);
#6629=CYLINDRICAL_SURFACE('',#7636,61.6266352652986);
#6630=CYLINDRICAL_SURFACE('',#7642,2.09999999999999);
#6631=CYLINDRICAL_SURFACE('',#7644,11.1);
#6632=CYLINDRICAL_SURFACE('',#7648,14.9541964287515);
#6633=CYLINDRICAL_SURFACE('',#7652,4.1);
#6634=CYLINDRICAL_SURFACE('',#7657,1.99999999999999);
#6635=CYLINDRICAL_SURFACE('',#7660,1.54999999999999);
#6636=CYLINDRICAL_SURFACE('',#7663,1.54999999999999);
#6637=CYLINDRICAL_SURFACE('',#7667,4.15000000000001);
#6638=CYLINDRICAL_SURFACE('',#7674,3.85);
#6639=CYLINDRICAL_SURFACE('',#7680,14.9541964287515);
#6640=CYLINDRICAL_SURFACE('',#7688,9.02227339382264);
#6641=CYLINDRICAL_SURFACE('',#7691,1.99999999999999);
#6642=CYLINDRICAL_SURFACE('',#7694,1.54999999999999);
#6643=CYLINDRICAL_SURFACE('',#7697,1.54999999999999);
#6644=CYLINDRICAL_SURFACE('',#7701,4.15000000000001);
#6645=CYLINDRICAL_SURFACE('',#7708,3.85);
#6646=CYLINDRICAL_SURFACE('',#7714,14.9541964287515);
#6647=CYLINDRICAL_SURFACE('',#7722,9.02227339382264);
#6648=CYLINDRICAL_SURFACE('',#7732,3.95);
#6649=CYLINDRICAL_SURFACE('',#7734,10.975);
#6650=CYLINDRICAL_SURFACE('',#7764,100.);
#6651=CYLINDRICAL_SURFACE('',#7766,102.836298468075);
#6652=CYLINDRICAL_SURFACE('',#7770,107.163701531925);
#6653=CYLINDRICAL_SURFACE('',#7771,110.);
#6654=CYLINDRICAL_SURFACE('',#7775,253.548372077469);
#6655=CYLINDRICAL_SURFACE('',#7783,256.072359508929);
#6656=CYLINDRICAL_SURFACE('',#7798,110.);
#6657=CYLINDRICAL_SURFACE('',#7801,110.);
#6658=CYLINDRICAL_SURFACE('',#7804,110.);
#6659=CYLINDRICAL_SURFACE('',#7817,2.7);
#6660=CYLINDRICAL_SURFACE('',#7820,3.);
#6661=CYLINDRICAL_SURFACE('',#7824,44.9999999999993);
#6662=CYLINDRICAL_SURFACE('',#7837,102.736298468075);
#6663=CYLINDRICAL_SURFACE('',#7842,100.);
#6664=CYLINDRICAL_SURFACE('',#7848,107.263701531925);
#6665=CYLINDRICAL_SURFACE('',#7854,100.);
#6666=CYLINDRICAL_SURFACE('',#7859,102.836298468075);
#6667=CYLINDRICAL_SURFACE('',#7863,107.163701531925);
#6668=CYLINDRICAL_SURFACE('',#7867,110.);
#6669=CYLINDRICAL_SURFACE('',#7877,0.95);
#6670=CYLINDRICAL_SURFACE('',#7891,107.263701531925);
#6671=CYLINDRICAL_SURFACE('',#7895,110.);
#6672=CYLINDRICAL_SURFACE('',#7902,100.);
#6673=CYLINDRICAL_SURFACE('',#7906,102.736298468075);
#6674=CYLINDRICAL_SURFACE('',#7913,44.9999999999993);
#6675=CYLINDRICAL_SURFACE('',#7916,3.);
#6676=CYLINDRICAL_SURFACE('',#7919,2.7);
#6677=CYLINDRICAL_SURFACE('',#7922,100.);
#6678=CYLINDRICAL_SURFACE('',#7927,102.836298468075);
#6679=CYLINDRICAL_SURFACE('',#7931,107.163701531925);
#6680=CYLINDRICAL_SURFACE('',#7935,110.);
#6681=CYLINDRICAL_SURFACE('',#7945,0.95);
#6682=CYLINDRICAL_SURFACE('',#7959,107.263701531925);
#6683=CYLINDRICAL_SURFACE('',#7963,110.);
#6684=CYLINDRICAL_SURFACE('',#7970,100.);
#6685=CYLINDRICAL_SURFACE('',#7974,102.736298468075);
#6686=CYLINDRICAL_SURFACE('',#7981,44.9999999999993);
#6687=CYLINDRICAL_SURFACE('',#7984,3.);
#6688=CYLINDRICAL_SURFACE('',#7987,2.7);
#6689=ADVANCED_FACE('',(#575),#6568,.F.);
#6690=ADVANCED_FACE('',(#576),#6569,.T.);
#6691=ADVANCED_FACE('',(#577,#207),#322,.F.);
#6692=ADVANCED_FACE('',(#578),#323,.F.);
#6693=ADVANCED_FACE('',(#579),#324,.F.);
#6694=ADVANCED_FACE('',(#580),#325,.F.);
#6695=ADVANCED_FACE('',(#581),#326,.F.);
#6696=ADVANCED_FACE('',(#582),#327,.F.);
#6697=ADVANCED_FACE('',(#583),#328,.F.);
#6698=ADVANCED_FACE('',(#584),#329,.F.);
#6699=ADVANCED_FACE('',(#585),#330,.T.);
#6700=ADVANCED_FACE('',(#586),#331,.F.);
#6701=ADVANCED_FACE('',(#587),#332,.T.);
#6702=ADVANCED_FACE('',(#588),#333,.T.);
#6703=ADVANCED_FACE('',(#589),#334,.T.);
#6704=ADVANCED_FACE('',(#590),#335,.T.);
#6705=ADVANCED_FACE('',(#591,#208),#336,.T.);
#6706=ADVANCED_FACE('',(#592,#209),#337,.T.);
#6707=ADVANCED_FACE('',(#593),#338,.T.);
#6708=ADVANCED_FACE('',(#594),#6570,.F.);
#6709=ADVANCED_FACE('',(#595),#6571,.F.);
#6710=ADVANCED_FACE('',(#596,#210,#211),#339,.F.);
#6711=ADVANCED_FACE('',(#597),#340,.F.);
#6712=ADVANCED_FACE('',(#598,#212,#213),#341,.F.);
#6713=ADVANCED_FACE('',(#599),#342,.F.);
#6714=ADVANCED_FACE('',(#600,#214,#215),#343,.F.);
#6715=ADVANCED_FACE('',(#601),#344,.F.);
#6716=ADVANCED_FACE('',(#602),#345,.T.);
#6717=ADVANCED_FACE('',(#603),#346,.F.);
#6718=ADVANCED_FACE('',(#604),#347,.F.);
#6719=ADVANCED_FACE('',(#605),#348,.F.);
#6720=ADVANCED_FACE('',(#606,#216),#349,.F.);
#6721=ADVANCED_FACE('',(#607),#350,.F.);
#6722=ADVANCED_FACE('',(#608),#351,.F.);
#6723=ADVANCED_FACE('',(#609),#352,.F.);
#6724=ADVANCED_FACE('',(#610,#217),#353,.F.);
#6725=ADVANCED_FACE('',(#611),#133,.T.);
#6726=ADVANCED_FACE('',(#612),#134,.T.);
#6727=ADVANCED_FACE('',(#613),#6572,.F.);
#6728=ADVANCED_FACE('',(#614),#6573,.T.);
#6729=ADVANCED_FACE('',(#615,#218),#354,.T.);
#6730=ADVANCED_FACE('',(#616,#219),#355,.F.);
#6731=ADVANCED_FACE('',(#617),#135,.T.);
#6732=ADVANCED_FACE('',(#618),#6574,.T.);
#6733=ADVANCED_FACE('',(#619),#356,.T.);
#6734=ADVANCED_FACE('',(#620),#357,.F.);
#6735=ADVANCED_FACE('',(#621),#6575,.F.);
#6736=ADVANCED_FACE('',(#622,#220),#358,.T.);
#6737=ADVANCED_FACE('',(#623,#221),#359,.F.);
#6738=ADVANCED_FACE('',(#624),#360,.F.);
#6739=ADVANCED_FACE('',(#625),#361,.F.);
#6740=ADVANCED_FACE('',(#626),#362,.F.);
#6741=ADVANCED_FACE('',(#627,#222),#363,.F.);
#6742=ADVANCED_FACE('',(#628),#364,.T.);
#6743=ADVANCED_FACE('',(#629),#365,.T.);
#6744=ADVANCED_FACE('',(#630),#366,.T.);
#6745=ADVANCED_FACE('',(#631,#223),#367,.T.);
#6746=ADVANCED_FACE('',(#632),#136,.T.);
#6747=ADVANCED_FACE('',(#633),#6576,.T.);
#6748=ADVANCED_FACE('',(#634),#6577,.T.);
#6749=ADVANCED_FACE('',(#635,#224),#132,.T.);
#6750=ADVANCED_FACE('',(#636),#368,.T.);
#6751=ADVANCED_FACE('',(#637),#369,.T.);
#6752=ADVANCED_FACE('',(#638),#370,.T.);
#6753=ADVANCED_FACE('',(#639),#371,.T.);
#6754=ADVANCED_FACE('',(#640,#225),#372,.F.);
#6755=ADVANCED_FACE('',(#641),#373,.T.);
#6756=ADVANCED_FACE('',(#642),#374,.F.);
#6757=ADVANCED_FACE('',(#643),#375,.F.);
#6758=ADVANCED_FACE('',(#644),#376,.T.);
#6759=ADVANCED_FACE('',(#645),#377,.F.);
#6760=ADVANCED_FACE('',(#646),#378,.T.);
#6761=ADVANCED_FACE('',(#647),#379,.T.);
#6762=ADVANCED_FACE('',(#648),#380,.F.);
#6763=ADVANCED_FACE('',(#649),#381,.T.);
#6764=ADVANCED_FACE('',(#650),#382,.T.);
#6765=ADVANCED_FACE('',(#651),#6578,.F.);
#6766=ADVANCED_FACE('',(#652),#6579,.F.);
#6767=ADVANCED_FACE('',(#653),#6580,.F.);
#6768=ADVANCED_FACE('',(#654),#6581,.F.);
#6769=ADVANCED_FACE('',(#655),#6582,.F.);
#6770=ADVANCED_FACE('',(#656),#6583,.F.);
#6771=ADVANCED_FACE('',(#657),#383,.F.);
#6772=ADVANCED_FACE('',(#658),#384,.F.);
#6773=ADVANCED_FACE('',(#659),#385,.F.);
#6774=ADVANCED_FACE('',(#660),#386,.F.);
#6775=ADVANCED_FACE('',(#661),#387,.F.);
#6776=ADVANCED_FACE('',(#662),#388,.F.);
#6777=ADVANCED_FACE('',(#663),#389,.F.);
#6778=ADVANCED_FACE('',(#664),#390,.F.);
#6779=ADVANCED_FACE('',(#665),#391,.F.);
#6780=ADVANCED_FACE('',(#666),#392,.F.);
#6781=ADVANCED_FACE('',(#667),#393,.F.);
#6782=ADVANCED_FACE('',(#668),#394,.F.);
#6783=ADVANCED_FACE('',(#669),#6584,.F.);
#6784=ADVANCED_FACE('',(#670),#6585,.F.);
#6785=ADVANCED_FACE('',(#671),#6586,.F.);
#6786=ADVANCED_FACE('',(#672),#6587,.T.);
#6787=ADVANCED_FACE('',(#673,#226,#227,#228,#229,#230,#231,#232,#233,#234,
#235,#236,#237),#395,.T.);
#6788=ADVANCED_FACE('',(#674,#238,#239,#240,#241,#242,#243,#244,#245,#246,
#247,#248,#249),#396,.F.);
#6789=ADVANCED_FACE('',(#675),#397,.T.);
#6790=ADVANCED_FACE('',(#676),#398,.T.);
#6791=ADVANCED_FACE('',(#677),#6588,.F.);
#6792=ADVANCED_FACE('',(#678),#399,.T.);
#6793=ADVANCED_FACE('',(#679),#400,.T.);
#6794=ADVANCED_FACE('',(#680),#6589,.T.);
#6795=ADVANCED_FACE('',(#681),#401,.F.);
#6796=ADVANCED_FACE('',(#682),#402,.T.);
#6797=ADVANCED_FACE('',(#683),#403,.T.);
#6798=ADVANCED_FACE('',(#684),#6590,.F.);
#6799=ADVANCED_FACE('',(#685),#404,.T.);
#6800=ADVANCED_FACE('',(#686),#405,.T.);
#6801=ADVANCED_FACE('',(#687),#6591,.T.);
#6802=ADVANCED_FACE('',(#688),#406,.F.);
#6803=ADVANCED_FACE('',(#689),#6592,.T.);
#6804=ADVANCED_FACE('',(#690),#407,.T.);
#6805=ADVANCED_FACE('',(#691),#408,.T.);
#6806=ADVANCED_FACE('',(#692),#6593,.F.);
#6807=ADVANCED_FACE('',(#693),#409,.T.);
#6808=ADVANCED_FACE('',(#694),#410,.T.);
#6809=ADVANCED_FACE('',(#695),#411,.F.);
#6810=ADVANCED_FACE('',(#696),#6594,.F.);
#6811=ADVANCED_FACE('',(#697),#6595,.F.);
#6812=ADVANCED_FACE('',(#698),#412,.T.);
#6813=ADVANCED_FACE('',(#699),#413,.T.);
#6814=ADVANCED_FACE('',(#700),#414,.T.);
#6815=ADVANCED_FACE('',(#701),#415,.T.);
#6816=ADVANCED_FACE('',(#702),#416,.T.);
#6817=ADVANCED_FACE('',(#703),#417,.T.);
#6818=ADVANCED_FACE('',(#704),#418,.T.);
#6819=ADVANCED_FACE('',(#705),#419,.T.);
#6820=ADVANCED_FACE('',(#706),#420,.T.);
#6821=ADVANCED_FACE('',(#707),#421,.T.);
#6822=ADVANCED_FACE('',(#708),#422,.T.);
#6823=ADVANCED_FACE('',(#709),#423,.T.);
#6824=ADVANCED_FACE('',(#710),#424,.T.);
#6825=ADVANCED_FACE('',(#711),#425,.T.);
#6826=ADVANCED_FACE('',(#712),#6596,.F.);
#6827=ADVANCED_FACE('',(#713),#6597,.F.);
#6828=ADVANCED_FACE('',(#714,#250),#426,.F.);
#6829=ADVANCED_FACE('',(#715),#6598,.F.);
#6830=ADVANCED_FACE('',(#716,#251),#427,.F.);
#6831=ADVANCED_FACE('',(#717),#6599,.F.);
#6832=ADVANCED_FACE('',(#718,#252),#428,.F.);
#6833=ADVANCED_FACE('',(#719),#429,.F.);
#6834=ADVANCED_FACE('',(#720),#6600,.F.);
#6835=ADVANCED_FACE('',(#721),#430,.F.);
#6836=ADVANCED_FACE('',(#722),#6601,.F.);
#6837=ADVANCED_FACE('',(#723),#431,.F.);
#6838=ADVANCED_FACE('',(#724),#6602,.F.);
#6839=ADVANCED_FACE('',(#725,#253,#254,#255,#256),#432,.F.);
#6840=ADVANCED_FACE('',(#726,#257,#258,#259,#260,#261),#433,.T.);
#6841=ADVANCED_FACE('',(#727),#6603,.T.);
#6842=ADVANCED_FACE('',(#728),#6604,.F.);
#6843=ADVANCED_FACE('',(#729),#6605,.T.);
#6844=ADVANCED_FACE('',(#730,#262),#6606,.F.);
#6845=ADVANCED_FACE('',(#731),#6607,.T.);
#6846=ADVANCED_FACE('',(#732),#6608,.F.);
#6847=ADVANCED_FACE('',(#733,#263),#6609,.T.);
#6848=ADVANCED_FACE('',(#734,#264,#265,#266,#267),#434,.F.);
#6849=ADVANCED_FACE('',(#735),#6610,.F.);
#6850=ADVANCED_FACE('',(#736),#435,.T.);
#6851=ADVANCED_FACE('',(#737),#6611,.F.);
#6852=ADVANCED_FACE('',(#738),#436,.T.);
#6853=ADVANCED_FACE('',(#739),#6612,.F.);
#6854=ADVANCED_FACE('',(#740,#268),#437,.T.);
#6855=ADVANCED_FACE('',(#741),#6613,.F.);
#6856=ADVANCED_FACE('',(#742,#269),#438,.T.);
#6857=ADVANCED_FACE('',(#743),#6614,.F.);
#6858=ADVANCED_FACE('',(#744),#439,.T.);
#6859=ADVANCED_FACE('',(#745),#6615,.F.);
#6860=ADVANCED_FACE('',(#746),#440,.T.);
#6861=ADVANCED_FACE('',(#747),#6616,.F.);
#6862=ADVANCED_FACE('',(#748,#270),#441,.T.);
#6863=ADVANCED_FACE('',(#749),#6617,.F.);
#6864=ADVANCED_FACE('',(#750,#271),#442,.T.);
#6865=ADVANCED_FACE('',(#751),#6618,.F.);
#6866=ADVANCED_FACE('',(#752),#6619,.F.);
#6867=ADVANCED_FACE('',(#753),#443,.T.);
#6868=ADVANCED_FACE('',(#754),#444,.T.);
#6869=ADVANCED_FACE('',(#755,#272,#273),#445,.T.);
#6870=ADVANCED_FACE('',(#756),#446,.T.);
#6871=ADVANCED_FACE('',(#757),#447,.T.);
#6872=ADVANCED_FACE('',(#758),#448,.T.);
#6873=ADVANCED_FACE('',(#759,#274,#275),#449,.T.);
#6874=ADVANCED_FACE('',(#760),#450,.T.);
#6875=ADVANCED_FACE('',(#761),#451,.T.);
#6876=ADVANCED_FACE('',(#762),#452,.T.);
#6877=ADVANCED_FACE('',(#763,#276,#277,#278,#279),#453,.F.);
#6878=ADVANCED_FACE('',(#764),#6620,.F.);
#6879=ADVANCED_FACE('',(#765),#6621,.F.);
#6880=ADVANCED_FACE('',(#766,#280),#454,.F.);
#6881=ADVANCED_FACE('',(#767),#6622,.F.);
#6882=ADVANCED_FACE('',(#768),#6623,.T.);
#6883=ADVANCED_FACE('',(#769,#281),#455,.F.);
#6884=ADVANCED_FACE('',(#770),#6624,.F.);
#6885=ADVANCED_FACE('',(#771),#6625,.T.);
#6886=ADVANCED_FACE('',(#772,#282),#456,.T.);
#6887=ADVANCED_FACE('',(#773,#283),#457,.F.);
#6888=ADVANCED_FACE('',(#774,#284),#458,.F.);
#6889=ADVANCED_FACE('',(#775),#459,.F.);
#6890=ADVANCED_FACE('',(#776),#460,.F.);
#6891=ADVANCED_FACE('',(#777,#285),#461,.T.);
#6892=ADVANCED_FACE('',(#778),#6626,.F.);
#6893=ADVANCED_FACE('',(#779,#286),#462,.T.);
#6894=ADVANCED_FACE('',(#780),#463,.T.);
#6895=ADVANCED_FACE('',(#781),#464,.T.);
#6896=ADVANCED_FACE('',(#782),#6627,.F.);
#6897=ADVANCED_FACE('',(#783,#287),#465,.T.);
#6898=ADVANCED_FACE('',(#784),#6628,.T.);
#6899=ADVANCED_FACE('',(#785),#6629,.F.);
#6900=ADVANCED_FACE('',(#786,#288,#289),#466,.F.);
#6901=ADVANCED_FACE('',(#787),#6630,.F.);
#6902=ADVANCED_FACE('',(#788),#6631,.F.);
#6903=ADVANCED_FACE('',(#789),#467,.T.);
#6904=ADVANCED_FACE('',(#790),#468,.T.);
#6905=ADVANCED_FACE('',(#791),#6632,.T.);
#6906=ADVANCED_FACE('',(#792),#469,.T.);
#6907=ADVANCED_FACE('',(#793),#470,.T.);
#6908=ADVANCED_FACE('',(#794),#6633,.T.);
#6909=ADVANCED_FACE('',(#795,#290,#291),#471,.T.);
#6910=ADVANCED_FACE('',(#796),#6634,.F.);
#6911=ADVANCED_FACE('',(#797),#6635,.F.);
#6912=ADVANCED_FACE('',(#798),#6636,.F.);
#6913=ADVANCED_FACE('',(#799),#472,.T.);
#6914=ADVANCED_FACE('',(#800),#6637,.F.);
#6915=ADVANCED_FACE('',(#801),#473,.T.);
#6916=ADVANCED_FACE('',(#802),#474,.F.);
#6917=ADVANCED_FACE('',(#803),#6638,.T.);
#6918=ADVANCED_FACE('',(#804,#292),#475,.F.);
#6919=ADVANCED_FACE('',(#805),#476,.T.);
#6920=ADVANCED_FACE('',(#806),#477,.T.);
#6921=ADVANCED_FACE('',(#807),#6639,.T.);
#6922=ADVANCED_FACE('',(#808,#293,#294,#295),#478,.T.);
#6923=ADVANCED_FACE('',(#809,#296),#479,.F.);
#6924=ADVANCED_FACE('',(#810),#6640,.T.);
#6925=ADVANCED_FACE('',(#811,#297,#298),#480,.F.);
#6926=ADVANCED_FACE('',(#812),#6641,.F.);
#6927=ADVANCED_FACE('',(#813),#6642,.F.);
#6928=ADVANCED_FACE('',(#814),#6643,.F.);
#6929=ADVANCED_FACE('',(#815),#481,.F.);
#6930=ADVANCED_FACE('',(#816),#6644,.F.);
#6931=ADVANCED_FACE('',(#817),#482,.F.);
#6932=ADVANCED_FACE('',(#818),#483,.T.);
#6933=ADVANCED_FACE('',(#819),#6645,.T.);
#6934=ADVANCED_FACE('',(#820,#299),#484,.T.);
#6935=ADVANCED_FACE('',(#821),#485,.F.);
#6936=ADVANCED_FACE('',(#822),#486,.F.);
#6937=ADVANCED_FACE('',(#823),#6646,.T.);
#6938=ADVANCED_FACE('',(#824,#300,#301,#302),#487,.F.);
#6939=ADVANCED_FACE('',(#825,#303),#488,.T.);
#6940=ADVANCED_FACE('',(#826),#6647,.T.);
#6941=ADVANCED_FACE('',(#827,#304,#305),#489,.T.);
#6942=ADVANCED_FACE('',(#828,#306),#490,.F.);
#6943=ADVANCED_FACE('',(#829),#6648,.F.);
#6944=ADVANCED_FACE('',(#830),#6649,.T.);
#6945=ADVANCED_FACE('',(#831,#307),#491,.T.);
#6946=ADVANCED_FACE('',(#832),#492,.F.);
#6947=ADVANCED_FACE('',(#833),#493,.F.);
#6948=ADVANCED_FACE('',(#834),#494,.F.);
#6949=ADVANCED_FACE('',(#835),#495,.F.);
#6950=ADVANCED_FACE('',(#836),#496,.T.);
#6951=ADVANCED_FACE('',(#837),#497,.T.);
#6952=ADVANCED_FACE('',(#838),#498,.F.);
#6953=ADVANCED_FACE('',(#839),#499,.T.);
#6954=ADVANCED_FACE('',(#840),#500,.T.);
#6955=ADVANCED_FACE('',(#841),#501,.T.);
#6956=ADVANCED_FACE('',(#842),#502,.T.);
#6957=ADVANCED_FACE('',(#843,#308),#503,.T.);
#6958=ADVANCED_FACE('',(#844),#504,.T.);
#6959=ADVANCED_FACE('',(#845),#505,.F.);
#6960=ADVANCED_FACE('',(#846,#309),#6650,.F.);
#6961=ADVANCED_FACE('',(#847),#6651,.F.);
#6962=ADVANCED_FACE('',(#848),#506,.T.);
#6963=ADVANCED_FACE('',(#849),#6652,.T.);
#6964=ADVANCED_FACE('',(#850,#310),#6653,.T.);
#6965=ADVANCED_FACE('',(#851),#507,.T.);
#6966=ADVANCED_FACE('',(#852),#508,.T.);
#6967=ADVANCED_FACE('',(#853),#6654,.F.);
#6968=ADVANCED_FACE('',(#854),#137,.F.);
#6969=ADVANCED_FACE('',(#855),#6655,.T.);
#6970=ADVANCED_FACE('',(#856),#138,.F.);
#6971=ADVANCED_FACE('',(#857),#509,.T.);
#6972=ADVANCED_FACE('',(#858),#510,.T.);
#6973=ADVANCED_FACE('',(#859),#511,.T.);
#6974=ADVANCED_FACE('',(#860),#512,.T.);
#6975=ADVANCED_FACE('',(#861),#513,.T.);
#6976=ADVANCED_FACE('',(#862),#514,.T.);
#6977=ADVANCED_FACE('',(#863),#515,.F.);
#6978=ADVANCED_FACE('',(#864),#6656,.T.);
#6979=ADVANCED_FACE('',(#865),#6657,.T.);
#6980=ADVANCED_FACE('',(#866),#6658,.T.);
#6981=ADVANCED_FACE('',(#867),#516,.T.);
#6982=ADVANCED_FACE('',(#868),#517,.T.);
#6983=ADVANCED_FACE('',(#869),#518,.T.);
#6984=ADVANCED_FACE('',(#870,#311),#519,.T.);
#6985=ADVANCED_FACE('',(#871),#520,.F.);
#6986=ADVANCED_FACE('',(#872),#521,.F.);
#6987=ADVANCED_FACE('',(#873),#522,.F.);
#6988=ADVANCED_FACE('',(#874),#523,.T.);
#6989=ADVANCED_FACE('',(#875),#6659,.T.);
#6990=ADVANCED_FACE('',(#876),#524,.T.);
#6991=ADVANCED_FACE('',(#877),#6660,.F.);
#6992=ADVANCED_FACE('',(#878),#525,.T.);
#6993=ADVANCED_FACE('',(#879),#6661,.T.);
#6994=ADVANCED_FACE('',(#880,#312),#526,.T.);
#6995=ADVANCED_FACE('',(#881),#527,.F.);
#6996=ADVANCED_FACE('',(#882),#11,.T.);
#6997=ADVANCED_FACE('',(#883),#528,.F.);
#6998=ADVANCED_FACE('',(#884),#6662,.T.);
#6999=ADVANCED_FACE('',(#885),#529,.T.);
#7000=ADVANCED_FACE('',(#886),#6663,.F.);
#7001=ADVANCED_FACE('',(#887),#12,.T.);
#7002=ADVANCED_FACE('',(#888),#13,.F.);
#7003=ADVANCED_FACE('',(#889,#313),#530,.T.);
#7004=ADVANCED_FACE('',(#890),#6664,.F.);
#7005=ADVANCED_FACE('',(#891),#531,.T.);
#7006=ADVANCED_FACE('',(#892),#532,.T.);
#7007=ADVANCED_FACE('',(#893),#533,.F.);
#7008=ADVANCED_FACE('',(#894),#6665,.F.);
#7009=ADVANCED_FACE('',(#895),#534,.T.);
#7010=ADVANCED_FACE('',(#896),#6666,.F.);
#7011=ADVANCED_FACE('',(#897),#535,.T.);
#7012=ADVANCED_FACE('',(#898),#6667,.T.);
#7013=ADVANCED_FACE('',(#899),#536,.T.);
#7014=ADVANCED_FACE('',(#900),#6668,.T.);
#7015=ADVANCED_FACE('',(#901),#537,.T.);
#7016=ADVANCED_FACE('',(#902),#538,.T.);
#7017=ADVANCED_FACE('',(#903),#539,.T.);
#7018=ADVANCED_FACE('',(#904),#540,.T.);
#7019=ADVANCED_FACE('',(#905,#314),#541,.T.);
#7020=ADVANCED_FACE('',(#906),#542,.F.);
#7021=ADVANCED_FACE('',(#907),#543,.F.);
#7022=ADVANCED_FACE('',(#908),#6669,.F.);
#7023=ADVANCED_FACE('',(#909,#315),#544,.T.);
#7024=ADVANCED_FACE('',(#910,#316),#545,.T.);
#7025=ADVANCED_FACE('',(#911),#546,.T.);
#7026=ADVANCED_FACE('',(#912),#547,.T.);
#7027=ADVANCED_FACE('',(#913),#6670,.F.);
#7028=ADVANCED_FACE('',(#914),#548,.T.);
#7029=ADVANCED_FACE('',(#915),#6671,.T.);
#7030=ADVANCED_FACE('',(#916),#14,.F.);
#7031=ADVANCED_FACE('',(#917),#15,.T.);
#7032=ADVANCED_FACE('',(#918),#6672,.F.);
#7033=ADVANCED_FACE('',(#919),#549,.T.);
#7034=ADVANCED_FACE('',(#920),#6673,.T.);
#7035=ADVANCED_FACE('',(#921),#550,.F.);
#7036=ADVANCED_FACE('',(#922),#16,.T.);
#7037=ADVANCED_FACE('',(#923,#317),#551,.F.);
#7038=ADVANCED_FACE('',(#924),#6674,.T.);
#7039=ADVANCED_FACE('',(#925),#552,.T.);
#7040=ADVANCED_FACE('',(#926),#6675,.F.);
#7041=ADVANCED_FACE('',(#927),#553,.T.);
#7042=ADVANCED_FACE('',(#928),#6676,.T.);
#7043=ADVANCED_FACE('',(#929),#554,.F.);
#7044=ADVANCED_FACE('',(#930),#6677,.F.);
#7045=ADVANCED_FACE('',(#931),#555,.T.);
#7046=ADVANCED_FACE('',(#932),#6678,.F.);
#7047=ADVANCED_FACE('',(#933),#556,.T.);
#7048=ADVANCED_FACE('',(#934),#6679,.T.);
#7049=ADVANCED_FACE('',(#935),#557,.T.);
#7050=ADVANCED_FACE('',(#936),#6680,.T.);
#7051=ADVANCED_FACE('',(#937),#558,.T.);
#7052=ADVANCED_FACE('',(#938),#559,.T.);
#7053=ADVANCED_FACE('',(#939),#560,.T.);
#7054=ADVANCED_FACE('',(#940),#561,.T.);
#7055=ADVANCED_FACE('',(#941,#318),#562,.T.);
#7056=ADVANCED_FACE('',(#942),#563,.F.);
#7057=ADVANCED_FACE('',(#943),#564,.F.);
#7058=ADVANCED_FACE('',(#944),#6681,.F.);
#7059=ADVANCED_FACE('',(#945,#319),#565,.T.);
#7060=ADVANCED_FACE('',(#946,#320),#566,.T.);
#7061=ADVANCED_FACE('',(#947),#567,.T.);
#7062=ADVANCED_FACE('',(#948),#568,.T.);
#7063=ADVANCED_FACE('',(#949),#6682,.F.);
#7064=ADVANCED_FACE('',(#950),#569,.T.);
#7065=ADVANCED_FACE('',(#951),#6683,.T.);
#7066=ADVANCED_FACE('',(#952),#17,.F.);
#7067=ADVANCED_FACE('',(#953),#18,.T.);
#7068=ADVANCED_FACE('',(#954),#6684,.F.);
#7069=ADVANCED_FACE('',(#955),#570,.T.);
#7070=ADVANCED_FACE('',(#956),#6685,.T.);
#7071=ADVANCED_FACE('',(#957),#571,.F.);
#7072=ADVANCED_FACE('',(#958),#19,.T.);
#7073=ADVANCED_FACE('',(#959,#321),#572,.F.);
#7074=ADVANCED_FACE('',(#960),#6686,.T.);
#7075=ADVANCED_FACE('',(#961),#573,.T.);
#7076=ADVANCED_FACE('',(#962),#6687,.F.);
#7077=ADVANCED_FACE('',(#963),#574,.T.);
#7078=ADVANCED_FACE('',(#964),#6688,.T.);
#7079=CLOSED_SHELL('',(#6689,#6690,#6691,#6692,#6693,#6694,#6695,#6696,
#6697,#6698,#6699,#6700,#6701,#6702,#6703,#6704,#6705,#6706,#6707));
#7080=CLOSED_SHELL('',(#6708,#6709,#6710,#6711,#6712,#6713,#6714,#6715,
#6716,#6717,#6718,#6719,#6720,#6721,#6722,#6723,#6724));
#7081=CLOSED_SHELL('',(#6725,#6726,#6727,#6728,#6729,#6730));
#7082=CLOSED_SHELL('',(#6731,#6732,#6733,#6734));
#7083=CLOSED_SHELL('',(#6735,#6736,#6737,#6738,#6739,#6740,#6741,#6742,
#6743,#6744,#6745));
#7084=CLOSED_SHELL('',(#6746,#6747,#6748,#6749,#6750,#6751,#6752,#6753,
#6754,#6755,#6756,#6757,#6758,#6759,#6760,#6761,#6762,#6763,#6764));
#7085=CLOSED_SHELL('',(#6765,#6766,#6767,#6768,#6769,#6770,#6771,#6772,
#6773,#6774,#6775,#6776,#6777,#6778,#6779,#6780,#6781,#6782,#6783,#6784,
#6785,#6786,#6787,#6788));
#7086=CLOSED_SHELL('',(#6789,#6790,#6791,#6792,#6793,#6794,#6795,#6796,
#6797,#6798,#6799,#6800,#6801,#6802,#6803,#6804,#6805,#6806,#6807,#6808,
#6809,#6810,#6811,#6812,#6813,#6814,#6815,#6816,#6817,#6818,#6819,#6820,
#6821,#6822,#6823,#6824,#6825,#6826,#6827,#6828,#6829,#6830,#6831,#6832,
#6833,#6834,#6835,#6836,#6837,#6838,#6839,#6840,#6841,#6842,#6843,#6844,
#6845,#6846,#6847,#6848));
#7087=CLOSED_SHELL('',(#6849,#6850,#6851,#6852,#6853,#6854,#6855,#6856,
#6857,#6858,#6859,#6860,#6861,#6862,#6863,#6864,#6865,#6866,#6867,#6868,
#6869,#6870,#6871,#6872,#6873,#6874,#6875,#6876,#6877));
#7088=CLOSED_SHELL('',(#6878,#6879,#6880,#6881,#6882,#6883,#6884,#6885,
#6886,#6887,#6888,#6889,#6890,#6891,#6892,#6893,#6894,#6895,#6896,#6897,
#6898,#6899));
#7089=CLOSED_SHELL('',(#6900,#6901,#6902,#6903,#6904,#6905,#6906,#6907,
#6908,#6909));
#7090=CLOSED_SHELL('',(#6910,#6911,#6912,#6913,#6914,#6915,#6916,#6917,
#6918,#6919,#6920,#6921,#6922,#6923,#6924,#6925));
#7091=CLOSED_SHELL('',(#6926,#6927,#6928,#6929,#6930,#6931,#6932,#6933,
#6934,#6935,#6936,#6937,#6938,#6939,#6940,#6941));
#7092=CLOSED_SHELL('',(#6942,#6943,#6944,#6945));
#7093=CLOSED_SHELL('',(#6946,#6947,#6948,#6949,#6950,#6951,#6952,#6953,
#6954,#6955,#6956,#6957,#6958,#6959,#6960,#6961,#6962,#6963,#6964,#6965,
#6966));
#7094=CLOSED_SHELL('',(#6967,#6968,#6969,#6970,#6971,#6972,#6973,#6974,
#6975,#6976,#6977,#6978,#6979,#6980,#6981,#6982,#6983,#6984,#6985,#6986,
#6987,#6988,#6989,#6990,#6991,#6992,#6993,#6994,#6995,#6996,#6997,#6998,
#6999,#7000,#7001,#7002,#7003,#7004,#7005,#7006));
#7095=CLOSED_SHELL('',(#7007,#7008,#7009,#7010,#7011,#7012,#7013,#7014,
#7015,#7016));
#7096=CLOSED_SHELL('',(#7017,#7018,#7019,#7020,#7021,#7022,#7023,#7024,
#7025,#7026,#7027,#7028,#7029,#7030,#7031,#7032,#7033,#7034,#7035,#7036,
#7037,#7038,#7039,#7040,#7041,#7042));
#7097=CLOSED_SHELL('',(#7043,#7044,#7045,#7046,#7047,#7048,#7049,#7050,
#7051,#7052));
#7098=CLOSED_SHELL('',(#7053,#7054,#7055,#7056,#7057,#7058,#7059,#7060,
#7061,#7062,#7063,#7064,#7065,#7066,#7067,#7068,#7069,#7070,#7071,#7072,
#7073,#7074,#7075,#7076,#7077,#7078));
#7099=DERIVED_UNIT_ELEMENT(#7125,1.);
#7100=DERIVED_UNIT_ELEMENT(#12363,-3.);
#7101=DERIVED_UNIT_ELEMENT(#7125,1.);
#7102=DERIVED_UNIT_ELEMENT(#12363,-3.);
#7103=DERIVED_UNIT_ELEMENT(#7125,1.);
#7104=DERIVED_UNIT_ELEMENT(#12363,-3.);
#7105=DERIVED_UNIT_ELEMENT(#7125,1.);
#7106=DERIVED_UNIT_ELEMENT(#12363,-3.);
#7107=DERIVED_UNIT_ELEMENT(#7125,1.);
#7108=DERIVED_UNIT_ELEMENT(#12363,-3.);
#7109=DERIVED_UNIT_ELEMENT(#7125,1.);
#7110=DERIVED_UNIT_ELEMENT(#12363,-3.);
#7111=DERIVED_UNIT_ELEMENT(#7125,1.);
#7112=DERIVED_UNIT_ELEMENT(#12363,-3.);
#7113=DERIVED_UNIT_ELEMENT(#7125,1.);
#7114=DERIVED_UNIT_ELEMENT(#12363,-3.);
#7115=DERIVED_UNIT_ELEMENT(#7125,1.);
#7116=DERIVED_UNIT_ELEMENT(#12363,-3.);
#7117=DERIVED_UNIT_ELEMENT(#7125,1.);
#7118=DERIVED_UNIT_ELEMENT(#12363,-3.);
#7119=DERIVED_UNIT_ELEMENT(#7125,1.);
#7120=DERIVED_UNIT_ELEMENT(#12363,-3.);
#7121=DERIVED_UNIT_ELEMENT(#7125,1.);
#7122=DERIVED_UNIT_ELEMENT(#12363,-3.);
#7123=DERIVED_UNIT_ELEMENT(#7125,1.);
#7124=DERIVED_UNIT_ELEMENT(#12363,-3.);
#7125=(
MASS_UNIT()
NAMED_UNIT(*)
SI_UNIT(.KILO.,.GRAM.)
);
#7126=DERIVED_UNIT((#7099,#7100));
#7127=DERIVED_UNIT((#7101,#7102));
#7128=DERIVED_UNIT((#7103,#7104));
#7129=DERIVED_UNIT((#7105,#7106));
#7130=DERIVED_UNIT((#7107,#7108));
#7131=DERIVED_UNIT((#7109,#7110));
#7132=DERIVED_UNIT((#7111,#7112));
#7133=DERIVED_UNIT((#7113,#7114));
#7134=DERIVED_UNIT((#7115,#7116));
#7135=DERIVED_UNIT((#7117,#7118));
#7136=DERIVED_UNIT((#7119,#7120));
#7137=DERIVED_UNIT((#7121,#7122));
#7138=DERIVED_UNIT((#7123,#7124));
#7139=MEASURE_REPRESENTATION_ITEM('density measure',
POSITIVE_RATIO_MEASURE(7850.),#7126);
#7140=MEASURE_REPRESENTATION_ITEM('density measure',
POSITIVE_RATIO_MEASURE(7850.),#7127);
#7141=MEASURE_REPRESENTATION_ITEM('density measure',
POSITIVE_RATIO_MEASURE(7850.),#7128);
#7142=MEASURE_REPRESENTATION_ITEM('density measure',
POSITIVE_RATIO_MEASURE(7850.),#7129);
#7143=MEASURE_REPRESENTATION_ITEM('density measure',
POSITIVE_RATIO_MEASURE(7850.),#7130);
#7144=MEASURE_REPRESENTATION_ITEM('density measure',
POSITIVE_RATIO_MEASURE(7850.),#7131);
#7145=MEASURE_REPRESENTATION_ITEM('density measure',
POSITIVE_RATIO_MEASURE(7850.),#7132);
#7146=MEASURE_REPRESENTATION_ITEM('density measure',
POSITIVE_RATIO_MEASURE(7850.),#7133);
#7147=MEASURE_REPRESENTATION_ITEM('density measure',
POSITIVE_RATIO_MEASURE(7850.),#7134);
#7148=MEASURE_REPRESENTATION_ITEM('density measure',
POSITIVE_RATIO_MEASURE(7850.),#7135);
#7149=MEASURE_REPRESENTATION_ITEM('density measure',
POSITIVE_RATIO_MEASURE(7850.),#7136);
#7150=MEASURE_REPRESENTATION_ITEM('density measure',
POSITIVE_RATIO_MEASURE(7850.),#7137);
#7151=MEASURE_REPRESENTATION_ITEM('density measure',
POSITIVE_RATIO_MEASURE(7850.),#7138);
#7152=PROPERTY_DEFINITION_REPRESENTATION(#7217,#7178);
#7153=PROPERTY_DEFINITION_REPRESENTATION(#7218,#7179);
#7154=PROPERTY_DEFINITION_REPRESENTATION(#7219,#7180);
#7155=PROPERTY_DEFINITION_REPRESENTATION(#7220,#7181);
#7156=PROPERTY_DEFINITION_REPRESENTATION(#7221,#7182);
#7157=PROPERTY_DEFINITION_REPRESENTATION(#7222,#7183);
#7158=PROPERTY_DEFINITION_REPRESENTATION(#7223,#7184);
#7159=PROPERTY_DEFINITION_REPRESENTATION(#7224,#7185);
#7160=PROPERTY_DEFINITION_REPRESENTATION(#7225,#7186);
#7161=PROPERTY_DEFINITION_REPRESENTATION(#7226,#7187);
#7162=PROPERTY_DEFINITION_REPRESENTATION(#7227,#7188);
#7163=PROPERTY_DEFINITION_REPRESENTATION(#7228,#7189);
#7164=PROPERTY_DEFINITION_REPRESENTATION(#7229,#7190);
#7165=PROPERTY_DEFINITION_REPRESENTATION(#7230,#7191);
#7166=PROPERTY_DEFINITION_REPRESENTATION(#7231,#7192);
#7167=PROPERTY_DEFINITION_REPRESENTATION(#7232,#7193);
#7168=PROPERTY_DEFINITION_REPRESENTATION(#7233,#7194);
#7169=PROPERTY_DEFINITION_REPRESENTATION(#7234,#7195);
#7170=PROPERTY_DEFINITION_REPRESENTATION(#7235,#7196);
#7171=PROPERTY_DEFINITION_REPRESENTATION(#7236,#7197);
#7172=PROPERTY_DEFINITION_REPRESENTATION(#7237,#7198);
#7173=PROPERTY_DEFINITION_REPRESENTATION(#7238,#7199);
#7174=PROPERTY_DEFINITION_REPRESENTATION(#7239,#7200);
#7175=PROPERTY_DEFINITION_REPRESENTATION(#7240,#7201);
#7176=PROPERTY_DEFINITION_REPRESENTATION(#7241,#7202);
#7177=PROPERTY_DEFINITION_REPRESENTATION(#7242,#7203);
#7178=REPRESENTATION('material name',(#7204),#12344);
#7179=REPRESENTATION('density',(#7139),#12344);
#7180=REPRESENTATION('material name',(#7205),#12345);
#7181=REPRESENTATION('density',(#7140),#12345);
#7182=REPRESENTATION('material name',(#7206),#12346);
#7183=REPRESENTATION('density',(#7141),#12346);
#7184=REPRESENTATION('material name',(#7207),#12347);
#7185=REPRESENTATION('density',(#7142),#12347);
#7186=REPRESENTATION('material name',(#7208),#12350);
#7187=REPRESENTATION('density',(#7143),#12350);
#7188=REPRESENTATION('material name',(#7209),#12351);
#7189=REPRESENTATION('density',(#7144),#12351);
#7190=REPRESENTATION('material name',(#7210),#12353);
#7191=REPRESENTATION('density',(#7145),#12353);
#7192=REPRESENTATION('material name',(#7211),#12354);
#7193=REPRESENTATION('density',(#7146),#12354);
#7194=REPRESENTATION('material name',(#7212),#12356);
#7195=REPRESENTATION('density',(#7147),#12356);
#7196=REPRESENTATION('material name',(#7213),#12357);
#7197=REPRESENTATION('density',(#7148),#12357);
#7198=REPRESENTATION('material name',(#7214),#12358);
#7199=REPRESENTATION('density',(#7149),#12358);
#7200=REPRESENTATION('material name',(#7215),#12359);
#7201=REPRESENTATION('density',(#7150),#12359);
#7202=REPRESENTATION('material name',(#7216),#12360);
#7203=REPRESENTATION('density',(#7151),#12360);
#7204=DESCRIPTIVE_REPRESENTATION_ITEM('Steel','Steel');
#7205=DESCRIPTIVE_REPRESENTATION_ITEM('Steel','Steel');
#7206=DESCRIPTIVE_REPRESENTATION_ITEM('Steel','Steel');
#7207=DESCRIPTIVE_REPRESENTATION_ITEM('Steel','Steel');
#7208=DESCRIPTIVE_REPRESENTATION_ITEM('Steel','Steel');
#7209=DESCRIPTIVE_REPRESENTATION_ITEM('Steel','Steel');
#7210=DESCRIPTIVE_REPRESENTATION_ITEM('Steel','Steel');
#7211=DESCRIPTIVE_REPRESENTATION_ITEM('Steel','Steel');
#7212=DESCRIPTIVE_REPRESENTATION_ITEM('Steel','Steel');
#7213=DESCRIPTIVE_REPRESENTATION_ITEM('Steel','Steel');
#7214=DESCRIPTIVE_REPRESENTATION_ITEM('Steel','Steel');
#7215=DESCRIPTIVE_REPRESENTATION_ITEM('Steel','Steel');
#7216=DESCRIPTIVE_REPRESENTATION_ITEM('Steel','Steel');
#7217=PROPERTY_DEFINITION('material property','material name',#12461);
#7218=PROPERTY_DEFINITION('material property','density of part',#12461);
#7219=PROPERTY_DEFINITION('material property','material name',#12462);
#7220=PROPERTY_DEFINITION('material property','density of part',#12462);
#7221=PROPERTY_DEFINITION('material property','material name',#12463);
#7222=PROPERTY_DEFINITION('material property','density of part',#12463);
#7223=PROPERTY_DEFINITION('material property','material name',#12464);
#7224=PROPERTY_DEFINITION('material property','density of part',#12464);
#7225=PROPERTY_DEFINITION('material property','material name',#12467);
#7226=PROPERTY_DEFINITION('material property','density of part',#12467);
#7227=PROPERTY_DEFINITION('material property','material name',#12468);
#7228=PROPERTY_DEFINITION('material property','density of part',#12468);
#7229=PROPERTY_DEFINITION('material property','material name',#12470);
#7230=PROPERTY_DEFINITION('material property','density of part',#12470);
#7231=PROPERTY_DEFINITION('material property','material name',#12471);
#7232=PROPERTY_DEFINITION('material property','density of part',#12471);
#7233=PROPERTY_DEFINITION('material property','material name',#12473);
#7234=PROPERTY_DEFINITION('material property','density of part',#12473);
#7235=PROPERTY_DEFINITION('material property','material name',#12474);
#7236=PROPERTY_DEFINITION('material property','density of part',#12474);
#7237=PROPERTY_DEFINITION('material property','material name',#12475);
#7238=PROPERTY_DEFINITION('material property','density of part',#12475);
#7239=PROPERTY_DEFINITION('material property','material name',#12476);
#7240=PROPERTY_DEFINITION('material property','density of part',#12476);
#7241=PROPERTY_DEFINITION('material property','material name',#12477);
#7242=PROPERTY_DEFINITION('material property','density of part',#12477);
#7243=AXIS2_PLACEMENT_3D('',#10144,#8001,#8002);
#7244=AXIS2_PLACEMENT_3D('',#10145,#8003,#8004);
#7245=AXIS2_PLACEMENT_3D('',#10146,#8005,#8006);
#7246=AXIS2_PLACEMENT_3D('',#10147,#8007,#8008);
#7247=AXIS2_PLACEMENT_3D('',#10148,#8009,#8010);
#7248=AXIS2_PLACEMENT_3D('',#10149,#8011,#8012);
#7249=AXIS2_PLACEMENT_3D('',#10151,#8013,#8014);
#7250=AXIS2_PLACEMENT_3D('',#10154,#8016,#8017);
#7251=AXIS2_PLACEMENT_3D('',#10155,#8018,#8019);
#7252=AXIS2_PLACEMENT_3D('',#10157,#8020,#8021);
#7253=AXIS2_PLACEMENT_3D('',#10160,#8023,#8024);
#7254=AXIS2_PLACEMENT_3D('',#10161,#8025,#8026);
#7255=AXIS2_PLACEMENT_3D('',#10178,#8035,#8036);
#7256=AXIS2_PLACEMENT_3D('',#10184,#8040,#8041);
#7257=AXIS2_PLACEMENT_3D('',#10190,#8045,#8046);
#7258=AXIS2_PLACEMENT_3D('',#10196,#8050,#8051);
#7259=AXIS2_PLACEMENT_3D('',#10202,#8055,#8056);
#7260=AXIS2_PLACEMENT_3D('',#10208,#8060,#8061);
#7261=AXIS2_PLACEMENT_3D('',#10214,#8065,#8066);
#7262=AXIS2_PLACEMENT_3D('',#10217,#8069,#8070);
#7263=AXIS2_PLACEMENT_3D('',#10218,#8071,#8072);
#7264=AXIS2_PLACEMENT_3D('',#10219,#8073,#8074);
#7265=AXIS2_PLACEMENT_3D('',#10225,#8078,#8079);
#7266=AXIS2_PLACEMENT_3D('',#10229,#8082,#8083);
#7267=AXIS2_PLACEMENT_3D('',#10233,#8086,#8087);
#7268=AXIS2_PLACEMENT_3D('',#10235,#8089,#8090);
#7269=AXIS2_PLACEMENT_3D('',#10236,#8091,#8092);
#7270=AXIS2_PLACEMENT_3D('',#10237,#8093,#8094);
#7271=AXIS2_PLACEMENT_3D('',#10238,#8095,#8096);
#7272=AXIS2_PLACEMENT_3D('',#10239,#8097,#8098);
#7273=AXIS2_PLACEMENT_3D('',#10241,#8099,#8100);
#7274=AXIS2_PLACEMENT_3D('',#10244,#8102,#8103);
#7275=AXIS2_PLACEMENT_3D('',#10245,#8104,#8105);
#7276=AXIS2_PLACEMENT_3D('',#10247,#8106,#8107);
#7277=AXIS2_PLACEMENT_3D('',#10250,#8109,#8110);
#7278=AXIS2_PLACEMENT_3D('',#10251,#8111,#8112);
#7279=AXIS2_PLACEMENT_3D('',#10260,#8117,#8118);
#7280=AXIS2_PLACEMENT_3D('',#10266,#8122,#8123);
#7281=AXIS2_PLACEMENT_3D('',#10288,#8135,#8136);
#7282=AXIS2_PLACEMENT_3D('',#10294,#8140,#8141);
#7283=AXIS2_PLACEMENT_3D('',#10313,#8152,#8153);
#7284=AXIS2_PLACEMENT_3D('',#10314,#8154,#8155);
#7285=AXIS2_PLACEMENT_3D('',#10315,#8156,#8157);
#7286=AXIS2_PLACEMENT_3D('',#10318,#8160,#8161);
#7287=AXIS2_PLACEMENT_3D('',#10320,#8163,#8164);
#7288=AXIS2_PLACEMENT_3D('',#10322,#8166,#8167);
#7289=AXIS2_PLACEMENT_3D('',#10323,#8168,#8169);
#7290=AXIS2_PLACEMENT_3D('',#10326,#8172,#8173);
#7291=AXIS2_PLACEMENT_3D('',#10328,#8175,#8176);
#7292=AXIS2_PLACEMENT_3D('',#10330,#8178,#8179);
#7293=AXIS2_PLACEMENT_3D('',#10331,#8180,#8181);
#7294=AXIS2_PLACEMENT_3D('',#10332,#8182,#8183);
#7295=AXIS2_PLACEMENT_3D('',#10335,#8184,#8185);
#7296=AXIS2_PLACEMENT_3D('',#10336,#8186,#8187);
#7297=AXIS2_PLACEMENT_3D('',#10338,#8188,#8189);
#7298=AXIS2_PLACEMENT_3D('',#10339,#8190,#8191);
#7299=AXIS2_PLACEMENT_3D('',#10340,#8192,#8193);
#7300=AXIS2_PLACEMENT_3D('',#10342,#8194,#8195);
#7301=AXIS2_PLACEMENT_3D('',#10344,#8196,#8197);
#7302=AXIS2_PLACEMENT_3D('',#10346,#8198,#8199);
#7303=AXIS2_PLACEMENT_3D('',#10347,#8200,#8201);
#7304=AXIS2_PLACEMENT_3D('',#10348,#8202,#8203);
#7305=AXIS2_PLACEMENT_3D('',#10351,#8205,#8206);
#7306=AXIS2_PLACEMENT_3D('',#10352,#8207,#8208);
#7307=AXIS2_PLACEMENT_3D('',#10354,#8209,#8210);
#7308=AXIS2_PLACEMENT_3D('',#10356,#8212,#8213);
#7309=AXIS2_PLACEMENT_3D('',#10357,#8214,#8215);
#7310=AXIS2_PLACEMENT_3D('',#10358,#8216,#8217);
#7311=AXIS2_PLACEMENT_3D('',#10359,#8218,#8219);
#7312=AXIS2_PLACEMENT_3D('',#10361,#8220,#8221);
#7313=AXIS2_PLACEMENT_3D('',#10363,#8222,#8223);
#7314=AXIS2_PLACEMENT_3D('',#10365,#8224,#8225);
#7315=AXIS2_PLACEMENT_3D('',#10366,#8226,#8227);
#7316=AXIS2_PLACEMENT_3D('',#10367,#8228,#8229);
#7317=AXIS2_PLACEMENT_3D('',#10369,#8230,#8231);
#7318=AXIS2_PLACEMENT_3D('',#10371,#8233,#8234);
#7319=AXIS2_PLACEMENT_3D('',#10372,#8235,#8236);
#7320=AXIS2_PLACEMENT_3D('',#10373,#8237,#8238);
#7321=AXIS2_PLACEMENT_3D('',#10374,#8239,#8240);
#7322=AXIS2_PLACEMENT_3D('',#10375,#8241,#8242);
#7323=AXIS2_PLACEMENT_3D('',#10376,#8243,#8244);
#7324=AXIS2_PLACEMENT_3D('',#10378,#8245,#8246);
#7325=AXIS2_PLACEMENT_3D('',#10381,#8248,#8249);
#7326=AXIS2_PLACEMENT_3D('',#10382,#8250,#8251);
#7327=AXIS2_PLACEMENT_3D('',#10399,#8260,#8261);
#7328=AXIS2_PLACEMENT_3D('',#10416,#8270,#8271);
#7329=AXIS2_PLACEMENT_3D('',#10419,#8274,#8275);
#7330=AXIS2_PLACEMENT_3D('',#10421,#8277,#8278);
#7331=AXIS2_PLACEMENT_3D('',#10423,#8280,#8281);
#7332=AXIS2_PLACEMENT_3D('',#10424,#8282,#8283);
#7333=AXIS2_PLACEMENT_3D('',#10427,#8286,#8287);
#7334=AXIS2_PLACEMENT_3D('',#10429,#8289,#8290);
#7335=AXIS2_PLACEMENT_3D('',#10431,#8292,#8293);
#7336=AXIS2_PLACEMENT_3D('',#10432,#8294,#8295);
#7337=AXIS2_PLACEMENT_3D('',#10433,#8296,#8297);
#7338=AXIS2_PLACEMENT_3D('',#10435,#8298,#8299);
#7339=AXIS2_PLACEMENT_3D('',#10437,#8300,#8301);
#7340=AXIS2_PLACEMENT_3D('',#10438,#8302,#8303);
#7341=AXIS2_PLACEMENT_3D('',#10439,#8304,#8305);
#7342=AXIS2_PLACEMENT_3D('',#10442,#8307,#8308);
#7343=AXIS2_PLACEMENT_3D('',#10443,#8309,#8310);
#7344=AXIS2_PLACEMENT_3D('',#10445,#8311,#8312);
#7345=AXIS2_PLACEMENT_3D('',#10448,#8314,#8315);
#7346=AXIS2_PLACEMENT_3D('',#10449,#8316,#8317);
#7347=AXIS2_PLACEMENT_3D('',#10452,#8318,#8319);
#7348=AXIS2_PLACEMENT_3D('',#10454,#8320,#8321);
#7349=AXIS2_PLACEMENT_3D('',#10456,#8322,#8323);
#7350=AXIS2_PLACEMENT_3D('',#10458,#8324,#8325);
#7351=AXIS2_PLACEMENT_3D('',#10460,#8326,#8327);
#7352=AXIS2_PLACEMENT_3D('',#10462,#8328,#8329);
#7353=AXIS2_PLACEMENT_3D('',#10464,#8330,#8331);
#7354=AXIS2_PLACEMENT_3D('',#10466,#8332,#8333);
#7355=AXIS2_PLACEMENT_3D('',#10468,#8334,#8335);
#7356=AXIS2_PLACEMENT_3D('',#10470,#8336,#8337);
#7357=AXIS2_PLACEMENT_3D('',#10472,#8338,#8339);
#7358=AXIS2_PLACEMENT_3D('',#10473,#8340,#8341);
#7359=AXIS2_PLACEMENT_3D('',#10474,#8342,#8343);
#7360=AXIS2_PLACEMENT_3D('',#10478,#8346,#8347);
#7361=AXIS2_PLACEMENT_3D('',#10482,#8350,#8351);
#7362=AXIS2_PLACEMENT_3D('',#10486,#8354,#8355);
#7363=AXIS2_PLACEMENT_3D('',#10490,#8358,#8359);
#7364=AXIS2_PLACEMENT_3D('',#10491,#8360,#8361);
#7365=AXIS2_PLACEMENT_3D('',#10492,#8362,#8363);
#7366=AXIS2_PLACEMENT_3D('',#10494,#8365,#8366);
#7367=AXIS2_PLACEMENT_3D('',#10496,#8368,#8369);
#7368=AXIS2_PLACEMENT_3D('',#10499,#8372,#8373);
#7369=AXIS2_PLACEMENT_3D('',#10502,#8376,#8377);
#7370=AXIS2_PLACEMENT_3D('',#10503,#8378,#8379);
#7371=AXIS2_PLACEMENT_3D('',#10504,#8380,#8381);
#7372=AXIS2_PLACEMENT_3D('',#10507,#8384,#8385);
#7373=AXIS2_PLACEMENT_3D('',#10508,#8386,#8387);
#7374=AXIS2_PLACEMENT_3D('',#10509,#8388,#8389);
#7375=AXIS2_PLACEMENT_3D('',#10510,#8390,#8391);
#7376=AXIS2_PLACEMENT_3D('',#10511,#8392,#8393);
#7377=AXIS2_PLACEMENT_3D('',#10512,#8394,#8395);
#7378=AXIS2_PLACEMENT_3D('',#10513,#8396,#8397);
#7379=AXIS2_PLACEMENT_3D('',#10514,#8398,#8399);
#7380=AXIS2_PLACEMENT_3D('',#10515,#8400,#8401);
#7381=AXIS2_PLACEMENT_3D('',#10516,#8402,#8403);
#7382=AXIS2_PLACEMENT_3D('',#10517,#8404,#8405);
#7383=AXIS2_PLACEMENT_3D('',#10518,#8406,#8407);
#7384=AXIS2_PLACEMENT_3D('',#10519,#8408,#8409);
#7385=AXIS2_PLACEMENT_3D('',#10521,#8410,#8411);
#7386=AXIS2_PLACEMENT_3D('',#10524,#8413,#8414);
#7387=AXIS2_PLACEMENT_3D('',#10525,#8415,#8416);
#7388=AXIS2_PLACEMENT_3D('',#10527,#8417,#8418);
#7389=AXIS2_PLACEMENT_3D('',#10530,#8420,#8421);
#7390=AXIS2_PLACEMENT_3D('',#10531,#8422,#8423);
#7391=AXIS2_PLACEMENT_3D('',#10533,#8424,#8425);
#7392=AXIS2_PLACEMENT_3D('',#10536,#8427,#8428);
#7393=AXIS2_PLACEMENT_3D('',#10537,#8429,#8430);
#7394=AXIS2_PLACEMENT_3D('',#10539,#8431,#8432);
#7395=AXIS2_PLACEMENT_3D('',#10542,#8434,#8435);
#7396=AXIS2_PLACEMENT_3D('',#10543,#8436,#8437);
#7397=AXIS2_PLACEMENT_3D('',#10545,#8438,#8439);
#7398=AXIS2_PLACEMENT_3D('',#10548,#8441,#8442);
#7399=AXIS2_PLACEMENT_3D('',#10549,#8443,#8444);
#7400=AXIS2_PLACEMENT_3D('',#10551,#8445,#8446);
#7401=AXIS2_PLACEMENT_3D('',#10554,#8448,#8449);
#7402=AXIS2_PLACEMENT_3D('',#10555,#8450,#8451);
#7403=AXIS2_PLACEMENT_3D('',#10564,#8456,#8457);
#7404=AXIS2_PLACEMENT_3D('',#10570,#8461,#8462);
#7405=AXIS2_PLACEMENT_3D('',#10576,#8466,#8467);
#7406=AXIS2_PLACEMENT_3D('',#10579,#8470,#8471);
#7407=AXIS2_PLACEMENT_3D('',#10588,#8476,#8477);
#7408=AXIS2_PLACEMENT_3D('',#10594,#8481,#8482);
#7409=AXIS2_PLACEMENT_3D('',#10600,#8486,#8487);
#7410=AXIS2_PLACEMENT_3D('',#10603,#8490,#8491);
#7411=AXIS2_PLACEMENT_3D('',#10612,#8496,#8497);
#7412=AXIS2_PLACEMENT_3D('',#10618,#8501,#8502);
#7413=AXIS2_PLACEMENT_3D('',#10624,#8506,#8507);
#7414=AXIS2_PLACEMENT_3D('',#10627,#8510,#8511);
#7415=AXIS2_PLACEMENT_3D('',#10629,#8512,#8513);
#7416=AXIS2_PLACEMENT_3D('',#10632,#8515,#8516);
#7417=AXIS2_PLACEMENT_3D('',#10633,#8517,#8518);
#7418=AXIS2_PLACEMENT_3D('',#10635,#8519,#8520);
#7419=AXIS2_PLACEMENT_3D('',#10638,#8522,#8523);
#7420=AXIS2_PLACEMENT_3D('',#10639,#8524,#8525);
#7421=AXIS2_PLACEMENT_3D('',#10641,#8526,#8527);
#7422=AXIS2_PLACEMENT_3D('',#10644,#8529,#8530);
#7423=AXIS2_PLACEMENT_3D('',#10645,#8531,#8532);
#7424=AXIS2_PLACEMENT_3D('',#10647,#8533,#8534);
#7425=AXIS2_PLACEMENT_3D('',#10650,#8536,#8537);
#7426=AXIS2_PLACEMENT_3D('',#10651,#8538,#8539);
#7427=AXIS2_PLACEMENT_3D('',#10652,#8540,#8541);
#7428=AXIS2_PLACEMENT_3D('',#10653,#8542,#8543);
#7429=AXIS2_PLACEMENT_3D('',#10662,#8548,#8549);
#7430=AXIS2_PLACEMENT_3D('',#10671,#8554,#8555);
#7431=AXIS2_PLACEMENT_3D('',#10673,#8556,#8557);
#7432=AXIS2_PLACEMENT_3D('',#10675,#8558,#8559);
#7433=AXIS2_PLACEMENT_3D('',#10677,#8561,#8562);
#7434=AXIS2_PLACEMENT_3D('',#10683,#8566,#8567);
#7435=AXIS2_PLACEMENT_3D('',#10692,#8572,#8573);
#7436=AXIS2_PLACEMENT_3D('',#10693,#8574,#8575);
#7437=AXIS2_PLACEMENT_3D('',#10694,#8576,#8577);
#7438=AXIS2_PLACEMENT_3D('',#10695,#8578,#8579);
#7439=AXIS2_PLACEMENT_3D('',#10696,#8580,#8581);
#7440=AXIS2_PLACEMENT_3D('',#10697,#8582,#8583);
#7441=AXIS2_PLACEMENT_3D('',#10698,#8584,#8585);
#7442=AXIS2_PLACEMENT_3D('',#10707,#8590,#8591);
#7443=AXIS2_PLACEMENT_3D('',#10716,#8596,#8597);
#7444=AXIS2_PLACEMENT_3D('',#10718,#8598,#8599);
#7445=AXIS2_PLACEMENT_3D('',#10720,#8600,#8601);
#7446=AXIS2_PLACEMENT_3D('',#10722,#8603,#8604);
#7447=AXIS2_PLACEMENT_3D('',#10728,#8608,#8609);
#7448=AXIS2_PLACEMENT_3D('',#10737,#8614,#8615);
#7449=AXIS2_PLACEMENT_3D('',#10738,#8616,#8617);
#7450=AXIS2_PLACEMENT_3D('',#10739,#8618,#8619);
#7451=AXIS2_PLACEMENT_3D('',#10740,#8620,#8621);
#7452=AXIS2_PLACEMENT_3D('',#10741,#8622,#8623);
#7453=AXIS2_PLACEMENT_3D('',#10742,#8624,#8625);
#7454=AXIS2_PLACEMENT_3D('',#10743,#8626,#8627);
#7455=AXIS2_PLACEMENT_3D('',#10746,#8628,#8629);
#7456=AXIS2_PLACEMENT_3D('',#10750,#8631,#8632);
#7457=AXIS2_PLACEMENT_3D('',#10752,#8634,#8635);
#7458=AXIS2_PLACEMENT_3D('',#10758,#8639,#8640);
#7459=AXIS2_PLACEMENT_3D('',#10767,#8645,#8646);
#7460=AXIS2_PLACEMENT_3D('',#10769,#8647,#8648);
#7461=AXIS2_PLACEMENT_3D('',#10771,#8649,#8650);
#7462=AXIS2_PLACEMENT_3D('',#10773,#8652,#8653);
#7463=AXIS2_PLACEMENT_3D('',#10779,#8657,#8658);
#7464=AXIS2_PLACEMENT_3D('',#10785,#8662,#8663);
#7465=AXIS2_PLACEMENT_3D('',#10786,#8664,#8665);
#7466=AXIS2_PLACEMENT_3D('',#10787,#8666,#8667);
#7467=AXIS2_PLACEMENT_3D('',#10788,#8668,#8669);
#7468=AXIS2_PLACEMENT_3D('',#10790,#8670,#8671);
#7469=AXIS2_PLACEMENT_3D('',#10793,#8673,#8674);
#7470=AXIS2_PLACEMENT_3D('',#10794,#8675,#8676);
#7471=AXIS2_PLACEMENT_3D('',#10796,#8677,#8678);
#7472=AXIS2_PLACEMENT_3D('',#10799,#8680,#8681);
#7473=AXIS2_PLACEMENT_3D('',#10800,#8682,#8683);
#7474=AXIS2_PLACEMENT_3D('',#10809,#8688,#8689);
#7475=AXIS2_PLACEMENT_3D('',#10815,#8693,#8694);
#7476=AXIS2_PLACEMENT_3D('',#10821,#8698,#8699);
#7477=AXIS2_PLACEMENT_3D('',#10827,#8703,#8704);
#7478=AXIS2_PLACEMENT_3D('',#10833,#8708,#8709);
#7479=AXIS2_PLACEMENT_3D('',#10836,#8712,#8713);
#7480=AXIS2_PLACEMENT_3D('',#10837,#8714,#8715);
#7481=AXIS2_PLACEMENT_3D('',#10846,#8720,#8721);
#7482=AXIS2_PLACEMENT_3D('',#10852,#8725,#8726);
#7483=AXIS2_PLACEMENT_3D('',#10858,#8730,#8731);
#7484=AXIS2_PLACEMENT_3D('',#10864,#8735,#8736);
#7485=AXIS2_PLACEMENT_3D('',#10870,#8740,#8741);
#7486=AXIS2_PLACEMENT_3D('',#10873,#8744,#8745);
#7487=AXIS2_PLACEMENT_3D('',#10874,#8746,#8747);
#7488=AXIS2_PLACEMENT_3D('',#10953,#8749,#8750);
#7489=AXIS2_PLACEMENT_3D('',#10955,#8751,#8752);
#7490=AXIS2_PLACEMENT_3D('',#10958,#8754,#8755);
#7491=AXIS2_PLACEMENT_3D('',#10959,#8756,#8757);
#7492=AXIS2_PLACEMENT_3D('',#10961,#8758,#8759);
#7493=AXIS2_PLACEMENT_3D('',#10962,#8760,#8761);
#7494=AXIS2_PLACEMENT_3D('',#10964,#8762,#8763);
#7495=AXIS2_PLACEMENT_3D('',#10967,#8765,#8766);
#7496=AXIS2_PLACEMENT_3D('',#10968,#8767,#8768);
#7497=AXIS2_PLACEMENT_3D('',#10970,#8769,#8770);
#7498=AXIS2_PLACEMENT_3D('',#10971,#8771,#8772);
#7499=AXIS2_PLACEMENT_3D('',#10973,#8773,#8774);
#7500=AXIS2_PLACEMENT_3D('',#10976,#8776,#8777);
#7501=AXIS2_PLACEMENT_3D('',#10977,#8778,#8779);
#7502=AXIS2_PLACEMENT_3D('',#10979,#8780,#8781);
#7503=AXIS2_PLACEMENT_3D('',#10980,#8782,#8783);
#7504=AXIS2_PLACEMENT_3D('',#10982,#8784,#8785);
#7505=AXIS2_PLACEMENT_3D('',#10983,#8786,#8787);
#7506=AXIS2_PLACEMENT_3D('',#10985,#8789,#8790);
#7507=AXIS2_PLACEMENT_3D('',#10987,#8791,#8792);
#7508=AXIS2_PLACEMENT_3D('',#10988,#8793,#8794);
#7509=AXIS2_PLACEMENT_3D('',#10990,#8796,#8797);
#7510=AXIS2_PLACEMENT_3D('',#10992,#8798,#8799);
#7511=AXIS2_PLACEMENT_3D('',#10993,#8800,#8801);
#7512=AXIS2_PLACEMENT_3D('',#10995,#8803,#8804);
#7513=AXIS2_PLACEMENT_3D('',#10998,#8805,#8806);
#7514=AXIS2_PLACEMENT_3D('',#11000,#8807,#8808);
#7515=AXIS2_PLACEMENT_3D('',#11002,#8809,#8810);
#7516=AXIS2_PLACEMENT_3D('',#11004,#8811,#8812);
#7517=AXIS2_PLACEMENT_3D('',#11006,#8813,#8814);
#7518=AXIS2_PLACEMENT_3D('',#11007,#8815,#8816);
#7519=AXIS2_PLACEMENT_3D('',#11008,#8817,#8818);
#7520=AXIS2_PLACEMENT_3D('',#11009,#8819,#8820);
#7521=AXIS2_PLACEMENT_3D('',#11011,#8821,#8822);
#7522=AXIS2_PLACEMENT_3D('',#11012,#8823,#8824);
#7523=AXIS2_PLACEMENT_3D('',#11013,#8825,#8826);
#7524=AXIS2_PLACEMENT_3D('',#11014,#8827,#8828);
#7525=AXIS2_PLACEMENT_3D('',#11015,#8829,#8830);
#7526=AXIS2_PLACEMENT_3D('',#11016,#8831,#8832);
#7527=AXIS2_PLACEMENT_3D('',#11017,#8833,#8834);
#7528=AXIS2_PLACEMENT_3D('',#11020,#8835,#8836);
#7529=AXIS2_PLACEMENT_3D('',#11023,#8839,#8840);
#7530=AXIS2_PLACEMENT_3D('',#11025,#8841,#8842);
#7531=AXIS2_PLACEMENT_3D('',#11027,#8844,#8845);
#7532=AXIS2_PLACEMENT_3D('',#11029,#8846,#8847);
#7533=AXIS2_PLACEMENT_3D('',#11031,#8849,#8850);
#7534=AXIS2_PLACEMENT_3D('',#11033,#8851,#8852);
#7535=AXIS2_PLACEMENT_3D('',#11035,#8854,#8855);
#7536=AXIS2_PLACEMENT_3D('',#11037,#8856,#8857);
#7537=AXIS2_PLACEMENT_3D('',#11039,#8859,#8860);
#7538=AXIS2_PLACEMENT_3D('',#11040,#8861,#8862);
#7539=AXIS2_PLACEMENT_3D('',#11041,#8863,#8864);
#7540=AXIS2_PLACEMENT_3D('',#11044,#8866,#8867);
#7541=AXIS2_PLACEMENT_3D('',#11045,#8868,#8869);
#7542=AXIS2_PLACEMENT_3D('',#11046,#8870,#8871);
#7543=AXIS2_PLACEMENT_3D('',#11047,#8872,#8873);
#7544=AXIS2_PLACEMENT_3D('',#11048,#8874,#8875);
#7545=AXIS2_PLACEMENT_3D('',#11049,#8876,#8877);
#7546=AXIS2_PLACEMENT_3D('',#11051,#8878,#8879);
#7547=AXIS2_PLACEMENT_3D('',#11054,#8881,#8882);
#7548=AXIS2_PLACEMENT_3D('',#11055,#8883,#8884);
#7549=AXIS2_PLACEMENT_3D('',#11056,#8885,#8886);
#7550=AXIS2_PLACEMENT_3D('',#11058,#8887,#8888);
#7551=AXIS2_PLACEMENT_3D('',#11061,#8890,#8891);
#7552=AXIS2_PLACEMENT_3D('',#11062,#8892,#8893);
#7553=AXIS2_PLACEMENT_3D('',#11063,#8894,#8895);
#7554=AXIS2_PLACEMENT_3D('',#11065,#8896,#8897);
#7555=AXIS2_PLACEMENT_3D('',#11068,#8899,#8900);
#7556=AXIS2_PLACEMENT_3D('',#11069,#8901,#8902);
#7557=AXIS2_PLACEMENT_3D('',#11070,#8903,#8904);
#7558=AXIS2_PLACEMENT_3D('',#11072,#8905,#8906);
#7559=AXIS2_PLACEMENT_3D('',#11075,#8908,#8909);
#7560=AXIS2_PLACEMENT_3D('',#11076,#8910,#8911);
#7561=AXIS2_PLACEMENT_3D('',#11077,#8912,#8913);
#7562=AXIS2_PLACEMENT_3D('',#11079,#8914,#8915);
#7563=AXIS2_PLACEMENT_3D('',#11082,#8917,#8918);
#7564=AXIS2_PLACEMENT_3D('',#11083,#8919,#8920);
#7565=AXIS2_PLACEMENT_3D('',#11084,#8921,#8922);
#7566=AXIS2_PLACEMENT_3D('',#11086,#8923,#8924);
#7567=AXIS2_PLACEMENT_3D('',#11089,#8926,#8927);
#7568=AXIS2_PLACEMENT_3D('',#11090,#8928,#8929);
#7569=AXIS2_PLACEMENT_3D('',#11091,#8930,#8931);
#7570=AXIS2_PLACEMENT_3D('',#11093,#8932,#8933);
#7571=AXIS2_PLACEMENT_3D('',#11096,#8935,#8936);
#7572=AXIS2_PLACEMENT_3D('',#11097,#8937,#8938);
#7573=AXIS2_PLACEMENT_3D('',#11098,#8939,#8940);
#7574=AXIS2_PLACEMENT_3D('',#11100,#8941,#8942);
#7575=AXIS2_PLACEMENT_3D('',#11103,#8944,#8945);
#7576=AXIS2_PLACEMENT_3D('',#11104,#8946,#8947);
#7577=AXIS2_PLACEMENT_3D('',#11105,#8948,#8949);
#7578=AXIS2_PLACEMENT_3D('',#11107,#8950,#8951);
#7579=AXIS2_PLACEMENT_3D('',#11110,#8953,#8954);
#7580=AXIS2_PLACEMENT_3D('',#11111,#8955,#8956);
#7581=AXIS2_PLACEMENT_3D('',#11113,#8957,#8958);
#7582=AXIS2_PLACEMENT_3D('',#11116,#8960,#8961);
#7583=AXIS2_PLACEMENT_3D('',#11117,#8962,#8963);
#7584=AXIS2_PLACEMENT_3D('',#11126,#8968,#8969);
#7585=AXIS2_PLACEMENT_3D('',#11132,#8973,#8974);
#7586=AXIS2_PLACEMENT_3D('',#11136,#8977,#8978);
#7587=AXIS2_PLACEMENT_3D('',#11144,#8983,#8984);
#7588=AXIS2_PLACEMENT_3D('',#11150,#8988,#8989);
#7589=AXIS2_PLACEMENT_3D('',#11156,#8993,#8994);
#7590=AXIS2_PLACEMENT_3D('',#11162,#8998,#8999);
#7591=AXIS2_PLACEMENT_3D('',#11168,#9003,#9004);
#7592=AXIS2_PLACEMENT_3D('',#11171,#9007,#9008);
#7593=AXIS2_PLACEMENT_3D('',#11172,#9009,#9010);
#7594=AXIS2_PLACEMENT_3D('',#11173,#9011,#9012);
#7595=AXIS2_PLACEMENT_3D('',#11174,#9013,#9014);
#7596=AXIS2_PLACEMENT_3D('',#11176,#9015,#9016);
#7597=AXIS2_PLACEMENT_3D('',#11179,#9018,#9019);
#7598=AXIS2_PLACEMENT_3D('',#11180,#9020,#9021);
#7599=AXIS2_PLACEMENT_3D('',#11182,#9022,#9023);
#7600=AXIS2_PLACEMENT_3D('',#11185,#9025,#9026);
#7601=AXIS2_PLACEMENT_3D('',#11186,#9027,#9028);
#7602=AXIS2_PLACEMENT_3D('',#11193,#9031,#9032);
#7603=AXIS2_PLACEMENT_3D('',#11196,#9034,#9035);
#7604=AXIS2_PLACEMENT_3D('',#11197,#9036,#9037);
#7605=AXIS2_PLACEMENT_3D('',#11200,#9039,#9040);
#7606=AXIS2_PLACEMENT_3D('',#11201,#9041,#9042);
#7607=AXIS2_PLACEMENT_3D('',#11204,#9043,#9044);
#7608=AXIS2_PLACEMENT_3D('',#11207,#9047,#9048);
#7609=AXIS2_PLACEMENT_3D('',#11214,#9051,#9052);
#7610=AXIS2_PLACEMENT_3D('',#11217,#9054,#9055);
#7611=AXIS2_PLACEMENT_3D('',#11218,#9056,#9057);
#7612=AXIS2_PLACEMENT_3D('',#11221,#9059,#9060);
#7613=AXIS2_PLACEMENT_3D('',#11222,#9061,#9062);
#7614=AXIS2_PLACEMENT_3D('',#11225,#9063,#9064);
#7615=AXIS2_PLACEMENT_3D('',#11228,#9067,#9068);
#7616=AXIS2_PLACEMENT_3D('',#11229,#9069,#9070);
#7617=AXIS2_PLACEMENT_3D('',#11235,#9073,#9074);
#7618=AXIS2_PLACEMENT_3D('',#11239,#9077,#9078);
#7619=AXIS2_PLACEMENT_3D('',#11251,#9085,#9086);
#7620=AXIS2_PLACEMENT_3D('',#11263,#9093,#9094);
#7621=AXIS2_PLACEMENT_3D('',#11267,#9097,#9098);
#7622=AXIS2_PLACEMENT_3D('',#11273,#9102,#9103);
#7623=AXIS2_PLACEMENT_3D('',#11275,#9104,#9105);
#7624=AXIS2_PLACEMENT_3D('',#11277,#9107,#9108);
#7625=AXIS2_PLACEMENT_3D('',#11278,#9109,#9110);
#7626=AXIS2_PLACEMENT_3D('',#11279,#9111,#9112);
#7627=AXIS2_PLACEMENT_3D('',#11280,#9113,#9114);
#7628=AXIS2_PLACEMENT_3D('',#11283,#9116,#9117);
#7629=AXIS2_PLACEMENT_3D('',#11284,#9118,#9119);
#7630=AXIS2_PLACEMENT_3D('',#11288,#9122,#9123);
#7631=AXIS2_PLACEMENT_3D('',#11290,#9125,#9126);
#7632=AXIS2_PLACEMENT_3D('',#11291,#9127,#9128);
#7633=AXIS2_PLACEMENT_3D('',#11292,#9129,#9130);
#7634=AXIS2_PLACEMENT_3D('',#11293,#9131,#9132);
#7635=AXIS2_PLACEMENT_3D('',#11294,#9133,#9134);
#7636=AXIS2_PLACEMENT_3D('',#11295,#9135,#9136);
#7637=AXIS2_PLACEMENT_3D('',#11296,#9137,#9138);
#7638=AXIS2_PLACEMENT_3D('',#11299,#9139,#9140);
#7639=AXIS2_PLACEMENT_3D('',#11305,#9143,#9144);
#7640=AXIS2_PLACEMENT_3D('',#11310,#9147,#9148);
#7641=AXIS2_PLACEMENT_3D('',#11312,#9149,#9150);
#7642=AXIS2_PLACEMENT_3D('',#11313,#9151,#9152);
#7643=AXIS2_PLACEMENT_3D('',#11315,#9153,#9154);
#7644=AXIS2_PLACEMENT_3D('',#11317,#9156,#9157);
#7645=AXIS2_PLACEMENT_3D('',#11319,#9158,#9159);
#7646=AXIS2_PLACEMENT_3D('',#11321,#9161,#9162);
#7647=AXIS2_PLACEMENT_3D('',#11327,#9166,#9167);
#7648=AXIS2_PLACEMENT_3D('',#11331,#9170,#9171);
#7649=AXIS2_PLACEMENT_3D('',#11333,#9172,#9173);
#7650=AXIS2_PLACEMENT_3D('',#11335,#9175,#9176);
#7651=AXIS2_PLACEMENT_3D('',#11339,#9179,#9180);
#7652=AXIS2_PLACEMENT_3D('',#11343,#9183,#9184);
#7653=AXIS2_PLACEMENT_3D('',#11344,#9185,#9186);
#7654=AXIS2_PLACEMENT_3D('',#11345,#9187,#9188);
#7655=AXIS2_PLACEMENT_3D('',#11346,#9189,#9190);
#7656=AXIS2_PLACEMENT_3D('',#11347,#9191,#9192);
#7657=AXIS2_PLACEMENT_3D('',#11348,#9193,#9194);
#7658=AXIS2_PLACEMENT_3D('',#11350,#9195,#9196);
#7659=AXIS2_PLACEMENT_3D('',#11353,#9198,#9199);
#7660=AXIS2_PLACEMENT_3D('',#11354,#9200,#9201);
#7661=AXIS2_PLACEMENT_3D('',#11356,#9202,#9203);
#7662=AXIS2_PLACEMENT_3D('',#11359,#9205,#9206);
#7663=AXIS2_PLACEMENT_3D('',#11360,#9207,#9208);
#7664=AXIS2_PLACEMENT_3D('',#11362,#9209,#9210);
#7665=AXIS2_PLACEMENT_3D('',#11365,#9212,#9213);
#7666=AXIS2_PLACEMENT_3D('',#11366,#9214,#9215);
#7667=AXIS2_PLACEMENT_3D('',#11375,#9220,#9221);
#7668=AXIS2_PLACEMENT_3D('',#11377,#9222,#9223);
#7669=AXIS2_PLACEMENT_3D('',#11380,#9225,#9226);
#7670=AXIS2_PLACEMENT_3D('',#11381,#9227,#9228);
#7671=AXIS2_PLACEMENT_3D('',#11387,#9232,#9233);
#7672=AXIS2_PLACEMENT_3D('',#11389,#9234,#9235);
#7673=AXIS2_PLACEMENT_3D('',#11390,#9236,#9237);
#7674=AXIS2_PLACEMENT_3D('',#11391,#9238,#9239);
#7675=AXIS2_PLACEMENT_3D('',#11393,#9240,#9241);
#7676=AXIS2_PLACEMENT_3D('',#11396,#9243,#9244);
#7677=AXIS2_PLACEMENT_3D('',#11397,#9245,#9246);
#7678=AXIS2_PLACEMENT_3D('',#11398,#9247,#9248);
#7679=AXIS2_PLACEMENT_3D('',#11407,#9253,#9254);
#7680=AXIS2_PLACEMENT_3D('',#11416,#9259,#9260);
#7681=AXIS2_PLACEMENT_3D('',#11417,#9261,#9262);
#7682=AXIS2_PLACEMENT_3D('',#11418,#9263,#9264);
#7683=AXIS2_PLACEMENT_3D('',#11419,#9265,#9266);
#7684=AXIS2_PLACEMENT_3D('',#11420,#9267,#9268);
#7685=AXIS2_PLACEMENT_3D('',#11421,#9269,#9270);
#7686=AXIS2_PLACEMENT_3D('',#11423,#9271,#9272);
#7687=AXIS2_PLACEMENT_3D('',#11424,#9273,#9274);
#7688=AXIS2_PLACEMENT_3D('',#11425,#9275,#9276);
#7689=AXIS2_PLACEMENT_3D('',#11427,#9278,#9279);
#7690=AXIS2_PLACEMENT_3D('',#11428,#9280,#9281);
#7691=AXIS2_PLACEMENT_3D('',#11429,#9282,#9283);
#7692=AXIS2_PLACEMENT_3D('',#11431,#9284,#9285);
#7693=AXIS2_PLACEMENT_3D('',#11434,#9287,#9288);
#7694=AXIS2_PLACEMENT_3D('',#11435,#9289,#9290);
#7695=AXIS2_PLACEMENT_3D('',#11437,#9291,#9292);
#7696=AXIS2_PLACEMENT_3D('',#11440,#9294,#9295);
#7697=AXIS2_PLACEMENT_3D('',#11441,#9296,#9297);
#7698=AXIS2_PLACEMENT_3D('',#11443,#9298,#9299);
#7699=AXIS2_PLACEMENT_3D('',#11446,#9301,#9302);
#7700=AXIS2_PLACEMENT_3D('',#11447,#9303,#9304);
#7701=AXIS2_PLACEMENT_3D('',#11456,#9309,#9310);
#7702=AXIS2_PLACEMENT_3D('',#11458,#9311,#9312);
#7703=AXIS2_PLACEMENT_3D('',#11460,#9313,#9314);
#7704=AXIS2_PLACEMENT_3D('',#11462,#9316,#9317);
#7705=AXIS2_PLACEMENT_3D('',#11468,#9321,#9322);
#7706=AXIS2_PLACEMENT_3D('',#11470,#9323,#9324);
#7707=AXIS2_PLACEMENT_3D('',#11471,#9325,#9326);
#7708=AXIS2_PLACEMENT_3D('',#11472,#9327,#9328);
#7709=AXIS2_PLACEMENT_3D('',#11474,#9329,#9330);
#7710=AXIS2_PLACEMENT_3D('',#11477,#9332,#9333);
#7711=AXIS2_PLACEMENT_3D('',#11478,#9334,#9335);
#7712=AXIS2_PLACEMENT_3D('',#11479,#9336,#9337);
#7713=AXIS2_PLACEMENT_3D('',#11488,#9342,#9343);
#7714=AXIS2_PLACEMENT_3D('',#11497,#9348,#9349);
#7715=AXIS2_PLACEMENT_3D('',#11498,#9350,#9351);
#7716=AXIS2_PLACEMENT_3D('',#11499,#9352,#9353);
#7717=AXIS2_PLACEMENT_3D('',#11500,#9354,#9355);
#7718=AXIS2_PLACEMENT_3D('',#11501,#9356,#9357);
#7719=AXIS2_PLACEMENT_3D('',#11502,#9358,#9359);
#7720=AXIS2_PLACEMENT_3D('',#11504,#9360,#9361);
#7721=AXIS2_PLACEMENT_3D('',#11505,#9362,#9363);
#7722=AXIS2_PLACEMENT_3D('',#11506,#9364,#9365);
#7723=AXIS2_PLACEMENT_3D('',#11508,#9367,#9368);
#7724=AXIS2_PLACEMENT_3D('',#11509,#9369,#9370);
#7725=AXIS2_PLACEMENT_3D('',#11510,#9371,#9372);
#7726=AXIS2_PLACEMENT_3D('',#11511,#9373,#9374);
#7727=AXIS2_PLACEMENT_3D('',#11512,#9375,#9376);
#7728=AXIS2_PLACEMENT_3D('',#11513,#9377,#9378);
#7729=AXIS2_PLACEMENT_3D('',#11514,#9379,#9380);
#7730=AXIS2_PLACEMENT_3D('',#11516,#9381,#9382);
#7731=AXIS2_PLACEMENT_3D('',#11518,#9383,#9384);
#7732=AXIS2_PLACEMENT_3D('',#11519,#9385,#9386);
#7733=AXIS2_PLACEMENT_3D('',#11521,#9387,#9388);
#7734=AXIS2_PLACEMENT_3D('',#11523,#9390,#9391);
#7735=AXIS2_PLACEMENT_3D('',#11525,#9392,#9393);
#7736=AXIS2_PLACEMENT_3D('',#11527,#9395,#9396);
#7737=AXIS2_PLACEMENT_3D('',#11528,#9397,#9398);
#7738=AXIS2_PLACEMENT_3D('',#11529,#9399,#9400);
#7739=AXIS2_PLACEMENT_3D('',#11538,#9405,#9406);
#7740=AXIS2_PLACEMENT_3D('',#11540,#9407,#9408);
#7741=AXIS2_PLACEMENT_3D('',#11542,#9409,#9410);
#7742=AXIS2_PLACEMENT_3D('',#11544,#9412,#9413);
#7743=AXIS2_PLACEMENT_3D('',#11550,#9417,#9418);
#7744=AXIS2_PLACEMENT_3D('',#11551,#9419,#9420);
#7745=AXIS2_PLACEMENT_3D('',#11552,#9421,#9422);
#7746=AXIS2_PLACEMENT_3D('',#11553,#9423,#9424);
#7747=AXIS2_PLACEMENT_3D('',#11562,#9429,#9430);
#7748=AXIS2_PLACEMENT_3D('',#11571,#9435,#9436);
#7749=AXIS2_PLACEMENT_3D('',#11573,#9437,#9438);
#7750=AXIS2_PLACEMENT_3D('',#11578,#9441,#9442);
#7751=AXIS2_PLACEMENT_3D('',#11582,#9445,#9446);
#7752=AXIS2_PLACEMENT_3D('',#11588,#9450,#9451);
#7753=AXIS2_PLACEMENT_3D('',#11590,#9453,#9454);
#7754=AXIS2_PLACEMENT_3D('',#11594,#9457,#9458);
#7755=AXIS2_PLACEMENT_3D('',#11598,#9461,#9462);
#7756=AXIS2_PLACEMENT_3D('',#11600,#9463,#9464);
#7757=AXIS2_PLACEMENT_3D('',#11604,#9466,#9467);
#7758=AXIS2_PLACEMENT_3D('',#11607,#9469,#9470);
#7759=AXIS2_PLACEMENT_3D('',#11608,#9471,#9472);
#7760=AXIS2_PLACEMENT_3D('',#11609,#9473,#9474);
#7761=AXIS2_PLACEMENT_3D('',#11612,#9475,#9476);
#7762=AXIS2_PLACEMENT_3D('',#11616,#9478,#9479);
#7763=AXIS2_PLACEMENT_3D('',#11618,#9481,#9482);
#7764=AXIS2_PLACEMENT_3D('',#11629,#9489,#9490);
#7765=AXIS2_PLACEMENT_3D('',#11631,#9491,#9492);
#7766=AXIS2_PLACEMENT_3D('',#11633,#9494,#9495);
#7767=AXIS2_PLACEMENT_3D('',#11636,#9497,#9498);
#7768=AXIS2_PLACEMENT_3D('',#11637,#9499,#9500);
#7769=AXIS2_PLACEMENT_3D('',#11640,#9502,#9503);
#7770=AXIS2_PLACEMENT_3D('',#11641,#9504,#9505);
#7771=AXIS2_PLACEMENT_3D('',#11643,#9507,#9508);
#7772=AXIS2_PLACEMENT_3D('',#11646,#9510,#9511);
#7773=AXIS2_PLACEMENT_3D('',#11647,#9512,#9513);
#7774=AXIS2_PLACEMENT_3D('',#11649,#9515,#9516);
#7775=AXIS2_PLACEMENT_3D('',#11650,#9517,#9518);
#7776=AXIS2_PLACEMENT_3D('',#11655,#9520,#9521);
#7777=AXIS2_PLACEMENT_3D('',#11658,#9523,#9524);
#7778=AXIS2_PLACEMENT_3D('',#11659,#9525,#9526);
#7779=AXIS2_PLACEMENT_3D('',#11662,#9527,#9528);
#7780=AXIS2_PLACEMENT_3D('',#11664,#9529,#9530);
#7781=AXIS2_PLACEMENT_3D('',#11666,#9531,#9532);
#7782=AXIS2_PLACEMENT_3D('',#11667,#9533,#9534);
#7783=AXIS2_PLACEMENT_3D('',#11668,#9535,#9536);
#7784=AXIS2_PLACEMENT_3D('',#11673,#9538,#9539);
#7785=AXIS2_PLACEMENT_3D('',#11676,#9541,#9542);
#7786=AXIS2_PLACEMENT_3D('',#11677,#9543,#9544);
#7787=AXIS2_PLACEMENT_3D('',#11680,#9545,#9546);
#7788=AXIS2_PLACEMENT_3D('',#11682,#9547,#9548);
#7789=AXIS2_PLACEMENT_3D('',#11684,#9549,#9550);
#7790=AXIS2_PLACEMENT_3D('',#11685,#9551,#9552);
#7791=AXIS2_PLACEMENT_3D('',#11686,#9553,#9554);
#7792=AXIS2_PLACEMENT_3D('',#11692,#9558,#9559);
#7793=AXIS2_PLACEMENT_3D('',#11697,#9563,#9564);
#7794=AXIS2_PLACEMENT_3D('',#11704,#9569,#9570);
#7795=AXIS2_PLACEMENT_3D('',#11708,#9573,#9574);
#7796=AXIS2_PLACEMENT_3D('',#11713,#9578,#9579);
#7797=AXIS2_PLACEMENT_3D('',#11718,#9583,#9584);
#7798=AXIS2_PLACEMENT_3D('',#11719,#9585,#9586);
#7799=AXIS2_PLACEMENT_3D('',#11721,#9587,#9588);
#7800=AXIS2_PLACEMENT_3D('',#11724,#9590,#9591);
#7801=AXIS2_PLACEMENT_3D('',#11725,#9592,#9593);
#7802=AXIS2_PLACEMENT_3D('',#11727,#9594,#9595);
#7803=AXIS2_PLACEMENT_3D('',#11730,#9597,#9598);
#7804=AXIS2_PLACEMENT_3D('',#11731,#9599,#9600);
#7805=AXIS2_PLACEMENT_3D('',#11732,#9601,#9602);
#7806=AXIS2_PLACEMENT_3D('',#11733,#9603,#9604);
#7807=AXIS2_PLACEMENT_3D('',#11734,#9605,#9606);
#7808=AXIS2_PLACEMENT_3D('',#11743,#9611,#9612);
#7809=AXIS2_PLACEMENT_3D('',#11752,#9617,#9618);
#7810=AXIS2_PLACEMENT_3D('',#11755,#9621,#9622);
#7811=AXIS2_PLACEMENT_3D('',#11764,#9627,#9628);
#7812=AXIS2_PLACEMENT_3D('',#11765,#9629,#9630);
#7813=AXIS2_PLACEMENT_3D('',#11769,#9633,#9634);
#7814=AXIS2_PLACEMENT_3D('',#11773,#9637,#9638);
#7815=AXIS2_PLACEMENT_3D('',#11777,#9641,#9642);
#7816=AXIS2_PLACEMENT_3D('',#11780,#9644,#9645);
#7817=AXIS2_PLACEMENT_3D('',#11781,#9646,#9647);
#7818=AXIS2_PLACEMENT_3D('',#11783,#9648,#9649);
#7819=AXIS2_PLACEMENT_3D('',#11785,#9651,#9652);
#7820=AXIS2_PLACEMENT_3D('',#11786,#9653,#9654);
#7821=AXIS2_PLACEMENT_3D('',#11788,#9655,#9656);
#7822=AXIS2_PLACEMENT_3D('',#11791,#9658,#9659);
#7823=AXIS2_PLACEMENT_3D('',#11792,#9660,#9661);
#7824=AXIS2_PLACEMENT_3D('',#11793,#9662,#9663);
#7825=AXIS2_PLACEMENT_3D('',#11798,#9665,#9666);
#7826=AXIS2_PLACEMENT_3D('',#11801,#9668,#9669);
#7827=AXIS2_PLACEMENT_3D('',#11804,#9671,#9672);
#7828=AXIS2_PLACEMENT_3D('',#11805,#9673,#9674);
#7829=AXIS2_PLACEMENT_3D('',#11807,#9676,#9677);
#7830=AXIS2_PLACEMENT_3D('',#11811,#9679,#9680);
#7831=AXIS2_PLACEMENT_3D('',#11823,#9682,#9683);
#7832=AXIS2_PLACEMENT_3D('',#11825,#9684,#9685);
#7833=AXIS2_PLACEMENT_3D('',#11826,#9686,#9687);
#7834=AXIS2_PLACEMENT_3D('',#11827,#9688,#9689);
#7835=AXIS2_PLACEMENT_3D('',#11828,#9690,#9691);
#7836=AXIS2_PLACEMENT_3D('',#11841,#9698,#9699);
#7837=AXIS2_PLACEMENT_3D('',#11842,#9700,#9701);
#7838=AXIS2_PLACEMENT_3D('',#11844,#9702,#9703);
#7839=AXIS2_PLACEMENT_3D('',#11847,#9705,#9706);
#7840=AXIS2_PLACEMENT_3D('',#11848,#9707,#9708);
#7841=AXIS2_PLACEMENT_3D('',#11851,#9710,#9711);
#7842=AXIS2_PLACEMENT_3D('',#11852,#9712,#9713);
#7843=AXIS2_PLACEMENT_3D('',#11855,#9715,#9716);
#7844=AXIS2_PLACEMENT_3D('',#11865,#9717,#9718);
#7845=AXIS2_PLACEMENT_3D('',#11875,#9719,#9720);
#7846=AXIS2_PLACEMENT_3D('',#11876,#9721,#9722);
#7847=AXIS2_PLACEMENT_3D('',#11879,#9724,#9725);
#7848=AXIS2_PLACEMENT_3D('',#11880,#9726,#9727);
#7849=AXIS2_PLACEMENT_3D('',#11883,#9729,#9730);
#7850=AXIS2_PLACEMENT_3D('',#11884,#9731,#9732);
#7851=AXIS2_PLACEMENT_3D('',#11886,#9734,#9735);
#7852=AXIS2_PLACEMENT_3D('',#11887,#9736,#9737);
#7853=AXIS2_PLACEMENT_3D('',#11888,#9738,#9739);
#7854=AXIS2_PLACEMENT_3D('',#11905,#9748,#9749);
#7855=AXIS2_PLACEMENT_3D('',#11907,#9750,#9751);
#7856=AXIS2_PLACEMENT_3D('',#11910,#9753,#9754);
#7857=AXIS2_PLACEMENT_3D('',#11911,#9755,#9756);
#7858=AXIS2_PLACEMENT_3D('',#11914,#9758,#9759);
#7859=AXIS2_PLACEMENT_3D('',#11915,#9760,#9761);
#7860=AXIS2_PLACEMENT_3D('',#11918,#9763,#9764);
#7861=AXIS2_PLACEMENT_3D('',#11919,#9765,#9766);
#7862=AXIS2_PLACEMENT_3D('',#11922,#9768,#9769);
#7863=AXIS2_PLACEMENT_3D('',#11923,#9770,#9771);
#7864=AXIS2_PLACEMENT_3D('',#11926,#9773,#9774);
#7865=AXIS2_PLACEMENT_3D('',#11927,#9775,#9776);
#7866=AXIS2_PLACEMENT_3D('',#11930,#9778,#9779);
#7867=AXIS2_PLACEMENT_3D('',#11931,#9780,#9781);
#7868=AXIS2_PLACEMENT_3D('',#11934,#9783,#9784);
#7869=AXIS2_PLACEMENT_3D('',#11935,#9785,#9786);
#7870=AXIS2_PLACEMENT_3D('',#11937,#9788,#9789);
#7871=AXIS2_PLACEMENT_3D('',#11938,#9790,#9791);
#7872=AXIS2_PLACEMENT_3D('',#11947,#9796,#9797);
#7873=AXIS2_PLACEMENT_3D('',#11953,#9801,#9802);
#7874=AXIS2_PLACEMENT_3D('',#11962,#9807,#9808);
#7875=AXIS2_PLACEMENT_3D('',#11963,#9809,#9810);
#7876=AXIS2_PLACEMENT_3D('',#11967,#9813,#9814);
#7877=AXIS2_PLACEMENT_3D('',#11971,#9817,#9818);
#7878=AXIS2_PLACEMENT_3D('',#11973,#9819,#9820);
#7879=AXIS2_PLACEMENT_3D('',#11976,#9822,#9823);
#7880=AXIS2_PLACEMENT_3D('',#11977,#9824,#9825);
#7881=AXIS2_PLACEMENT_3D('',#11984,#9829,#9830);
#7882=AXIS2_PLACEMENT_3D('',#11985,#9831,#9832);
#7883=AXIS2_PLACEMENT_3D('',#11986,#9833,#9834);
#7884=AXIS2_PLACEMENT_3D('',#11987,#9835,#9836);
#7885=AXIS2_PLACEMENT_3D('',#11992,#9838,#9839);
#7886=AXIS2_PLACEMENT_3D('',#11994,#9840,#9841);
#7887=AXIS2_PLACEMENT_3D('',#12010,#9849,#9850);
#7888=AXIS2_PLACEMENT_3D('',#12012,#9852,#9853);
#7889=AXIS2_PLACEMENT_3D('',#12014,#9854,#9855);
#7890=AXIS2_PLACEMENT_3D('',#12016,#9856,#9857);
#7891=AXIS2_PLACEMENT_3D('',#12018,#9859,#9860);
#7892=AXIS2_PLACEMENT_3D('',#12020,#9861,#9862);
#7893=AXIS2_PLACEMENT_3D('',#12022,#9864,#9865);
#7894=AXIS2_PLACEMENT_3D('',#12024,#9866,#9867);
#7895=AXIS2_PLACEMENT_3D('',#12026,#9869,#9870);
#7896=AXIS2_PLACEMENT_3D('',#12028,#9871,#9872);
#7897=AXIS2_PLACEMENT_3D('',#12040,#9874,#9875);
#7898=AXIS2_PLACEMENT_3D('',#12041,#9876,#9877);
#7899=AXIS2_PLACEMENT_3D('',#12052,#9878,#9879);
#7900=AXIS2_PLACEMENT_3D('',#12054,#9880,#9881);
#7901=AXIS2_PLACEMENT_3D('',#12055,#9882,#9883);
#7902=AXIS2_PLACEMENT_3D('',#12056,#9884,#9885);
#7903=AXIS2_PLACEMENT_3D('',#12058,#9886,#9887);
#7904=AXIS2_PLACEMENT_3D('',#12060,#9889,#9890);
#7905=AXIS2_PLACEMENT_3D('',#12062,#9891,#9892);
#7906=AXIS2_PLACEMENT_3D('',#12064,#9894,#9895);
#7907=AXIS2_PLACEMENT_3D('',#12066,#9897,#9898);
#7908=AXIS2_PLACEMENT_3D('',#12071,#9901,#9902);
#7909=AXIS2_PLACEMENT_3D('',#12081,#9903,#9904);
#7910=AXIS2_PLACEMENT_3D('',#12082,#9905,#9906);
#7911=AXIS2_PLACEMENT_3D('',#12083,#9907,#9908);
#7912=AXIS2_PLACEMENT_3D('',#12084,#9909,#9910);
#7913=AXIS2_PLACEMENT_3D('',#12085,#9911,#9912);
#7914=AXIS2_PLACEMENT_3D('',#12086,#9913,#9914);
#7915=AXIS2_PLACEMENT_3D('',#12088,#9915,#9916);
#7916=AXIS2_PLACEMENT_3D('',#12089,#9917,#9918);
#7917=AXIS2_PLACEMENT_3D('',#12091,#9920,#9921);
#7918=AXIS2_PLACEMENT_3D('',#12093,#9922,#9923);
#7919=AXIS2_PLACEMENT_3D('',#12094,#9924,#9925);
#7920=AXIS2_PLACEMENT_3D('',#12096,#9927,#9928);
#7921=AXIS2_PLACEMENT_3D('',#12097,#9929,#9930);
#7922=AXIS2_PLACEMENT_3D('',#12114,#9939,#9940);
#7923=AXIS2_PLACEMENT_3D('',#12116,#9941,#9942);
#7924=AXIS2_PLACEMENT_3D('',#12119,#9944,#9945);
#7925=AXIS2_PLACEMENT_3D('',#12120,#9946,#9947);
#7926=AXIS2_PLACEMENT_3D('',#12123,#9949,#9950);
#7927=AXIS2_PLACEMENT_3D('',#12124,#9951,#9952);
#7928=AXIS2_PLACEMENT_3D('',#12127,#9954,#9955);
#7929=AXIS2_PLACEMENT_3D('',#12128,#9956,#9957);
#7930=AXIS2_PLACEMENT_3D('',#12131,#9959,#9960);
#7931=AXIS2_PLACEMENT_3D('',#12132,#9961,#9962);
#7932=AXIS2_PLACEMENT_3D('',#12135,#9964,#9965);
#7933=AXIS2_PLACEMENT_3D('',#12136,#9966,#9967);
#7934=AXIS2_PLACEMENT_3D('',#12139,#9969,#9970);
#7935=AXIS2_PLACEMENT_3D('',#12140,#9971,#9972);
#7936=AXIS2_PLACEMENT_3D('',#12143,#9974,#9975);
#7937=AXIS2_PLACEMENT_3D('',#12144,#9976,#9977);
#7938=AXIS2_PLACEMENT_3D('',#12146,#9979,#9980);
#7939=AXIS2_PLACEMENT_3D('',#12147,#9981,#9982);
#7940=AXIS2_PLACEMENT_3D('',#12156,#9987,#9988);
#7941=AXIS2_PLACEMENT_3D('',#12162,#9992,#9993);
#7942=AXIS2_PLACEMENT_3D('',#12171,#9998,#9999);
#7943=AXIS2_PLACEMENT_3D('',#12172,#10000,#10001);
#7944=AXIS2_PLACEMENT_3D('',#12176,#10004,#10005);
#7945=AXIS2_PLACEMENT_3D('',#12180,#10008,#10009);
#7946=AXIS2_PLACEMENT_3D('',#12182,#10010,#10011);
#7947=AXIS2_PLACEMENT_3D('',#12185,#10013,#10014);
#7948=AXIS2_PLACEMENT_3D('',#12186,#10015,#10016);
#7949=AXIS2_PLACEMENT_3D('',#12193,#10020,#10021);
#7950=AXIS2_PLACEMENT_3D('',#12194,#10022,#10023);
#7951=AXIS2_PLACEMENT_3D('',#12195,#10024,#10025);
#7952=AXIS2_PLACEMENT_3D('',#12196,#10026,#10027);
#7953=AXIS2_PLACEMENT_3D('',#12201,#10029,#10030);
#7954=AXIS2_PLACEMENT_3D('',#12203,#10031,#10032);
#7955=AXIS2_PLACEMENT_3D('',#12219,#10040,#10041);
#7956=AXIS2_PLACEMENT_3D('',#12221,#10043,#10044);
#7957=AXIS2_PLACEMENT_3D('',#12223,#10045,#10046);
#7958=AXIS2_PLACEMENT_3D('',#12225,#10047,#10048);
#7959=AXIS2_PLACEMENT_3D('',#12227,#10050,#10051);
#7960=AXIS2_PLACEMENT_3D('',#12229,#10052,#10053);
#7961=AXIS2_PLACEMENT_3D('',#12231,#10055,#10056);
#7962=AXIS2_PLACEMENT_3D('',#12233,#10057,#10058);
#7963=AXIS2_PLACEMENT_3D('',#12235,#10060,#10061);
#7964=AXIS2_PLACEMENT_3D('',#12237,#10062,#10063);
#7965=AXIS2_PLACEMENT_3D('',#12249,#10065,#10066);
#7966=AXIS2_PLACEMENT_3D('',#12250,#10067,#10068);
#7967=AXIS2_PLACEMENT_3D('',#12261,#10069,#10070);
#7968=AXIS2_PLACEMENT_3D('',#12263,#10071,#10072);
#7969=AXIS2_PLACEMENT_3D('',#12264,#10073,#10074);
#7970=AXIS2_PLACEMENT_3D('',#12265,#10075,#10076);
#7971=AXIS2_PLACEMENT_3D('',#12267,#10077,#10078);
#7972=AXIS2_PLACEMENT_3D('',#12269,#10080,#10081);
#7973=AXIS2_PLACEMENT_3D('',#12271,#10082,#10083);
#7974=AXIS2_PLACEMENT_3D('',#12273,#10085,#10086);
#7975=AXIS2_PLACEMENT_3D('',#12275,#10088,#10089);
#7976=AXIS2_PLACEMENT_3D('',#12280,#10092,#10093);
#7977=AXIS2_PLACEMENT_3D('',#12290,#10094,#10095);
#7978=AXIS2_PLACEMENT_3D('',#12291,#10096,#10097);
#7979=AXIS2_PLACEMENT_3D('',#12292,#10098,#10099);
#7980=AXIS2_PLACEMENT_3D('',#12293,#10100,#10101);
#7981=AXIS2_PLACEMENT_3D('',#12294,#10102,#10103);
#7982=AXIS2_PLACEMENT_3D('',#12295,#10104,#10105);
#7983=AXIS2_PLACEMENT_3D('',#12297,#10106,#10107);
#7984=AXIS2_PLACEMENT_3D('',#12298,#10108,#10109);
#7985=AXIS2_PLACEMENT_3D('',#12300,#10111,#10112);
#7986=AXIS2_PLACEMENT_3D('',#12302,#10113,#10114);
#7987=AXIS2_PLACEMENT_3D('',#12303,#10115,#10116);
#7988=AXIS2_PLACEMENT_3D('',#12305,#10118,#10119);
#7989=AXIS2_PLACEMENT_3D('',#12306,#10120,#10121);
#7990=AXIS2_PLACEMENT_3D('',#12307,#10122,#10123);
#7991=AXIS2_PLACEMENT_3D('',#12308,#10124,#10125);
#7992=AXIS2_PLACEMENT_3D('',#12309,#10126,#10127);
#7993=AXIS2_PLACEMENT_3D('',#12310,#10128,#10129);
#7994=AXIS2_PLACEMENT_3D('',#12311,#10130,#10131);
#7995=AXIS2_PLACEMENT_3D('',#12312,#10132,#10133);
#7996=AXIS2_PLACEMENT_3D('',#12313,#10134,#10135);
#7997=AXIS2_PLACEMENT_3D('',#12314,#10136,#10137);
#7998=AXIS2_PLACEMENT_3D('',#12315,#10138,#10139);
#7999=AXIS2_PLACEMENT_3D('',#12316,#10140,#10141);
#8000=AXIS2_PLACEMENT_3D('',#12317,#10142,#10143);
#8001=DIRECTION('axis',(0.,0.,1.));
#8002=DIRECTION('refdir',(1.,0.,0.));
#8003=DIRECTION('axis',(0.,0.,1.));
#8004=DIRECTION('refdir',(1.,0.,0.));
#8005=DIRECTION('axis',(0.,0.,1.));
#8006=DIRECTION('refdir',(1.,0.,0.));
#8007=DIRECTION('axis',(0.,0.,1.));
#8008=DIRECTION('refdir',(1.,0.,0.));
#8009=DIRECTION('axis',(0.,0.,1.));
#8010=DIRECTION('refdir',(1.,0.,0.));
#8011=DIRECTION('center_axis',(-1.,0.,0.));
#8012=DIRECTION('ref_axis',(0.,0.,1.));
#8013=DIRECTION('center_axis',(1.,0.,0.));
#8014=DIRECTION('ref_axis',(0.,0.,-1.));
#8015=DIRECTION('',(-1.,0.,0.));
#8016=DIRECTION('center_axis',(-1.,0.,0.));
#8017=DIRECTION('ref_axis',(0.,0.,-1.));
#8018=DIRECTION('center_axis',(-1.,0.,0.));
#8019=DIRECTION('ref_axis',(0.,0.,1.));
#8020=DIRECTION('center_axis',(1.,0.,0.));
#8021=DIRECTION('ref_axis',(0.,0.,-1.));
#8022=DIRECTION('',(1.,0.,0.));
#8023=DIRECTION('center_axis',(1.,0.,0.));
#8024=DIRECTION('ref_axis',(0.,0.,-1.));
#8025=DIRECTION('center_axis',(-1.,0.,0.));
#8026=DIRECTION('ref_axis',(0.,0.,1.));
#8027=DIRECTION('',(0.,0.,-1.));
#8028=DIRECTION('',(0.,-1.,0.));
#8029=DIRECTION('',(0.,0.,-1.));
#8030=DIRECTION('',(0.,-1.,0.));
#8031=DIRECTION('',(0.,1.,0.));
#8032=DIRECTION('',(0.,0.,-1.));
#8033=DIRECTION('',(0.,-1.,0.));
#8034=DIRECTION('',(0.,0.,1.));
#8035=DIRECTION('center_axis',(0.,0.,1.));
#8036=DIRECTION('ref_axis',(1.,0.,0.));
#8037=DIRECTION('',(-1.,0.,0.));
#8038=DIRECTION('',(0.,-1.,0.));
#8039=DIRECTION('',(-1.,0.,0.));
#8040=DIRECTION('center_axis',(1.,0.,-6.93889390390722E-16));
#8041=DIRECTION('ref_axis',(-6.93889390390722E-16,0.,-1.));
#8042=DIRECTION('',(6.93889390390722E-16,0.,1.));
#8043=DIRECTION('',(0.,-1.,0.));
#8044=DIRECTION('',(6.93889390390722E-16,0.,1.));
#8045=DIRECTION('center_axis',(-1.73472347597681E-15,0.,-1.));
#8046=DIRECTION('ref_axis',(-1.,0.,1.73472347597681E-15));
#8047=DIRECTION('',(1.,0.,-1.73472347597681E-15));
#8048=DIRECTION('',(0.,-1.,0.));
#8049=DIRECTION('',(1.,0.,-1.73472347597681E-15));
#8050=DIRECTION('center_axis',(1.,0.,0.));
#8051=DIRECTION('ref_axis',(0.,0.,-1.));
#8052=DIRECTION('',(0.,0.,1.));
#8053=DIRECTION('',(0.,-1.,0.));
#8054=DIRECTION('',(0.,0.,1.));
#8055=DIRECTION('center_axis',(0.,0.,1.));
#8056=DIRECTION('ref_axis',(1.,0.,0.));
#8057=DIRECTION('',(-1.,0.,0.));
#8058=DIRECTION('',(0.,-1.,0.));
#8059=DIRECTION('',(-1.,0.,0.));
#8060=DIRECTION('center_axis',(1.,0.,6.93889390390724E-16));
#8061=DIRECTION('ref_axis',(6.93889390390724E-16,0.,-1.));
#8062=DIRECTION('',(-6.93889390390724E-16,0.,1.));
#8063=DIRECTION('',(0.,-1.,0.));
#8064=DIRECTION('',(-6.93889390390724E-16,0.,1.));
#8065=DIRECTION('center_axis',(0.,0.,-1.));
#8066=DIRECTION('ref_axis',(-1.,0.,0.));
#8067=DIRECTION('',(1.,0.,0.));
#8068=DIRECTION('',(1.,0.,0.));
#8069=DIRECTION('center_axis',(0.,1.,0.));
#8070=DIRECTION('ref_axis',(0.,0.,1.));
#8071=DIRECTION('center_axis',(0.,1.,0.));
#8072=DIRECTION('ref_axis',(0.,0.,1.));
#8073=DIRECTION('center_axis',(0.0871557427476584,0.,-0.996194698091746));
#8074=DIRECTION('ref_axis',(-0.996194698091746,0.,-0.0871557427476584));
#8075=DIRECTION('',(-0.992432509138967,0.0868265938642478,-0.0868265938642478));
#8076=DIRECTION('',(0.,1.,0.));
#8077=DIRECTION('',(-0.992432509138967,-0.0868265938642478,-0.0868265938642478));
#8078=DIRECTION('center_axis',(0.0871557427476584,0.996194698091746,0.));
#8079=DIRECTION('ref_axis',(-0.996194698091746,0.0871557427476584,0.));
#8080=DIRECTION('',(-0.992432509138967,0.0868265938642478,0.0868265938642478));
#8081=DIRECTION('',(0.,0.,1.));
#8082=DIRECTION('center_axis',(0.0871557427476584,0.,0.996194698091746));
#8083=DIRECTION('ref_axis',(0.996194698091746,0.,-0.0871557427476584));
#8084=DIRECTION('',(-0.992432509138967,-0.0868265938642478,0.0868265938642478));
#8085=DIRECTION('',(0.,-1.,0.));
#8086=DIRECTION('center_axis',(0.0871557427476584,-0.996194698091746,0.));
#8087=DIRECTION('ref_axis',(0.996194698091746,0.0871557427476584,0.));
#8088=DIRECTION('',(0.,0.,-1.));
#8089=DIRECTION('center_axis',(1.,0.,0.));
#8090=DIRECTION('ref_axis',(0.,0.,-1.));
#8091=DIRECTION('center_axis',(1.,0.,0.));
#8092=DIRECTION('ref_axis',(0.,0.,-1.));
#8093=DIRECTION('center_axis',(1.,0.,0.));
#8094=DIRECTION('ref_axis',(0.,0.,-1.));
#8095=DIRECTION('axis',(0.,0.,1.));
#8096=DIRECTION('refdir',(1.,0.,0.));
#8097=DIRECTION('center_axis',(-1.33440267382831E-16,1.,0.));
#8098=DIRECTION('ref_axis',(-1.,-1.33440267382831E-16,0.));
#8099=DIRECTION('center_axis',(2.83262486134573E-17,-1.,0.));
#8100=DIRECTION('ref_axis',(-1.,-2.83262486134573E-17,0.));
#8101=DIRECTION('',(-1.33440267382831E-16,1.,0.));
#8102=DIRECTION('center_axis',(-1.33440267382831E-16,1.,0.));
#8103=DIRECTION('ref_axis',(-1.,-1.33440267382831E-16,0.));
#8104=DIRECTION('center_axis',(-1.33440267382831E-16,1.,0.));
#8105=DIRECTION('ref_axis',(-1.,-1.33440267382831E-16,0.));
#8106=DIRECTION('center_axis',(2.83262486134573E-17,-1.,0.));
#8107=DIRECTION('ref_axis',(-1.,-2.83262486134573E-17,0.));
#8108=DIRECTION('',(-1.33440267382831E-16,1.,0.));
#8109=DIRECTION('center_axis',(-1.33440267382831E-16,1.,0.));
#8110=DIRECTION('ref_axis',(-1.,-1.33440267382831E-16,0.));
#8111=DIRECTION('center_axis',(-2.83262486134573E-17,1.,0.));
#8112=DIRECTION('ref_axis',(-1.,-2.83262486134573E-17,0.));
#8113=DIRECTION('',(1.,2.83262486134573E-17,0.));
#8114=DIRECTION('',(0.,0.,-1.));
#8115=DIRECTION('',(1.,2.83262486134573E-17,0.));
#8116=DIRECTION('',(0.,0.,-1.));
#8117=DIRECTION('center_axis',(-0.919145030018058,0.393919298579168,0.));
#8118=DIRECTION('ref_axis',(-0.393919298579168,-0.919145030018058,0.));
#8119=DIRECTION('',(0.393919298579168,0.919145030018058,0.));
#8120=DIRECTION('',(0.,0.,-1.));
#8121=DIRECTION('',(0.393919298579168,0.919145030018058,0.));
#8122=DIRECTION('center_axis',(-1.,-1.33440267382831E-16,0.));
#8123=DIRECTION('ref_axis',(1.33440267382831E-16,-1.,0.));
#8124=DIRECTION('',(-1.33440267382831E-16,1.,0.));
#8125=DIRECTION('',(0.,0.,-1.));
#8126=DIRECTION('',(-1.33440267382831E-16,1.,0.));
#8127=DIRECTION('',(0.,0.,-1.));
#8128=DIRECTION('',(0.,-1.,0.));
#8129=DIRECTION('',(0.,0.,1.));
#8130=DIRECTION('',(0.,1.,0.));
#8131=DIRECTION('',(0.,0.,-1.));
#8132=DIRECTION('',(0.,-1.,0.));
#8133=DIRECTION('',(0.,0.,1.));
#8134=DIRECTION('',(0.,1.,0.));
#8135=DIRECTION('center_axis',(0.,-1.,0.));
#8136=DIRECTION('ref_axis',(0.,0.,-1.));
#8137=DIRECTION('',(-1.,0.,0.));
#8138=DIRECTION('',(0.,0.,-1.));
#8139=DIRECTION('',(-1.,0.,0.));
#8140=DIRECTION('center_axis',(1.,0.,0.));
#8141=DIRECTION('ref_axis',(0.,0.,-1.));
#8142=DIRECTION('',(0.,-1.,0.));
#8143=DIRECTION('',(0.,-1.,0.));
#8144=DIRECTION('',(0.,0.,-1.));
#8145=DIRECTION('',(0.,1.,0.));
#8146=DIRECTION('',(0.,0.,1.));
#8147=DIRECTION('',(0.,-1.,0.));
#8148=DIRECTION('',(0.,0.,-1.));
#8149=DIRECTION('',(0.,1.,0.));
#8150=DIRECTION('',(0.,0.,1.));
#8151=DIRECTION('',(0.,-1.,0.));
#8152=DIRECTION('center_axis',(0.,0.,-1.));
#8153=DIRECTION('ref_axis',(-1.,0.,0.));
#8154=DIRECTION('center_axis',(0.,0.,-1.));
#8155=DIRECTION('ref_axis',(-1.,0.,0.));
#8156=DIRECTION('center_axis',(0.,0.,1.));
#8157=DIRECTION('ref_axis',(1.,0.,0.));
#8158=DIRECTION('',(1.,1.33440267382831E-16,0.));
#8159=DIRECTION('',(1.,1.33440267382831E-16,0.));
#8160=DIRECTION('center_axis',(-1.33440267382831E-16,1.,0.));
#8161=DIRECTION('ref_axis',(-1.,-1.33440267382831E-16,0.));
#8162=DIRECTION('',(1.,1.33440267382831E-16,0.));
#8163=DIRECTION('center_axis',(0.,0.,-1.));
#8164=DIRECTION('ref_axis',(-1.,0.,0.));
#8165=DIRECTION('',(1.,1.33440267382831E-16,0.));
#8166=DIRECTION('center_axis',(1.33440267382831E-16,-1.,0.));
#8167=DIRECTION('ref_axis',(1.,1.33440267382831E-16,0.));
#8168=DIRECTION('center_axis',(0.,0.,1.));
#8169=DIRECTION('ref_axis',(1.,0.,0.));
#8170=DIRECTION('',(1.,1.33440267382831E-16,0.));
#8171=DIRECTION('',(1.,1.33440267382831E-16,0.));
#8172=DIRECTION('center_axis',(-1.33440267382831E-16,1.,0.));
#8173=DIRECTION('ref_axis',(-1.,-1.33440267382831E-16,0.));
#8174=DIRECTION('',(1.,1.33440267382831E-16,0.));
#8175=DIRECTION('center_axis',(0.,0.,-1.));
#8176=DIRECTION('ref_axis',(-1.,0.,0.));
#8177=DIRECTION('',(1.,1.33440267382831E-16,0.));
#8178=DIRECTION('center_axis',(1.33440267382831E-16,-1.,0.));
#8179=DIRECTION('ref_axis',(1.,1.33440267382831E-16,0.));
#8180=DIRECTION('axis',(0.,0.,1.));
#8181=DIRECTION('refdir',(1.,0.,0.));
#8182=DIRECTION('center_axis',(0.,0.,1.));
#8183=DIRECTION('ref_axis',(1.,0.,0.));
#8184=DIRECTION('center_axis',(0.,0.,1.));
#8185=DIRECTION('ref_axis',(1.,0.,0.));
#8186=DIRECTION('center_axis',(0.,0.,1.));
#8187=DIRECTION('ref_axis',(1.,0.,0.));
#8188=DIRECTION('center_axis',(1.22464679914735E-16,-1.,0.));
#8189=DIRECTION('ref_axis',(-1.,-1.22464679914735E-16,0.));
#8190=DIRECTION('center_axis',(0.,0.,-1.));
#8191=DIRECTION('ref_axis',(1.,0.,0.));
#8192=DIRECTION('center_axis',(0.,0.,1.));
#8193=DIRECTION('ref_axis',(1.,0.,0.));
#8194=DIRECTION('center_axis',(0.,0.,1.));
#8195=DIRECTION('ref_axis',(1.,0.,0.));
#8196=DIRECTION('center_axis',(1.22464679914735E-16,-1.,0.));
#8197=DIRECTION('ref_axis',(-1.,-1.22464679914735E-16,0.));
#8198=DIRECTION('center_axis',(0.,0.,-1.));
#8199=DIRECTION('ref_axis',(1.,0.,0.));
#8200=DIRECTION('center_axis',(0.,0.,-1.));
#8201=DIRECTION('ref_axis',(1.,0.,0.));
#8202=DIRECTION('center_axis',(0.,0.,-1.));
#8203=DIRECTION('ref_axis',(-1.,0.,0.));
#8204=DIRECTION('',(0.,0.,-1.));
#8205=DIRECTION('center_axis',(0.,0.,1.));
#8206=DIRECTION('ref_axis',(1.,0.,0.));
#8207=DIRECTION('center_axis',(0.,0.,-1.));
#8208=DIRECTION('ref_axis',(-1.,0.,0.));
#8209=DIRECTION('center_axis',(0.,0.,1.));
#8210=DIRECTION('ref_axis',(1.,0.,0.));
#8211=DIRECTION('',(0.,0.,1.));
#8212=DIRECTION('center_axis',(0.,0.,1.));
#8213=DIRECTION('ref_axis',(1.,0.,0.));
#8214=DIRECTION('center_axis',(0.,0.,1.));
#8215=DIRECTION('ref_axis',(1.,0.,0.));
#8216=DIRECTION('axis',(0.,0.,1.));
#8217=DIRECTION('refdir',(1.,0.,0.));
#8218=DIRECTION('center_axis',(0.,0.,1.));
#8219=DIRECTION('ref_axis',(1.,0.,0.));
#8220=DIRECTION('center_axis',(0.,0.,1.));
#8221=DIRECTION('ref_axis',(1.,0.,0.));
#8222=DIRECTION('center_axis',(1.22464679914735E-16,-1.,0.));
#8223=DIRECTION('ref_axis',(-1.,-1.22464679914735E-16,0.));
#8224=DIRECTION('center_axis',(0.,0.,-1.));
#8225=DIRECTION('ref_axis',(1.,0.,0.));
#8226=DIRECTION('center_axis',(0.,0.,-1.));
#8227=DIRECTION('ref_axis',(1.,0.,0.));
#8228=DIRECTION('center_axis',(0.,0.,-1.));
#8229=DIRECTION('ref_axis',(-1.,0.,0.));
#8230=DIRECTION('center_axis',(0.,0.,1.));
#8231=DIRECTION('ref_axis',(1.,0.,0.));
#8232=DIRECTION('',(0.,0.,1.));
#8233=DIRECTION('center_axis',(0.,0.,1.));
#8234=DIRECTION('ref_axis',(1.,0.,0.));
#8235=DIRECTION('center_axis',(0.,0.,1.));
#8236=DIRECTION('ref_axis',(1.,0.,0.));
#8237=DIRECTION('axis',(0.,0.,1.));
#8238=DIRECTION('refdir',(1.,0.,0.));
#8239=DIRECTION('axis',(0.,0.,1.));
#8240=DIRECTION('refdir',(1.,0.,0.));
#8241=DIRECTION('axis',(0.,0.,1.));
#8242=DIRECTION('refdir',(1.,0.,0.));
#8243=DIRECTION('center_axis',(0.,1.,0.));
#8244=DIRECTION('ref_axis',(0.,0.,1.));
#8245=DIRECTION('center_axis',(0.,1.,0.));
#8246=DIRECTION('ref_axis',(0.,0.,-1.));
#8247=DIRECTION('',(0.,1.,0.));
#8248=DIRECTION('center_axis',(0.,1.,0.));
#8249=DIRECTION('ref_axis',(0.,0.,1.));
#8250=DIRECTION('center_axis',(0.,0.,1.));
#8251=DIRECTION('ref_axis',(1.,0.,0.));
#8252=DIRECTION('',(0.,-1.,0.));
#8253=DIRECTION('',(1.,0.,0.));
#8254=DIRECTION('',(0.,1.,0.));
#8255=DIRECTION('',(-1.,0.,0.));
#8256=DIRECTION('',(1.,0.,0.));
#8257=DIRECTION('',(0.,-1.,0.));
#8258=DIRECTION('',(-1.,0.,0.));
#8259=DIRECTION('',(0.,1.,0.));
#8260=DIRECTION('center_axis',(0.,0.,1.));
#8261=DIRECTION('ref_axis',(1.,0.,0.));
#8262=DIRECTION('',(0.,-1.,0.));
#8263=DIRECTION('',(-1.,0.,0.));
#8264=DIRECTION('',(0.,1.,0.));
#8265=DIRECTION('',(1.,0.,0.));
#8266=DIRECTION('',(0.,-1.,0.));
#8267=DIRECTION('',(1.,0.,0.));
#8268=DIRECTION('',(0.,1.,0.));
#8269=DIRECTION('',(-1.,0.,0.));
#8270=DIRECTION('center_axis',(1.,0.,0.));
#8271=DIRECTION('ref_axis',(0.,0.,-1.));
#8272=DIRECTION('',(0.,0.,-1.));
#8273=DIRECTION('',(0.,0.,-1.));
#8274=DIRECTION('center_axis',(0.,1.,0.));
#8275=DIRECTION('ref_axis',(0.,0.,1.));
#8276=DIRECTION('',(0.,0.,-1.));
#8277=DIRECTION('center_axis',(-1.,0.,0.));
#8278=DIRECTION('ref_axis',(0.,0.,1.));
#8279=DIRECTION('',(0.,0.,-1.));
#8280=DIRECTION('center_axis',(0.,-1.,0.));
#8281=DIRECTION('ref_axis',(0.,0.,-1.));
#8282=DIRECTION('center_axis',(1.,0.,0.));
#8283=DIRECTION('ref_axis',(0.,0.,-1.));
#8284=DIRECTION('',(0.,0.,-1.));
#8285=DIRECTION('',(0.,0.,-1.));
#8286=DIRECTION('center_axis',(0.,1.,0.));
#8287=DIRECTION('ref_axis',(0.,0.,1.));
#8288=DIRECTION('',(0.,0.,-1.));
#8289=DIRECTION('center_axis',(-1.,0.,0.));
#8290=DIRECTION('ref_axis',(0.,0.,1.));
#8291=DIRECTION('',(0.,0.,-1.));
#8292=DIRECTION('center_axis',(0.,-1.,0.));
#8293=DIRECTION('ref_axis',(0.,0.,-1.));
#8294=DIRECTION('axis',(0.,0.,1.));
#8295=DIRECTION('refdir',(1.,0.,0.));
#8296=DIRECTION('center_axis',(-1.,0.,0.));
#8297=DIRECTION('ref_axis',(0.,0.,1.));
#8298=DIRECTION('center_axis',(-1.,0.,0.));
#8299=DIRECTION('ref_axis',(0.,0.,1.));
#8300=DIRECTION('center_axis',(0.,-1.,1.22464679914735E-16));
#8301=DIRECTION('ref_axis',(0.,-1.22464679914735E-16,-1.));
#8302=DIRECTION('center_axis',(-1.,0.,0.));
#8303=DIRECTION('ref_axis',(0.,0.,1.));
#8304=DIRECTION('center_axis',(-1.,0.,0.));
#8305=DIRECTION('ref_axis',(0.,0.,1.));
#8306=DIRECTION('',(1.,0.,0.));
#8307=DIRECTION('center_axis',(-1.,0.,0.));
#8308=DIRECTION('ref_axis',(0.,0.,1.));
#8309=DIRECTION('center_axis',(-1.,0.,0.));
#8310=DIRECTION('ref_axis',(0.,0.,1.));
#8311=DIRECTION('center_axis',(-1.,0.,0.));
#8312=DIRECTION('ref_axis',(0.,0.,1.));
#8313=DIRECTION('',(1.,0.,0.));
#8314=DIRECTION('center_axis',(-1.,0.,0.));
#8315=DIRECTION('ref_axis',(0.,0.,1.));
#8316=DIRECTION('center_axis',(0.,6.12323399573678E-17,-1.));
#8317=DIRECTION('ref_axis',(0.,1.,0.));
#8318=DIRECTION('center_axis',(0.649967502437297,0.759962002849762,1.47450331871179E-16));
#8319=DIRECTION('ref_axis',(-0.759962002849762,0.649967502437297,0.));
#8320=DIRECTION('center_axis',(-0.14324422473273,4.2213262103355E-17,-0.989687370880683));
#8321=DIRECTION('ref_axis',(-0.989687370880683,0.,0.14324422473273));
#8322=DIRECTION('center_axis',(-0.14324422473273,-0.989687370880683,-3.37104846251192E-15));
#8323=DIRECTION('ref_axis',(0.989687370880683,-0.14324422473273,0.));
#8324=DIRECTION('center_axis',(0.649967502437297,-2.80084348305098E-15,
0.759962002849762));
#8325=DIRECTION('ref_axis',(0.759962002849762,0.,-0.649967502437297));
#8326=DIRECTION('center_axis',(-0.14324422473273,0.989687370880683,3.49768824882198E-15));
#8327=DIRECTION('ref_axis',(-0.989687370880683,-0.14324422473273,-9.86076131526265E-32));
#8328=DIRECTION('center_axis',(-0.14324422473273,4.2213262103355E-17,-0.989687370880683));
#8329=DIRECTION('ref_axis',(-0.989687370880683,0.,0.14324422473273));
#8330=DIRECTION('center_axis',(0.649967502437297,-0.759962002849763,0.));
#8331=DIRECTION('ref_axis',(0.759962002849762,0.649967502437297,0.));
#8332=DIRECTION('center_axis',(-0.14324422473273,8.44265242067101E-17,0.989687370880683));
#8333=DIRECTION('ref_axis',(0.989687370880683,0.,0.14324422473273));
#8334=DIRECTION('center_axis',(-0.14324422473273,0.989687370880683,3.49768824882198E-15));
#8335=DIRECTION('ref_axis',(-0.989687370880683,-0.14324422473273,-9.86076131526265E-32));
#8336=DIRECTION('center_axis',(0.649967502437297,2.6533931511798E-15,-0.759962002849763));
#8337=DIRECTION('ref_axis',(-0.759962002849763,0.,-0.649967502437297));
#8338=DIRECTION('center_axis',(-0.14324422473273,-0.989687370880683,-3.37104846251192E-15));
#8339=DIRECTION('ref_axis',(0.989687370880683,-0.14324422473273,0.));
#8340=DIRECTION('center_axis',(-0.14324422473273,8.44265242067101E-17,0.989687370880683));
#8341=DIRECTION('ref_axis',(0.989687370880683,0.,0.14324422473273));
#8342=DIRECTION('center_axis',(-0.14324422473273,8.44265242067101E-17,0.989687370880683));
#8343=DIRECTION('ref_axis',(0.989687370880683,0.,0.14324422473273));
#8344=DIRECTION('',(0.979687350511585,-0.141796853363519,0.141796853363519));
#8345=DIRECTION('',(0.755405992689852,-0.646070914800531,0.109335077889321));
#8346=DIRECTION('center_axis',(-0.14324422473273,8.44265242067101E-17,0.989687370880683));
#8347=DIRECTION('ref_axis',(0.989687370880683,0.,0.14324422473273));
#8348=DIRECTION('',(0.755405992689852,0.646070914800531,0.109335077889321));
#8349=DIRECTION('',(-0.979687350511585,-0.141796853363518,-0.141796853363519));
#8350=DIRECTION('center_axis',(-0.14324422473273,4.2213262103355E-17,-0.989687370880683));
#8351=DIRECTION('ref_axis',(-0.989687370880683,-7.70371977754894E-34,0.14324422473273));
#8352=DIRECTION('',(0.755405992689852,-0.646070914800531,-0.10933507788932));
#8353=DIRECTION('',(-0.979687350511585,0.141796853363518,0.141796853363518));
#8354=DIRECTION('center_axis',(-0.14324422473273,4.2213262103355E-17,-0.989687370880683));
#8355=DIRECTION('ref_axis',(-0.989687370880683,-7.70371977754894E-34,0.14324422473273));
#8356=DIRECTION('',(0.979687350511585,0.141796853363519,-0.141796853363518));
#8357=DIRECTION('',(0.755405992689852,0.646070914800531,-0.10933507788932));
#8358=DIRECTION('center_axis',(-1.,0.,0.));
#8359=DIRECTION('ref_axis',(0.,0.,1.));
#8360=DIRECTION('center_axis',(1.,0.,0.));
#8361=DIRECTION('ref_axis',(0.,0.,-1.));
#8362=DIRECTION('center_axis',(0.649967502437297,0.759962002849762,1.47450331871179E-16));
#8363=DIRECTION('ref_axis',(-0.759962002849762,0.649967502437297,1.23259516440783E-32));
#8364=DIRECTION('',(0.,1.94023295004564E-16,-1.));
#8365=DIRECTION('center_axis',(0.649967502437297,-0.759962002849763,0.));
#8366=DIRECTION('ref_axis',(0.759962002849763,0.649967502437297,0.));
#8367=DIRECTION('',(0.,0.,1.));
#8368=DIRECTION('center_axis',(-1.,0.,0.));
#8369=DIRECTION('ref_axis',(0.,0.,1.));
#8370=DIRECTION('',(0.,1.,1.94023295004564E-16));
#8371=DIRECTION('',(0.,-1.,-5.82069885013693E-16));
#8372=DIRECTION('center_axis',(0.649967502437297,2.6533931511798E-15,-0.759962002849763));
#8373=DIRECTION('ref_axis',(0.759962002849763,-2.2693494056143E-15,0.649967502437297));
#8374=DIRECTION('',(0.755405992689852,0.109335077889318,0.646070914800531));
#8375=DIRECTION('',(0.755405992689852,-0.109335077889323,0.646070914800531));
#8376=DIRECTION('center_axis',(-0.14324422473273,0.989687370880683,3.49768824882198E-15));
#8377=DIRECTION('ref_axis',(-0.989687370880683,-0.14324422473273,-5.00134537551378E-16));
#8378=DIRECTION('center_axis',(-0.14324422473273,-0.989687370880683,-3.37104846251192E-15));
#8379=DIRECTION('ref_axis',(0.989687370880683,-0.14324422473273,-5.0013453755138E-16));
#8380=DIRECTION('center_axis',(0.649967502437297,-2.80084348305098E-15,
0.759962002849762));
#8381=DIRECTION('ref_axis',(-0.759962002849762,-2.2693494056143E-15,0.649967502437297));
#8382=DIRECTION('',(0.755405992689852,-0.109335077889318,-0.646070914800532));
#8383=DIRECTION('',(0.755405992689852,0.109335077889323,-0.646070914800531));
#8384=DIRECTION('center_axis',(-0.14324422473273,-0.989687370880683,-3.37104846251192E-15));
#8385=DIRECTION('ref_axis',(0.989687370880683,-0.14324422473273,-5.0013453755138E-16));
#8386=DIRECTION('center_axis',(-0.14324422473273,0.989687370880683,3.49768824882198E-15));
#8387=DIRECTION('ref_axis',(-0.989687370880683,-0.14324422473273,-5.00134537551378E-16));
#8388=DIRECTION('',(-2.89174392537431E-32,4.93038065763132E-32,1.));
#8389=DIRECTION('',(1.,0.,-2.89174392537433E-32));
#8390=DIRECTION('',(-2.89174392537431E-32,4.93038065763132E-32,1.));
#8391=DIRECTION('',(-7.39557098644699E-32,-1.,2.46519032881566E-32));
#8392=DIRECTION('',(-2.89174392537431E-32,4.93038065763132E-32,1.));
#8393=DIRECTION('',(1.,0.,-2.89174392537433E-32));
#8394=DIRECTION('',(-2.89174392537431E-32,4.93038065763132E-32,1.));
#8395=DIRECTION('',(-7.39557098644699E-32,-1.,2.46519032881566E-32));
#8396=DIRECTION('',(5.00341553729263E-48,3.19111776939237E-32,1.));
#8397=DIRECTION('',(1.,1.23259516440783E-32,-9.86076131526264E-32));
#8398=DIRECTION('',(1.84889274661176E-32,-2.22044604925031E-16,-1.));
#8399=DIRECTION('',(-1.,-1.23259516440783E-32,9.86076131526264E-32));
#8400=DIRECTION('',(1.,1.23259516440783E-32,-9.86076131526264E-32));
#8401=DIRECTION('',(1.22205494853078E-16,0.735968166287199,-0.677016143243171));
#8402=DIRECTION('',(1.,1.23259516440783E-32,-9.86076131526264E-32));
#8403=DIRECTION('',(-7.66055485369507E-48,0.,-1.));
#8404=DIRECTION('',(-1.,1.33440267382831E-16,9.86076131526263E-32));
#8405=DIRECTION('',(8.32667268468868E-17,-1.33440267382831E-16,-1.));
#8406=DIRECTION('',(-1.,1.33440267382831E-16,9.86076131526263E-32));
#8407=DIRECTION('',(8.32667268468868E-17,-1.33440267382831E-16,-1.));
#8408=DIRECTION('center_axis',(0.,0.,1.));
#8409=DIRECTION('ref_axis',(1.,0.,0.));
#8410=DIRECTION('center_axis',(0.,0.,1.));
#8411=DIRECTION('ref_axis',(1.,0.,0.));
#8412=DIRECTION('',(0.,0.,1.));
#8413=DIRECTION('center_axis',(0.,0.,-1.));
#8414=DIRECTION('ref_axis',(1.,0.,0.));
#8415=DIRECTION('center_axis',(0.,0.,1.));
#8416=DIRECTION('ref_axis',(1.,0.,0.));
#8417=DIRECTION('center_axis',(0.,0.,1.));
#8418=DIRECTION('ref_axis',(1.,0.,0.));
#8419=DIRECTION('',(0.,0.,1.));
#8420=DIRECTION('center_axis',(0.,0.,-1.));
#8421=DIRECTION('ref_axis',(1.,0.,0.));
#8422=DIRECTION('center_axis',(0.,0.,1.));
#8423=DIRECTION('ref_axis',(1.,0.,0.));
#8424=DIRECTION('center_axis',(0.,0.,1.));
#8425=DIRECTION('ref_axis',(1.,0.,0.));
#8426=DIRECTION('',(0.,0.,1.));
#8427=DIRECTION('center_axis',(0.,0.,-1.));
#8428=DIRECTION('ref_axis',(1.,0.,0.));
#8429=DIRECTION('center_axis',(0.,0.,1.));
#8430=DIRECTION('ref_axis',(1.,0.,0.));
#8431=DIRECTION('center_axis',(0.,0.,1.));
#8432=DIRECTION('ref_axis',(1.,0.,0.));
#8433=DIRECTION('',(0.,0.,1.));
#8434=DIRECTION('center_axis',(0.,0.,-1.));
#8435=DIRECTION('ref_axis',(1.,0.,0.));
#8436=DIRECTION('center_axis',(0.,0.,1.));
#8437=DIRECTION('ref_axis',(1.,0.,0.));
#8438=DIRECTION('center_axis',(0.,0.,1.));
#8439=DIRECTION('ref_axis',(1.,0.,0.));
#8440=DIRECTION('',(0.,0.,1.));
#8441=DIRECTION('center_axis',(0.,0.,-1.));
#8442=DIRECTION('ref_axis',(1.,0.,0.));
#8443=DIRECTION('center_axis',(0.,0.,1.));
#8444=DIRECTION('ref_axis',(1.,0.,0.));
#8445=DIRECTION('center_axis',(0.,0.,1.));
#8446=DIRECTION('ref_axis',(1.,0.,0.));
#8447=DIRECTION('',(0.,0.,1.));
#8448=DIRECTION('center_axis',(0.,0.,-1.));
#8449=DIRECTION('ref_axis',(1.,0.,0.));
#8450=DIRECTION('center_axis',(-0.499999999999996,0.866025403784441,0.));
#8451=DIRECTION('ref_axis',(0.866025403784441,0.499999999999996,0.));
#8452=DIRECTION('',(-0.866025403784441,-0.499999999999996,0.));
#8453=DIRECTION('',(0.,0.,-1.));
#8454=DIRECTION('',(0.866025403784441,0.499999999999996,0.));
#8455=DIRECTION('',(0.,0.,-1.));
#8456=DIRECTION('center_axis',(-0.866025403784435,-0.500000000000006,0.));
#8457=DIRECTION('ref_axis',(-0.500000000000006,0.866025403784435,0.));
#8458=DIRECTION('',(0.500000000000006,-0.866025403784435,0.));
#8459=DIRECTION('',(-0.500000000000006,0.866025403784435,0.));
#8460=DIRECTION('',(0.,0.,-1.));
#8461=DIRECTION('center_axis',(0.500000000000001,-0.866025403784438,0.));
#8462=DIRECTION('ref_axis',(-0.866025403784438,-0.500000000000001,0.));
#8463=DIRECTION('',(0.866025403784438,0.500000000000001,0.));
#8464=DIRECTION('',(-0.866025403784438,-0.500000000000001,0.));
#8465=DIRECTION('',(0.,0.,-1.));
#8466=DIRECTION('center_axis',(0.866025403784441,0.499999999999997,0.));
#8467=DIRECTION('ref_axis',(0.499999999999997,-0.86602540378444,0.));
#8468=DIRECTION('',(-0.499999999999997,0.86602540378444,0.));
#8469=DIRECTION('',(0.499999999999997,-0.86602540378444,0.));
#8470=DIRECTION('center_axis',(1.,-4.44089209850062E-15,0.));
#8471=DIRECTION('ref_axis',(-4.44089209850062E-15,-1.,0.));
#8472=DIRECTION('',(4.44089209850062E-15,1.,0.));
#8473=DIRECTION('',(0.,0.,-1.));
#8474=DIRECTION('',(-4.44089209850062E-15,-1.,0.));
#8475=DIRECTION('',(0.,0.,-1.));
#8476=DIRECTION('center_axis',(-1.0362081563168E-14,1.,0.));
#8477=DIRECTION('ref_axis',(1.,1.0362081563168E-14,0.));
#8478=DIRECTION('',(-1.,-1.0362081563168E-14,0.));
#8479=DIRECTION('',(1.,1.0362081563168E-14,0.));
#8480=DIRECTION('',(0.,0.,-1.));
#8481=DIRECTION('center_axis',(-1.,-7.40148683083444E-16,0.));
#8482=DIRECTION('ref_axis',(-7.40148683083444E-16,1.,0.));
#8483=DIRECTION('',(7.40148683083444E-16,-1.,0.));
#8484=DIRECTION('',(-7.40148683083444E-16,1.,0.));
#8485=DIRECTION('',(0.,0.,-1.));
#8486=DIRECTION('center_axis',(-7.40148683083438E-15,-1.,0.));
#8487=DIRECTION('ref_axis',(-1.,7.40148683083438E-15,0.));
#8488=DIRECTION('',(1.,-7.40148683083438E-15,0.));
#8489=DIRECTION('',(-1.,7.40148683083438E-15,0.));
#8490=DIRECTION('center_axis',(-0.500000000000004,-0.866025403784436,0.));
#8491=DIRECTION('ref_axis',(-0.866025403784436,0.500000000000004,0.));
#8492=DIRECTION('',(0.866025403784436,-0.500000000000004,0.));
#8493=DIRECTION('',(0.,0.,-1.));
#8494=DIRECTION('',(-0.866025403784436,0.500000000000004,0.));
#8495=DIRECTION('',(0.,0.,-1.));
#8496=DIRECTION('center_axis',(0.866025403784444,-0.499999999999991,0.));
#8497=DIRECTION('ref_axis',(-0.499999999999991,-0.866025403784443,0.));
#8498=DIRECTION('',(0.499999999999991,0.866025403784443,0.));
#8499=DIRECTION('',(-0.499999999999991,-0.866025403784443,0.));
#8500=DIRECTION('',(0.,0.,-1.));
#8501=DIRECTION('center_axis',(0.500000000000001,0.866025403784438,0.));
#8502=DIRECTION('ref_axis',(0.866025403784438,-0.500000000000001,0.));
#8503=DIRECTION('',(-0.866025403784438,0.500000000000001,0.));
#8504=DIRECTION('',(0.866025403784438,-0.500000000000001,0.));
#8505=DIRECTION('',(0.,0.,-1.));
#8506=DIRECTION('center_axis',(-0.866025403784437,0.500000000000003,0.));
#8507=DIRECTION('ref_axis',(0.500000000000003,0.866025403784437,0.));
#8508=DIRECTION('',(-0.500000000000003,-0.866025403784437,0.));
#8509=DIRECTION('',(0.500000000000003,0.866025403784437,0.));
#8510=DIRECTION('center_axis',(0.,0.,1.));
#8511=DIRECTION('ref_axis',(1.,0.,0.));
#8512=DIRECTION('center_axis',(0.,0.,1.));
#8513=DIRECTION('ref_axis',(1.,0.,0.));
#8514=DIRECTION('',(0.,0.,1.));
#8515=DIRECTION('center_axis',(0.,0.,-1.));
#8516=DIRECTION('ref_axis',(1.,0.,0.));
#8517=DIRECTION('center_axis',(0.,0.,1.));
#8518=DIRECTION('ref_axis',(1.,0.,0.));
#8519=DIRECTION('center_axis',(0.,0.,1.));
#8520=DIRECTION('ref_axis',(1.,0.,0.));
#8521=DIRECTION('',(0.,0.,1.));
#8522=DIRECTION('center_axis',(0.,0.,-1.));
#8523=DIRECTION('ref_axis',(1.,0.,0.));
#8524=DIRECTION('center_axis',(0.,0.,1.));
#8525=DIRECTION('ref_axis',(1.,0.,0.));
#8526=DIRECTION('center_axis',(0.,0.,1.));
#8527=DIRECTION('ref_axis',(1.,0.,0.));
#8528=DIRECTION('',(0.,0.,1.));
#8529=DIRECTION('center_axis',(0.,0.,-1.));
#8530=DIRECTION('ref_axis',(1.,0.,0.));
#8531=DIRECTION('center_axis',(0.,0.,-1.));
#8532=DIRECTION('ref_axis',(1.,0.,0.));
#8533=DIRECTION('center_axis',(0.,0.,-1.));
#8534=DIRECTION('ref_axis',(1.,0.,0.));
#8535=DIRECTION('',(0.,0.,1.));
#8536=DIRECTION('center_axis',(0.,0.,-1.));
#8537=DIRECTION('ref_axis',(1.,0.,0.));
#8538=DIRECTION('center_axis',(0.,0.,-1.));
#8539=DIRECTION('ref_axis',(1.,0.,0.));
#8540=DIRECTION('center_axis',(0.,0.,-1.));
#8541=DIRECTION('ref_axis',(1.,0.,0.));
#8542=DIRECTION('center_axis',(-0.615661475325654,-0.788010753606725,0.));
#8543=DIRECTION('ref_axis',(0.788010753606725,-0.615661475325654,0.));
#8544=DIRECTION('',(-0.788010753606725,0.615661475325654,0.));
#8545=DIRECTION('',(0.,0.,1.));
#8546=DIRECTION('',(0.788010753606725,-0.615661475325654,0.));
#8547=DIRECTION('',(0.,0.,1.));
#8548=DIRECTION('center_axis',(0.615661475325654,0.788010753606725,0.));
#8549=DIRECTION('ref_axis',(-0.788010753606725,0.615661475325654,0.));
#8550=DIRECTION('',(-0.788010753606725,0.615661475325654,0.));
#8551=DIRECTION('',(0.,0.,-1.));
#8552=DIRECTION('',(-0.788010753606725,0.615661475325654,0.));
#8553=DIRECTION('',(0.,0.,1.));
#8554=DIRECTION('center_axis',(0.,0.,1.));
#8555=DIRECTION('ref_axis',(0.928199300681806,-0.372083402228327,0.));
#8556=DIRECTION('center_axis',(0.,0.,-1.));
#8557=DIRECTION('ref_axis',(0.928199300681806,-0.372083402228327,0.));
#8558=DIRECTION('center_axis',(0.,0.,-1.));
#8559=DIRECTION('ref_axis',(0.928199300681806,-0.372083402228327,0.));
#8560=DIRECTION('',(0.,0.,1.));
#8561=DIRECTION('center_axis',(-0.374606593415904,-0.927183854566791,0.));
#8562=DIRECTION('ref_axis',(0.92718385456679,-0.374606593415904,0.));
#8563=DIRECTION('',(0.92718385456679,-0.374606593415904,0.));
#8564=DIRECTION('',(0.92718385456679,-0.374606593415904,0.));
#8565=DIRECTION('',(0.,0.,1.));
#8566=DIRECTION('center_axis',(0.374606593415903,0.927183854566791,0.));
#8567=DIRECTION('ref_axis',(-0.927183854566791,0.374606593415903,0.));
#8568=DIRECTION('',(0.927183854566791,-0.374606593415903,0.));
#8569=DIRECTION('',(0.,0.,-1.));
#8570=DIRECTION('',(-0.927183854566791,0.374606593415903,0.));
#8571=DIRECTION('',(0.,0.,1.));
#8572=DIRECTION('center_axis',(0.,0.,1.));
#8573=DIRECTION('ref_axis',(0.943423338407232,-0.331590718429442,0.));
#8574=DIRECTION('center_axis',(0.,0.,-1.));
#8575=DIRECTION('ref_axis',(0.943423338407232,-0.331590718429442,0.));
#8576=DIRECTION('center_axis',(0.,0.,1.));
#8577=DIRECTION('ref_axis',(0.943423338407232,-0.331590718429442,0.));
#8578=DIRECTION('center_axis',(0.,0.,-1.));
#8579=DIRECTION('ref_axis',(1.,0.,0.));
#8580=DIRECTION('center_axis',(0.,0.,1.));
#8581=DIRECTION('ref_axis',(1.,0.,0.));
#8582=DIRECTION('center_axis',(0.,0.,1.));
#8583=DIRECTION('ref_axis',(1.,0.,0.));
#8584=DIRECTION('center_axis',(0.990268068741571,-0.13917310096006,0.));
#8585=DIRECTION('ref_axis',(0.13917310096006,0.990268068741571,0.));
#8586=DIRECTION('',(-0.13917310096006,-0.990268068741571,0.));
#8587=DIRECTION('',(0.,0.,1.));
#8588=DIRECTION('',(0.13917310096006,0.990268068741571,0.));
#8589=DIRECTION('',(0.,0.,1.));
#8590=DIRECTION('center_axis',(-0.990268068741571,0.13917310096006,0.));
#8591=DIRECTION('ref_axis',(-0.13917310096006,-0.990268068741571,0.));
#8592=DIRECTION('',(-0.13917310096006,-0.990268068741571,0.));
#8593=DIRECTION('',(0.,0.,-1.));
#8594=DIRECTION('',(-0.13917310096006,-0.990268068741571,0.));
#8595=DIRECTION('',(0.,0.,1.));
#8596=DIRECTION('center_axis',(0.,0.,1.));
#8597=DIRECTION('ref_axis',(-0.141865971684628,0.989885875279558,0.));
#8598=DIRECTION('center_axis',(0.,0.,-1.));
#8599=DIRECTION('ref_axis',(-0.141865971684628,0.989885875279558,0.));
#8600=DIRECTION('center_axis',(0.,0.,-1.));
#8601=DIRECTION('ref_axis',(-0.141865971684628,0.989885875279558,0.));
#8602=DIRECTION('',(0.,0.,1.));
#8603=DIRECTION('center_axis',(0.990268068741569,0.139173100960075,0.));
#8604=DIRECTION('ref_axis',(-0.139173100960075,0.990268068741569,0.));
#8605=DIRECTION('',(-0.139173100960075,0.990268068741569,0.));
#8606=DIRECTION('',(-0.139173100960075,0.990268068741569,0.));
#8607=DIRECTION('',(0.,0.,1.));
#8608=DIRECTION('center_axis',(-0.990268068741569,-0.139173100960075,0.));
#8609=DIRECTION('ref_axis',(0.139173100960075,-0.990268068741569,0.));
#8610=DIRECTION('',(-0.139173100960075,0.990268068741569,0.));
#8611=DIRECTION('',(0.,0.,-1.));
#8612=DIRECTION('',(0.139173100960075,-0.990268068741569,0.));
#8613=DIRECTION('',(0.,0.,1.));
#8614=DIRECTION('center_axis',(0.,0.,1.));
#8615=DIRECTION('ref_axis',(-0.184545683384586,0.982823936798507,0.));
#8616=DIRECTION('center_axis',(0.,0.,-1.));
#8617=DIRECTION('ref_axis',(-0.184545683384586,0.982823936798507,0.));
#8618=DIRECTION('center_axis',(0.,0.,1.));
#8619=DIRECTION('ref_axis',(-0.184545683384586,0.982823936798507,0.));
#8620=DIRECTION('center_axis',(0.,0.,-1.));
#8621=DIRECTION('ref_axis',(1.,0.,0.));
#8622=DIRECTION('center_axis',(0.,0.,1.));
#8623=DIRECTION('ref_axis',(1.,0.,0.));
#8624=DIRECTION('center_axis',(0.,0.,1.));
#8625=DIRECTION('ref_axis',(1.,0.,0.));
#8626=DIRECTION('center_axis',(0.,0.,1.));
#8627=DIRECTION('ref_axis',(-0.758877655022646,-0.651233218369065,0.));
#8628=DIRECTION('center_axis',(0.,0.,-1.));
#8629=DIRECTION('ref_axis',(-0.758877655022646,-0.651233218369065,0.));
#8630=DIRECTION('',(0.,0.,1.));
#8631=DIRECTION('center_axis',(0.,0.,1.));
#8632=DIRECTION('ref_axis',(-0.758877655022646,-0.651233218369065,0.));
#8633=DIRECTION('',(0.,0.,1.));
#8634=DIRECTION('center_axis',(-0.374606593415917,0.927183854566786,0.));
#8635=DIRECTION('ref_axis',(-0.927183854566785,-0.374606593415917,0.));
#8636=DIRECTION('',(0.927183854566785,0.374606593415917,0.));
#8637=DIRECTION('',(-0.927183854566785,-0.374606593415917,0.));
#8638=DIRECTION('',(0.,0.,1.));
#8639=DIRECTION('center_axis',(0.374606593415916,-0.927183854566786,0.));
#8640=DIRECTION('ref_axis',(0.927183854566786,0.374606593415916,0.));
#8641=DIRECTION('',(0.927183854566786,0.374606593415916,0.));
#8642=DIRECTION('',(0.,0.,-1.));
#8643=DIRECTION('',(0.927183854566786,0.374606593415916,0.));
#8644=DIRECTION('',(0.,0.,1.));
#8645=DIRECTION('center_axis',(0.,0.,1.));
#8646=DIRECTION('ref_axis',(-0.786333328997177,-0.617802473051231,0.));
#8647=DIRECTION('center_axis',(0.,0.,-1.));
#8648=DIRECTION('ref_axis',(-0.786333328997177,-0.617802473051231,0.));
#8649=DIRECTION('center_axis',(0.,0.,-1.));
#8650=DIRECTION('ref_axis',(-0.786333328997177,-0.617802473051231,0.));
#8651=DIRECTION('',(0.,0.,1.));
#8652=DIRECTION('center_axis',(-0.615661475325666,0.788010753606716,0.));
#8653=DIRECTION('ref_axis',(-0.788010753606716,-0.615661475325666,0.));
#8654=DIRECTION('',(-0.788010753606716,-0.615661475325666,0.));
#8655=DIRECTION('',(-0.788010753606716,-0.615661475325666,0.));
#8656=DIRECTION('',(0.,0.,1.));
#8657=DIRECTION('center_axis',(0.615661475325666,-0.788010753606716,0.));
#8658=DIRECTION('ref_axis',(0.788010753606716,0.615661475325666,0.));
#8659=DIRECTION('',(-0.788010753606716,-0.615661475325666,0.));
#8660=DIRECTION('',(0.,0.,-1.));
#8661=DIRECTION('',(0.788010753606716,0.615661475325666,0.));
#8662=DIRECTION('center_axis',(0.,0.,-1.));
#8663=DIRECTION('ref_axis',(1.,0.,0.));
#8664=DIRECTION('center_axis',(0.,0.,1.));
#8665=DIRECTION('ref_axis',(1.,0.,0.));
#8666=DIRECTION('center_axis',(0.,0.,1.));
#8667=DIRECTION('ref_axis',(1.,0.,0.));
#8668=DIRECTION('center_axis',(0.,0.,-1.));
#8669=DIRECTION('ref_axis',(-1.,0.,0.));
#8670=DIRECTION('center_axis',(0.,0.,-1.));
#8671=DIRECTION('ref_axis',(-1.,0.,0.));
#8672=DIRECTION('',(0.,0.,-1.));
#8673=DIRECTION('center_axis',(0.,0.,1.));
#8674=DIRECTION('ref_axis',(-1.,0.,0.));
#8675=DIRECTION('center_axis',(0.,0.,-1.));
#8676=DIRECTION('ref_axis',(-1.,0.,0.));
#8677=DIRECTION('center_axis',(0.,0.,-1.));
#8678=DIRECTION('ref_axis',(-1.,0.,0.));
#8679=DIRECTION('',(0.,0.,-1.));
#8680=DIRECTION('center_axis',(0.,0.,1.));
#8681=DIRECTION('ref_axis',(-1.,0.,0.));
#8682=DIRECTION('center_axis',(-0.0871557427476591,-0.996194698091745,0.));
#8683=DIRECTION('ref_axis',(0.996194698091746,-0.0871557427476591,0.));
#8684=DIRECTION('',(-0.996194698091746,0.0871557427476591,-8.29498718123224E-17));
#8685=DIRECTION('',(0.,0.,1.));
#8686=DIRECTION('',(-0.996194698091746,0.0871557427476591,0.));
#8687=DIRECTION('',(0.,0.,1.));
#8688=DIRECTION('center_axis',(-1.,5.55111512312576E-16,0.));
#8689=DIRECTION('ref_axis',(-5.55111512312576E-16,-1.,0.));
#8690=DIRECTION('',(5.55111512312576E-16,1.,6.66490279523791E-31));
#8691=DIRECTION('',(0.,0.,1.));
#8692=DIRECTION('',(5.55111512312576E-16,1.,0.));
#8693=DIRECTION('center_axis',(-7.68615940125106E-16,-1.,0.));
#8694=DIRECTION('ref_axis',(1.,-7.68615940125106E-16,0.));
#8695=DIRECTION('',(-1.,7.68615940125106E-16,-8.3266726846887E-17));
#8696=DIRECTION('',(0.,0.,1.));
#8697=DIRECTION('',(-1.,7.68615940125106E-16,0.));
#8698=DIRECTION('center_axis',(-1.,0.,0.));
#8699=DIRECTION('ref_axis',(0.,-1.,0.));
#8700=DIRECTION('',(0.,1.,6.20267960858498E-31));
#8701=DIRECTION('',(0.,0.,1.));
#8702=DIRECTION('',(0.,1.,0.));
#8703=DIRECTION('center_axis',(0.,1.,0.));
#8704=DIRECTION('ref_axis',(-1.,0.,0.));
#8705=DIRECTION('',(1.,0.,8.3266726846887E-17));
#8706=DIRECTION('',(0.,0.,1.));
#8707=DIRECTION('',(1.,0.,0.));
#8708=DIRECTION('center_axis',(1.,0.,0.));
#8709=DIRECTION('ref_axis',(0.,1.,0.));
#8710=DIRECTION('',(0.,-1.,-6.20267960858498E-31));
#8711=DIRECTION('',(0.,-1.,0.));
#8712=DIRECTION('center_axis',(-8.3266726846887E-17,-6.20267960858498E-31,
1.));
#8713=DIRECTION('ref_axis',(1.,0.,8.3266726846887E-17));
#8714=DIRECTION('center_axis',(1.,0.,0.));
#8715=DIRECTION('ref_axis',(0.,1.,0.));
#8716=DIRECTION('',(0.,-1.,-6.20267960858498E-31));
#8717=DIRECTION('',(0.,0.,1.));
#8718=DIRECTION('',(0.,-1.,0.));
#8719=DIRECTION('',(0.,0.,1.));
#8720=DIRECTION('center_axis',(0.,-1.,0.));
#8721=DIRECTION('ref_axis',(1.,0.,0.));
#8722=DIRECTION('',(-1.,0.,-8.3266726846887E-17));
#8723=DIRECTION('',(0.,0.,1.));
#8724=DIRECTION('',(-1.,0.,0.));
#8725=DIRECTION('center_axis',(-1.,0.,0.));
#8726=DIRECTION('ref_axis',(0.,-1.,0.));
#8727=DIRECTION('',(0.,1.,6.20267960858498E-31));
#8728=DIRECTION('',(0.,0.,1.));
#8729=DIRECTION('',(0.,1.,0.));
#8730=DIRECTION('center_axis',(5.97812397875083E-16,1.,0.));
#8731=DIRECTION('ref_axis',(-1.,5.97812397875083E-16,0.));
#8732=DIRECTION('',(1.,-5.97812397875083E-16,8.3266726846887E-17));
#8733=DIRECTION('',(0.,0.,1.));
#8734=DIRECTION('',(1.,-5.97812397875083E-16,0.));
#8735=DIRECTION('center_axis',(-1.,5.55111512312576E-16,0.));
#8736=DIRECTION('ref_axis',(-5.55111512312576E-16,-1.,0.));
#8737=DIRECTION('',(5.55111512312576E-16,1.,6.66490279523791E-31));
#8738=DIRECTION('',(0.,0.,1.));
#8739=DIRECTION('',(5.55111512312576E-16,1.,0.));
#8740=DIRECTION('center_axis',(-0.0871557427476578,0.996194698091746,0.));
#8741=DIRECTION('ref_axis',(-0.996194698091746,-0.0871557427476578,0.));
#8742=DIRECTION('',(0.996194698091746,0.0871557427476578,8.29498718123225E-17));
#8743=DIRECTION('',(0.996194698091746,0.0871557427476578,0.));
#8744=DIRECTION('center_axis',(-8.3266726846887E-17,-6.20267960858498E-31,
1.));
#8745=DIRECTION('ref_axis',(1.,0.,8.3266726846887E-17));
#8746=DIRECTION('center_axis',(-1.,5.55111512312574E-16,0.));
#8747=DIRECTION('ref_axis',(0.,5.89927156811556E-32,-1.));
#8748=DIRECTION('',(-1.,5.55111512312574E-16,0.));
#8749=DIRECTION('center_axis',(0.,0.,-1.));
#8750=DIRECTION('ref_axis',(1.,0.,0.));
#8751=DIRECTION('center_axis',(0.,0.,-1.));
#8752=DIRECTION('ref_axis',(1.,0.,0.));
#8753=DIRECTION('',(0.,0.,-1.));
#8754=DIRECTION('center_axis',(0.,0.,-1.));
#8755=DIRECTION('ref_axis',(1.,0.,0.));
#8756=DIRECTION('center_axis',(0.,0.,-1.));
#8757=DIRECTION('ref_axis',(1.,0.,0.));
#8758=DIRECTION('center_axis',(0.,0.,1.));
#8759=DIRECTION('ref_axis',(1.,0.,0.));
#8760=DIRECTION('center_axis',(0.,0.,-1.));
#8761=DIRECTION('ref_axis',(1.,0.,0.));
#8762=DIRECTION('center_axis',(0.,0.,-1.));
#8763=DIRECTION('ref_axis',(1.,0.,0.));
#8764=DIRECTION('',(0.,0.,-1.));
#8765=DIRECTION('center_axis',(0.,0.,-1.));
#8766=DIRECTION('ref_axis',(1.,0.,0.));
#8767=DIRECTION('center_axis',(0.,0.,-1.));
#8768=DIRECTION('ref_axis',(1.,0.,0.));
#8769=DIRECTION('center_axis',(0.,0.,1.));
#8770=DIRECTION('ref_axis',(1.,0.,0.));
#8771=DIRECTION('center_axis',(0.,0.,-1.));
#8772=DIRECTION('ref_axis',(1.,0.,0.));
#8773=DIRECTION('center_axis',(0.,0.,-1.));
#8774=DIRECTION('ref_axis',(1.,0.,0.));
#8775=DIRECTION('',(0.,0.,-1.));
#8776=DIRECTION('center_axis',(0.,0.,-1.));
#8777=DIRECTION('ref_axis',(1.,0.,0.));
#8778=DIRECTION('center_axis',(0.,0.,-1.));
#8779=DIRECTION('ref_axis',(1.,0.,0.));
#8780=DIRECTION('center_axis',(0.,0.,1.));
#8781=DIRECTION('ref_axis',(1.,0.,0.));
#8782=DIRECTION('center_axis',(0.,0.,-1.));
#8783=DIRECTION('ref_axis',(1.,0.,0.));
#8784=DIRECTION('center_axis',(0.,0.,-1.));
#8785=DIRECTION('ref_axis',(1.,0.,0.));
#8786=DIRECTION('center_axis',(0.,0.,1.));
#8787=DIRECTION('ref_axis',(1.,0.,0.));
#8788=DIRECTION('',(0.,0.,1.));
#8789=DIRECTION('center_axis',(0.,0.,-1.));
#8790=DIRECTION('ref_axis',(1.,0.,0.));
#8791=DIRECTION('center_axis',(0.,0.,-1.));
#8792=DIRECTION('ref_axis',(1.,0.,0.));
#8793=DIRECTION('center_axis',(0.,0.,1.));
#8794=DIRECTION('ref_axis',(1.,0.,0.));
#8795=DIRECTION('',(0.,0.,1.));
#8796=DIRECTION('center_axis',(0.,0.,-1.));
#8797=DIRECTION('ref_axis',(1.,0.,0.));
#8798=DIRECTION('center_axis',(0.,0.,-1.));
#8799=DIRECTION('ref_axis',(1.,0.,0.));
#8800=DIRECTION('center_axis',(0.,0.,1.));
#8801=DIRECTION('ref_axis',(1.,0.,0.));
#8802=DIRECTION('',(0.,0.,1.));
#8803=DIRECTION('center_axis',(0.,0.,-1.));
#8804=DIRECTION('ref_axis',(1.,0.,0.));
#8805=DIRECTION('center_axis',(0.,0.,-1.));
#8806=DIRECTION('ref_axis',(1.,0.,0.));
#8807=DIRECTION('center_axis',(0.,0.,1.));
#8808=DIRECTION('ref_axis',(1.,0.,0.));
#8809=DIRECTION('center_axis',(0.,0.,-1.));
#8810=DIRECTION('ref_axis',(1.,0.,0.));
#8811=DIRECTION('center_axis',(0.,0.,1.));
#8812=DIRECTION('ref_axis',(1.,0.,0.));
#8813=DIRECTION('center_axis',(0.,0.,-1.));
#8814=DIRECTION('ref_axis',(1.,0.,0.));
#8815=DIRECTION('center_axis',(0.,0.,1.));
#8816=DIRECTION('ref_axis',(1.,0.,0.));
#8817=DIRECTION('center_axis',(0.,0.,-1.));
#8818=DIRECTION('ref_axis',(1.,0.,0.));
#8819=DIRECTION('center_axis',(0.,0.,-1.));
#8820=DIRECTION('ref_axis',(1.,0.,0.));
#8821=DIRECTION('center_axis',(0.,0.,-1.));
#8822=DIRECTION('ref_axis',(1.,0.,0.));
#8823=DIRECTION('center_axis',(0.,0.,-1.));
#8824=DIRECTION('ref_axis',(1.,0.,0.));
#8825=DIRECTION('center_axis',(0.,0.,-1.));
#8826=DIRECTION('ref_axis',(1.,0.,0.));
#8827=DIRECTION('center_axis',(0.,0.,-1.));
#8828=DIRECTION('ref_axis',(1.,0.,0.));
#8829=DIRECTION('center_axis',(0.,0.,-1.));
#8830=DIRECTION('ref_axis',(1.,0.,0.));
#8831=DIRECTION('center_axis',(0.,0.,-1.));
#8832=DIRECTION('ref_axis',(1.,0.,0.));
#8833=DIRECTION('center_axis',(0.,0.,-1.));
#8834=DIRECTION('ref_axis',(1.,0.,0.));
#8835=DIRECTION('center_axis',(0.,0.,-1.));
#8836=DIRECTION('ref_axis',(1.,0.,0.));
#8837=DIRECTION('',(0.,0.,-1.));
#8838=DIRECTION('',(0.,0.,-1.));
#8839=DIRECTION('center_axis',(0.,0.,-1.));
#8840=DIRECTION('ref_axis',(1.,0.,0.));
#8841=DIRECTION('center_axis',(0.,0.,1.));
#8842=DIRECTION('ref_axis',(1.,0.,0.));
#8843=DIRECTION('',(0.,0.,-1.));
#8844=DIRECTION('center_axis',(0.,0.,-1.));
#8845=DIRECTION('ref_axis',(-0.866025403784437,-0.500000000000003,0.));
#8846=DIRECTION('center_axis',(0.,0.,-1.));
#8847=DIRECTION('ref_axis',(1.,0.,0.));
#8848=DIRECTION('',(0.,0.,-1.));
#8849=DIRECTION('center_axis',(0.,0.,-1.));
#8850=DIRECTION('ref_axis',(1.,0.,0.));
#8851=DIRECTION('center_axis',(0.,0.,1.));
#8852=DIRECTION('ref_axis',(1.,0.,0.));
#8853=DIRECTION('',(0.,0.,-1.));
#8854=DIRECTION('center_axis',(0.,0.,-1.));
#8855=DIRECTION('ref_axis',(1.,0.,0.));
#8856=DIRECTION('center_axis',(0.,0.,-1.));
#8857=DIRECTION('ref_axis',(1.,0.,0.));
#8858=DIRECTION('',(0.,0.,-1.));
#8859=DIRECTION('center_axis',(0.,0.,-1.));
#8860=DIRECTION('ref_axis',(-0.866025403784438,-0.5,0.));
#8861=DIRECTION('center_axis',(0.,0.,1.));
#8862=DIRECTION('ref_axis',(1.,0.,0.));
#8863=DIRECTION('center_axis',(0.,0.,-1.));
#8864=DIRECTION('ref_axis',(1.,0.,0.));
#8865=DIRECTION('',(0.,0.,1.));
#8866=DIRECTION('center_axis',(0.,0.,-1.));
#8867=DIRECTION('ref_axis',(1.,0.,0.));
#8868=DIRECTION('center_axis',(0.,0.,-1.));
#8869=DIRECTION('ref_axis',(1.,0.,0.));
#8870=DIRECTION('',(7.21644966006352E-16,1.,9.20001919588057E-32));
#8871=DIRECTION('',(1.,-6.38378239159463E-16,8.3266726846887E-17));
#8872=DIRECTION('axis',(0.,0.,1.));
#8873=DIRECTION('refdir',(1.,0.,0.));
#8874=DIRECTION('axis',(0.,0.,1.));
#8875=DIRECTION('refdir',(1.,0.,0.));
#8876=DIRECTION('center_axis',(0.,0.,1.));
#8877=DIRECTION('ref_axis',(1.,0.,0.));
#8878=DIRECTION('center_axis',(0.,0.,1.));
#8879=DIRECTION('ref_axis',(1.,0.,0.));
#8880=DIRECTION('',(0.,0.,1.));
#8881=DIRECTION('center_axis',(0.,0.,1.));
#8882=DIRECTION('ref_axis',(1.,0.,0.));
#8883=DIRECTION('center_axis',(0.,0.,-1.));
#8884=DIRECTION('ref_axis',(1.,0.,0.));
#8885=DIRECTION('center_axis',(0.,0.,1.));
#8886=DIRECTION('ref_axis',(1.,0.,0.));
#8887=DIRECTION('center_axis',(0.,0.,1.));
#8888=DIRECTION('ref_axis',(1.,0.,0.));
#8889=DIRECTION('',(0.,0.,1.));
#8890=DIRECTION('center_axis',(0.,0.,1.));
#8891=DIRECTION('ref_axis',(1.,0.,0.));
#8892=DIRECTION('center_axis',(0.,0.,-1.));
#8893=DIRECTION('ref_axis',(1.,0.,0.));
#8894=DIRECTION('center_axis',(0.,0.,1.));
#8895=DIRECTION('ref_axis',(1.,0.,0.));
#8896=DIRECTION('center_axis',(0.,0.,1.));
#8897=DIRECTION('ref_axis',(1.,0.,0.));
#8898=DIRECTION('',(0.,0.,1.));
#8899=DIRECTION('center_axis',(0.,0.,1.));
#8900=DIRECTION('ref_axis',(1.,0.,0.));
#8901=DIRECTION('center_axis',(0.,0.,-1.));
#8902=DIRECTION('ref_axis',(1.,0.,0.));
#8903=DIRECTION('center_axis',(0.,0.,1.));
#8904=DIRECTION('ref_axis',(1.,0.,0.));
#8905=DIRECTION('center_axis',(0.,0.,1.));
#8906=DIRECTION('ref_axis',(1.,0.,0.));
#8907=DIRECTION('',(0.,0.,1.));
#8908=DIRECTION('center_axis',(0.,0.,1.));
#8909=DIRECTION('ref_axis',(1.,0.,0.));
#8910=DIRECTION('center_axis',(0.,0.,-1.));
#8911=DIRECTION('ref_axis',(1.,0.,0.));
#8912=DIRECTION('center_axis',(-1.,0.,0.));
#8913=DIRECTION('ref_axis',(0.,1.,0.));
#8914=DIRECTION('center_axis',(-1.,0.,0.));
#8915=DIRECTION('ref_axis',(0.,1.,0.));
#8916=DIRECTION('',(-1.,0.,0.));
#8917=DIRECTION('center_axis',(-1.,0.,0.));
#8918=DIRECTION('ref_axis',(0.,1.,0.));
#8919=DIRECTION('center_axis',(1.,0.,0.));
#8920=DIRECTION('ref_axis',(0.,1.,0.));
#8921=DIRECTION('center_axis',(-1.,0.,0.));
#8922=DIRECTION('ref_axis',(0.,1.,0.));
#8923=DIRECTION('center_axis',(-1.,0.,0.));
#8924=DIRECTION('ref_axis',(0.,1.,0.));
#8925=DIRECTION('',(-1.,0.,0.));
#8926=DIRECTION('center_axis',(-1.,0.,0.));
#8927=DIRECTION('ref_axis',(0.,1.,0.));
#8928=DIRECTION('center_axis',(1.,0.,0.));
#8929=DIRECTION('ref_axis',(0.,1.,0.));
#8930=DIRECTION('center_axis',(-1.,0.,0.));
#8931=DIRECTION('ref_axis',(0.,1.,0.));
#8932=DIRECTION('center_axis',(-1.,-2.91433543964103E-16,2.2803010541545E-31));
#8933=DIRECTION('ref_axis',(0.,1.,0.));
#8934=DIRECTION('',(-1.,0.,0.));
#8935=DIRECTION('center_axis',(-1.,0.,0.));
#8936=DIRECTION('ref_axis',(0.,1.,0.));
#8937=DIRECTION('center_axis',(1.,0.,0.));
#8938=DIRECTION('ref_axis',(0.,1.,0.));
#8939=DIRECTION('center_axis',(-1.,0.,0.));
#8940=DIRECTION('ref_axis',(0.,1.,0.));
#8941=DIRECTION('center_axis',(-1.,-2.91433543964103E-16,2.2803010541545E-31));
#8942=DIRECTION('ref_axis',(0.,1.,0.));
#8943=DIRECTION('',(-1.,0.,0.));
#8944=DIRECTION('center_axis',(-1.,0.,0.));
#8945=DIRECTION('ref_axis',(0.,1.,0.));
#8946=DIRECTION('center_axis',(1.,0.,0.));
#8947=DIRECTION('ref_axis',(0.,1.,0.));
#8948=DIRECTION('center_axis',(-1.,0.,0.));
#8949=DIRECTION('ref_axis',(0.,1.,0.));
#8950=DIRECTION('center_axis',(-1.,-2.91433543964103E-16,2.2803010541545E-31));
#8951=DIRECTION('ref_axis',(0.,1.,0.));
#8952=DIRECTION('',(-1.,0.,0.));
#8953=DIRECTION('center_axis',(1.,0.,0.));
#8954=DIRECTION('ref_axis',(0.,1.,0.));
#8955=DIRECTION('center_axis',(-1.,0.,0.));
#8956=DIRECTION('ref_axis',(0.,1.,0.));
#8957=DIRECTION('center_axis',(-1.,-2.91433543964103E-16,2.2803010541545E-31));
#8958=DIRECTION('ref_axis',(0.,1.,0.));
#8959=DIRECTION('',(-1.,0.,0.));
#8960=DIRECTION('center_axis',(1.,0.,0.));
#8961=DIRECTION('ref_axis',(0.,1.,0.));
#8962=DIRECTION('center_axis',(0.,0.,-1.));
#8963=DIRECTION('ref_axis',(2.91433543964103E-16,-1.,0.));
#8964=DIRECTION('',(-2.91433543964103E-16,1.,0.));
#8965=DIRECTION('',(-1.,0.,0.));
#8966=DIRECTION('',(2.91433543964103E-16,-1.,0.));
#8967=DIRECTION('',(-1.,-2.3373116307898E-16,0.));
#8968=DIRECTION('center_axis',(0.,-1.,6.64556217517326E-47));
#8969=DIRECTION('ref_axis',(2.2803010541545E-31,6.64556217517326E-47,1.));
#8970=DIRECTION('',(-2.2803010541545E-31,-6.64556217517326E-47,-1.));
#8971=DIRECTION('',(-1.,0.,0.));
#8972=DIRECTION('',(2.2803010541545E-31,6.64556217517326E-47,1.));
#8973=DIRECTION('center_axis',(-1.,0.,0.));
#8974=DIRECTION('ref_axis',(0.,0.,1.));
#8975=DIRECTION('',(-2.91433543964103E-16,1.,0.));
#8976=DIRECTION('',(0.,1.31578799959571E-47,1.));
#8977=DIRECTION('center_axis',(2.3373116307898E-16,-1.,1.31578799959571E-47));
#8978=DIRECTION('ref_axis',(2.2803010541545E-31,6.64556217517326E-47,1.));
#8979=DIRECTION('',(-1.,-2.3373116307898E-16,0.));
#8980=DIRECTION('',(2.2803010541545E-31,6.64556217517326E-47,1.));
#8981=DIRECTION('',(-1.,-2.3373116307898E-16,0.));
#8982=DIRECTION('',(2.2803010541545E-31,6.64556217517326E-47,1.));
#8983=DIRECTION('center_axis',(0.,0.,1.));
#8984=DIRECTION('ref_axis',(-2.91433543964103E-16,1.,0.));
#8985=DIRECTION('',(2.91433543964103E-16,-1.,0.));
#8986=DIRECTION('',(-2.91433543964103E-16,1.,0.));
#8987=DIRECTION('',(-1.,-2.3373116307898E-16,0.));
#8988=DIRECTION('center_axis',(2.3373116307898E-16,-1.,1.31578799959571E-47));
#8989=DIRECTION('ref_axis',(2.2803010541545E-31,6.64556217517326E-47,1.));
#8990=DIRECTION('',(-2.2803010541545E-31,-6.64556217517326E-47,-1.));
#8991=DIRECTION('',(2.2803010541545E-31,6.64556217517326E-47,1.));
#8992=DIRECTION('',(-1.,-2.3373116307898E-16,0.));
#8993=DIRECTION('center_axis',(0.,0.,-1.));
#8994=DIRECTION('ref_axis',(2.91433543964103E-16,-1.,0.));
#8995=DIRECTION('',(2.91433543964103E-16,-1.,0.));
#8996=DIRECTION('',(2.91433543964103E-16,-1.,0.));
#8997=DIRECTION('',(-1.,-2.3373116307898E-16,0.));
#8998=DIRECTION('center_axis',(-2.3373116307898E-16,1.,-1.31578799959571E-47));
#8999=DIRECTION('ref_axis',(-2.2803010541545E-31,-6.64556217517326E-47,
-1.));
#9000=DIRECTION('',(-2.2803010541545E-31,-6.64556217517326E-47,-1.));
#9001=DIRECTION('',(-2.2803010541545E-31,-6.64556217517326E-47,-1.));
#9002=DIRECTION('',(-1.,-2.3373116307898E-16,0.));
#9003=DIRECTION('center_axis',(0.,0.,1.));
#9004=DIRECTION('ref_axis',(-2.91433543964103E-16,1.,0.));
#9005=DIRECTION('',(2.91433543964103E-16,-1.,0.));
#9006=DIRECTION('',(-2.91433543964103E-16,1.,0.));
#9007=DIRECTION('center_axis',(-1.,-2.3373116307898E-16,0.));
#9008=DIRECTION('ref_axis',(0.,0.,1.));
#9009=DIRECTION('center_axis',(-1.,-2.91433543964103E-16,2.2803010541545E-31));
#9010=DIRECTION('ref_axis',(2.91433543964103E-16,-1.,0.));
#9011=DIRECTION('axis',(0.,0.,1.));
#9012=DIRECTION('refdir',(1.,0.,0.));
#9013=DIRECTION('center_axis',(0.,0.,-1.));
#9014=DIRECTION('ref_axis',(-1.,0.,0.));
#9015=DIRECTION('center_axis',(0.,0.,-1.));
#9016=DIRECTION('ref_axis',(-1.,0.,0.));
#9017=DIRECTION('',(0.,0.,-1.));
#9018=DIRECTION('center_axis',(0.,0.,1.));
#9019=DIRECTION('ref_axis',(-1.,0.,0.));
#9020=DIRECTION('center_axis',(0.,0.,-1.));
#9021=DIRECTION('ref_axis',(-1.,0.,0.));
#9022=DIRECTION('center_axis',(0.,0.,-1.));
#9023=DIRECTION('ref_axis',(-1.,0.,0.));
#9024=DIRECTION('',(0.,0.,-1.));
#9025=DIRECTION('center_axis',(0.,0.,1.));
#9026=DIRECTION('ref_axis',(-1.,0.,0.));
#9027=DIRECTION('center_axis',(-1.,4.44089209850073E-16,0.));
#9028=DIRECTION('ref_axis',(0.,0.,1.));
#9029=DIRECTION('',(0.,0.,-1.));
#9030=DIRECTION('',(-4.44089209850073E-16,-1.,8.5775218182646E-16));
#9031=DIRECTION('center_axis',(1.,-4.44089209850073E-16,0.));
#9032=DIRECTION('ref_axis',(0.,1.,0.));
#9033=DIRECTION('',(4.44089209850073E-16,1.,-9.49936415528291E-16));
#9034=DIRECTION('center_axis',(-1.,4.44089209850073E-16,0.));
#9035=DIRECTION('ref_axis',(0.,1.,0.));
#9036=DIRECTION('center_axis',(1.,0.,0.));
#9037=DIRECTION('ref_axis',(0.,1.,0.));
#9038=DIRECTION('',(-1.,0.,0.));
#9039=DIRECTION('center_axis',(-1.,4.44089209850073E-16,0.));
#9040=DIRECTION('ref_axis',(0.,1.,0.));
#9041=DIRECTION('center_axis',(1.,0.,0.));
#9042=DIRECTION('ref_axis',(0.,-0.988129259120695,-0.153624761251522));
#9043=DIRECTION('center_axis',(1.,-4.44089209850073E-16,0.));
#9044=DIRECTION('ref_axis',(0.,1.,0.));
#9045=DIRECTION('',(1.,0.,0.));
#9046=DIRECTION('',(1.,0.,0.));
#9047=DIRECTION('center_axis',(1.,1.38777878078145E-15,0.));
#9048=DIRECTION('ref_axis',(0.,0.,-1.));
#9049=DIRECTION('',(0.,0.,1.));
#9050=DIRECTION('',(1.38777878078145E-15,-1.,9.49936415528291E-16));
#9051=DIRECTION('center_axis',(-1.,-1.38777878078145E-15,0.));
#9052=DIRECTION('ref_axis',(0.,1.,0.));
#9053=DIRECTION('',(-1.38777878078145E-15,1.,-8.5775218182646E-16));
#9054=DIRECTION('center_axis',(1.,1.38777878078145E-15,0.));
#9055=DIRECTION('ref_axis',(0.,1.,0.));
#9056=DIRECTION('center_axis',(-1.,0.,0.));
#9057=DIRECTION('ref_axis',(0.,1.,0.));
#9058=DIRECTION('',(1.,0.,0.));
#9059=DIRECTION('center_axis',(1.,1.38777878078145E-15,0.));
#9060=DIRECTION('ref_axis',(0.,1.,0.));
#9061=DIRECTION('center_axis',(-1.,0.,0.));
#9062=DIRECTION('ref_axis',(0.,-0.988129259120694,-0.153624761251522));
#9063=DIRECTION('center_axis',(-1.,-1.38777878078145E-15,0.));
#9064=DIRECTION('ref_axis',(0.,1.,0.));
#9065=DIRECTION('',(-1.,0.,0.));
#9066=DIRECTION('',(-1.,0.,0.));
#9067=DIRECTION('center_axis',(0.,0.,1.));
#9068=DIRECTION('ref_axis',(1.,0.,0.));
#9069=DIRECTION('center_axis',(0.,0.,1.));
#9070=DIRECTION('ref_axis',(2.28053192020169E-15,-1.,0.));
#9071=DIRECTION('',(-1.38777878078145E-15,1.,-8.5775218182646E-16));
#9072=DIRECTION('',(0.125333233564304,-0.992114701314478,1.12865596668054E-16));
#9073=DIRECTION('center_axis',(0.,0.,1.));
#9074=DIRECTION('ref_axis',(-6.75574177370142E-16,-1.,0.));
#9075=DIRECTION('',(0.125333233564304,0.992114701314478,-1.12865596668054E-16));
#9076=DIRECTION('',(-4.44089209850073E-16,-1.,8.5775218182646E-16));
#9077=DIRECTION('center_axis',(1.,-4.44089209850073E-16,0.));
#9078=DIRECTION('ref_axis',(-4.44089209850073E-16,-1.,0.));
#9079=DIRECTION('',(4.44089209850073E-16,1.,0.));
#9080=DIRECTION('',(0.,0.,1.));
#9081=DIRECTION('',(4.44089209850073E-16,1.,0.));
#9082=DIRECTION('',(0.,0.,1.));
#9083=DIRECTION('',(-4.44089209850073E-16,-1.,0.));
#9084=DIRECTION('',(0.,0.,1.));
#9085=DIRECTION('center_axis',(-1.,-1.38777878078145E-15,0.));
#9086=DIRECTION('ref_axis',(-1.38777878078145E-15,1.,0.));
#9087=DIRECTION('',(1.38777878078145E-15,-1.,0.));
#9088=DIRECTION('',(0.,0.,-1.));
#9089=DIRECTION('',(1.38777878078145E-15,-1.,0.));
#9090=DIRECTION('',(0.,0.,-1.));
#9091=DIRECTION('',(-1.38777878078145E-15,1.,0.));
#9092=DIRECTION('',(0.,0.,-1.));
#9093=DIRECTION('center_axis',(0.992114701314478,-0.125333233564304,0.));
#9094=DIRECTION('ref_axis',(0.125333233564304,0.992114701314478,0.));
#9095=DIRECTION('',(2.22636546646101E-16,1.76234973514951E-15,-1.));
#9096=DIRECTION('',(-0.125333233564304,-0.992114701314478,-2.22044604925036E-14));
#9097=DIRECTION('center_axis',(0.992114701314478,-0.125333233564304,0.));
#9098=DIRECTION('ref_axis',(0.125333233564304,0.992114701314478,0.));
#9099=DIRECTION('',(0.125333233564304,0.992114701314478,0.));
#9100=DIRECTION('',(-2.22636546646101E-16,-1.76234973514951E-15,-1.));
#9101=DIRECTION('',(-0.125333233564304,-0.992114701314478,0.));
#9102=DIRECTION('center_axis',(0.,0.,-1.));
#9103=DIRECTION('ref_axis',(-1.,0.,0.));
#9104=DIRECTION('center_axis',(0.,0.,1.));
#9105=DIRECTION('ref_axis',(-6.75574177370142E-16,-1.,0.));
#9106=DIRECTION('',(-0.125333233564304,0.992114701314478,2.22044604925036E-14));
#9107=DIRECTION('center_axis',(0.,0.,1.));
#9108=DIRECTION('ref_axis',(1.66606207496173E-15,-1.,0.));
#9109=DIRECTION('center_axis',(0.,0.,1.));
#9110=DIRECTION('ref_axis',(-6.12323399573677E-17,-1.,0.));
#9111=DIRECTION('center_axis',(0.,0.,1.));
#9112=DIRECTION('ref_axis',(1.66606207496173E-15,-1.,0.));
#9113=DIRECTION('center_axis',(0.,0.,1.));
#9114=DIRECTION('ref_axis',(1.,0.,0.));
#9115=DIRECTION('',(0.125333233564304,-0.992114701314478,0.));
#9116=DIRECTION('center_axis',(0.,0.,1.));
#9117=DIRECTION('ref_axis',(-6.75574177370142E-16,-1.,0.));
#9118=DIRECTION('center_axis',(0.992114701314478,0.125333233564304,0.));
#9119=DIRECTION('ref_axis',(-0.125333233564304,0.992114701314478,0.));
#9120=DIRECTION('',(-0.125333233564304,0.992114701314478,0.));
#9121=DIRECTION('',(-2.22636546646101E-16,1.76234973514951E-15,1.));
#9122=DIRECTION('center_axis',(0.992114701314478,0.125333233564304,0.));
#9123=DIRECTION('ref_axis',(-0.125333233564304,0.992114701314478,0.));
#9124=DIRECTION('',(2.22636546646101E-16,-1.76234973514951E-15,1.));
#9125=DIRECTION('center_axis',(0.,0.,1.));
#9126=DIRECTION('ref_axis',(-6.12323399573677E-17,-1.,0.));
#9127=DIRECTION('center_axis',(0.,0.,1.));
#9128=DIRECTION('ref_axis',(-6.75574177370142E-16,-1.,0.));
#9129=DIRECTION('center_axis',(0.,0.,-1.));
#9130=DIRECTION('ref_axis',(-1.,0.,0.));
#9131=DIRECTION('center_axis',(0.,0.,1.));
#9132=DIRECTION('ref_axis',(2.28053192020169E-15,-1.,0.));
#9133=DIRECTION('center_axis',(0.,0.,1.));
#9134=DIRECTION('ref_axis',(-6.12323399573677E-17,-1.,0.));
#9135=DIRECTION('center_axis',(0.,0.,1.));
#9136=DIRECTION('ref_axis',(-6.12323399573677E-17,-1.,0.));
#9137=DIRECTION('center_axis',(1.,0.,0.));
#9138=DIRECTION('ref_axis',(0.,1.,0.));
#9139=DIRECTION('center_axis',(-1.,0.,0.));
#9140=DIRECTION('ref_axis',(0.,1.,0.));
#9141=DIRECTION('',(0.,-0.309016994374944,-0.951056516295155));
#9142=DIRECTION('',(0.,-0.145146581957693,-0.989410162544331));
#9143=DIRECTION('center_axis',(-1.,0.,0.));
#9144=DIRECTION('ref_axis',(0.,1.,0.));
#9145=DIRECTION('',(0.,0.464134650532646,0.885764656201035));
#9146=DIRECTION('',(0.,0.309016994374949,0.951056516295153));
#9147=DIRECTION('center_axis',(1.,0.,0.));
#9148=DIRECTION('ref_axis',(0.,1.,0.));
#9149=DIRECTION('center_axis',(1.,0.,0.));
#9150=DIRECTION('ref_axis',(0.,1.,0.));
#9151=DIRECTION('center_axis',(1.,0.,0.));
#9152=DIRECTION('ref_axis',(0.,1.,0.));
#9153=DIRECTION('center_axis',(-1.,0.,0.));
#9154=DIRECTION('ref_axis',(0.,1.,0.));
#9155=DIRECTION('',(-1.,0.,0.));
#9156=DIRECTION('center_axis',(1.,0.,0.));
#9157=DIRECTION('ref_axis',(0.,1.,0.));
#9158=DIRECTION('center_axis',(-1.,0.,0.));
#9159=DIRECTION('ref_axis',(0.,1.,0.));
#9160=DIRECTION('',(-1.,0.,0.));
#9161=DIRECTION('center_axis',(0.,0.951056516295155,-0.309016994374944));
#9162=DIRECTION('ref_axis',(0.,0.309016994374944,0.951056516295155));
#9163=DIRECTION('',(-1.,0.,0.));
#9164=DIRECTION('',(0.,0.309016994374944,0.951056516295155));
#9165=DIRECTION('',(1.,0.,0.));
#9166=DIRECTION('center_axis',(0.,0.989410162544331,-0.145146581957693));
#9167=DIRECTION('ref_axis',(0.,0.145146581957693,0.989410162544331));
#9168=DIRECTION('',(0.,0.145146581957693,0.989410162544331));
#9169=DIRECTION('',(1.,0.,0.));
#9170=DIRECTION('center_axis',(1.,0.,0.));
#9171=DIRECTION('ref_axis',(0.,-0.309016994374947,-0.951056516295154));
#9172=DIRECTION('center_axis',(1.,0.,0.));
#9173=DIRECTION('ref_axis',(0.,1.,0.));
#9174=DIRECTION('',(1.,0.,0.));
#9175=DIRECTION('center_axis',(0.,-0.885764656201035,0.464134650532646));
#9176=DIRECTION('ref_axis',(0.,-0.464134650532646,-0.885764656201035));
#9177=DIRECTION('',(0.,-0.464134650532646,-0.885764656201035));
#9178=DIRECTION('',(1.,0.,0.));
#9179=DIRECTION('center_axis',(0.,-0.951056516295153,0.309016994374949));
#9180=DIRECTION('ref_axis',(0.,-0.309016994374949,-0.951056516295153));
#9181=DIRECTION('',(0.,-0.309016994374949,-0.951056516295153));
#9182=DIRECTION('',(1.,0.,0.));
#9183=DIRECTION('center_axis',(1.,0.,0.));
#9184=DIRECTION('ref_axis',(0.,1.,0.));
#9185=DIRECTION('center_axis',(1.,0.,0.));
#9186=DIRECTION('ref_axis',(0.,1.,0.));
#9187=DIRECTION('center_axis',(1.,0.,0.));
#9188=DIRECTION('ref_axis',(0.,1.,0.));
#9189=DIRECTION('axis',(0.,0.,1.));
#9190=DIRECTION('refdir',(1.,0.,0.));
#9191=DIRECTION('axis',(0.,0.,1.));
#9192=DIRECTION('refdir',(1.,0.,0.));
#9193=DIRECTION('center_axis',(-1.,0.,0.));
#9194=DIRECTION('ref_axis',(0.,1.,-1.97215226305253E-31));
#9195=DIRECTION('center_axis',(-1.,-2.46519032881566E-32,1.31371731030452E-46));
#9196=DIRECTION('ref_axis',(0.,1.,-1.97215226305253E-31));
#9197=DIRECTION('',(-1.,0.,0.));
#9198=DIRECTION('center_axis',(1.,2.46519032881566E-32,2.18952885050753E-47));
#9199=DIRECTION('ref_axis',(0.,1.,-1.97215226305253E-31));
#9200=DIRECTION('center_axis',(-1.,0.,0.));
#9201=DIRECTION('ref_axis',(0.,1.,-1.97215226305253E-31));
#9202=DIRECTION('center_axis',(-1.,-2.46519032881566E-32,1.31371731030452E-46));
#9203=DIRECTION('ref_axis',(0.,1.,-1.97215226305253E-31));
#9204=DIRECTION('',(-1.,0.,0.));
#9205=DIRECTION('center_axis',(1.,-2.22044604925031E-16,6.00553767139886E-31));
#9206=DIRECTION('ref_axis',(0.,1.,-1.97215226305253E-31));
#9207=DIRECTION('center_axis',(-1.,0.,0.));
#9208=DIRECTION('ref_axis',(0.,1.,-1.97215226305253E-31));
#9209=DIRECTION('center_axis',(-1.,-2.46519032881566E-32,1.31371731030452E-46));
#9210=DIRECTION('ref_axis',(0.,1.,-1.97215226305253E-31));
#9211=DIRECTION('',(-1.,0.,0.));
#9212=DIRECTION('center_axis',(1.,-2.22044604925031E-16,6.00553767139886E-31));
#9213=DIRECTION('ref_axis',(0.,1.,-1.97215226305253E-31));
#9214=DIRECTION('center_axis',(0.,1.97215226305253E-31,1.));
#9215=DIRECTION('ref_axis',(-2.46519032881568E-32,1.,-1.97215226305253E-31));
#9216=DIRECTION('',(-2.46519032881566E-32,1.,-1.97215226305253E-31));
#9217=DIRECTION('',(-1.,0.,0.));
#9218=DIRECTION('',(-2.22044604925031E-16,-1.,1.97215226305253E-31));
#9219=DIRECTION('',(-1.,0.,0.));
#9220=DIRECTION('center_axis',(-1.,0.,0.));
#9221=DIRECTION('ref_axis',(0.,-1.97215226305253E-31,-1.));
#9222=DIRECTION('center_axis',(1.,2.46519032881566E-32,2.18952885050753E-47));
#9223=DIRECTION('ref_axis',(0.,-1.97215226305253E-31,-1.));
#9224=DIRECTION('',(-1.,0.,0.));
#9225=DIRECTION('center_axis',(-1.,2.22044604925031E-16,-6.00553767139886E-31));
#9226=DIRECTION('ref_axis',(0.,-1.97215226305253E-31,-1.));
#9227=DIRECTION('center_axis',(0.,-6.27687929116696E-16,-1.));
#9228=DIRECTION('ref_axis',(2.46519032881569E-32,-1.,6.27687929116696E-16));
#9229=DIRECTION('',(2.46519032881566E-32,-1.,6.27687929116696E-16));
#9230=DIRECTION('',(-1.,0.,0.));
#9231=DIRECTION('',(2.22044604925031E-16,1.,-6.27687929116696E-16));
#9232=DIRECTION('center_axis',(1.,2.46519032881566E-32,2.18952885050753E-47));
#9233=DIRECTION('ref_axis',(2.18952885050753E-47,0.,-1.));
#9234=DIRECTION('center_axis',(-1.,-2.46519032881566E-32,-2.18952885050753E-47));
#9235=DIRECTION('ref_axis',(0.,-1.,1.97215226305253E-31));
#9236=DIRECTION('center_axis',(-1.,-2.46519032881566E-32,-2.18952885050753E-47));
#9237=DIRECTION('ref_axis',(0.,-1.,1.97215226305253E-31));
#9238=DIRECTION('center_axis',(-1.,0.,0.));
#9239=DIRECTION('ref_axis',(0.,-1.,1.97215226305253E-31));
#9240=DIRECTION('center_axis',(-1.,-2.46519032881566E-32,-2.18952885050753E-47));
#9241=DIRECTION('ref_axis',(0.,-1.,1.97215226305253E-31));
#9242=DIRECTION('',(1.,0.,0.));
#9243=DIRECTION('center_axis',(1.,2.46519032881566E-32,-1.31371731030452E-46));
#9244=DIRECTION('ref_axis',(0.,-1.,1.97215226305253E-31));
#9245=DIRECTION('center_axis',(1.,2.46519032881566E-32,2.18952885050753E-47));
#9246=DIRECTION('ref_axis',(2.18952885050753E-47,0.,-1.));
#9247=DIRECTION('center_axis',(0.,1.97215226305253E-31,1.));
#9248=DIRECTION('ref_axis',(2.46519032881566E-32,-1.,1.97215226305253E-31));
#9249=DIRECTION('',(2.46519032881566E-32,-1.,1.97215226305253E-31));
#9250=DIRECTION('',(1.,0.,0.));
#9251=DIRECTION('',(2.46519032881566E-32,-1.,1.97215226305253E-31));
#9252=DIRECTION('',(1.,0.,0.));
#9253=DIRECTION('center_axis',(0.,4.73411162685459E-16,-1.));
#9254=DIRECTION('ref_axis',(-2.46519032881566E-32,1.,4.73411162685459E-16));
#9255=DIRECTION('',(-2.46519032881566E-32,1.,4.73411162685459E-16));
#9256=DIRECTION('',(1.,0.,0.));
#9257=DIRECTION('',(-2.46519032881566E-32,1.,4.73411162685459E-16));
#9258=DIRECTION('',(1.,0.,0.));
#9259=DIRECTION('center_axis',(1.,0.,0.));
#9260=DIRECTION('ref_axis',(0.,-0.885764656201308,0.464134650532126));
#9261=DIRECTION('center_axis',(1.,2.46519032881566E-32,-1.30977506909018E-46));
#9262=DIRECTION('ref_axis',(2.1835784640742E-32,-0.885764656201308,0.464134650532126));
#9263=DIRECTION('center_axis',(1.,2.46519032881566E-32,-1.30977506909018E-46));
#9264=DIRECTION('ref_axis',(2.1835784640742E-32,-0.885764656201308,0.464134650532126));
#9265=DIRECTION('center_axis',(1.,2.46519032881566E-32,-1.31371731030452E-46));
#9266=DIRECTION('ref_axis',(-2.46519032881566E-32,1.,-1.97215226305253E-31));
#9267=DIRECTION('center_axis',(1.,2.46519032881566E-32,-1.31371731030452E-46));
#9268=DIRECTION('ref_axis',(-2.46519032881566E-32,1.,-1.97215226305253E-31));
#9269=DIRECTION('center_axis',(1.,2.46519032881566E-32,-1.31371731030452E-46));
#9270=DIRECTION('ref_axis',(-2.46519032881566E-32,1.,-1.97215226305253E-31));
#9271=DIRECTION('center_axis',(-1.,1.29542528326417E-77,-1.31371731030452E-46));
#9272=DIRECTION('ref_axis',(0.,1.,-9.86076131526265E-32));
#9273=DIRECTION('center_axis',(-1.,1.29542528326417E-77,-1.31371731030452E-46));
#9274=DIRECTION('ref_axis',(0.,1.,-9.86076131526265E-32));
#9275=DIRECTION('center_axis',(1.,0.,0.));
#9276=DIRECTION('ref_axis',(0.,1.,-9.86076131526265E-32));
#9277=DIRECTION('',(-1.,0.,0.));
#9278=DIRECTION('center_axis',(1.,-2.22044604925031E-16,6.00553767139886E-31));
#9279=DIRECTION('ref_axis',(2.22044604925031E-16,1.,-9.86076131526265E-32));
#9280=DIRECTION('center_axis',(1.,-2.22044604925031E-16,6.00553767139886E-31));
#9281=DIRECTION('ref_axis',(2.22044604925031E-16,1.,-9.86076131526265E-32));
#9282=DIRECTION('center_axis',(-1.,-4.93038065763132E-32,-4.37905770101505E-47));
#9283=DIRECTION('ref_axis',(-4.93038065763132E-32,1.,-1.97215226305253E-31));
#9284=DIRECTION('center_axis',(-1.,-2.46519032881566E-32,-1.75162308040602E-46));
#9285=DIRECTION('ref_axis',(-4.93038065763132E-32,1.,-1.97215226305253E-31));
#9286=DIRECTION('',(1.,4.93038065763132E-32,4.37905770101505E-47));
#9287=DIRECTION('center_axis',(1.,2.46519032881566E-32,2.18952885050753E-47));
#9288=DIRECTION('ref_axis',(-4.93038065763132E-32,1.,-1.97215226305253E-31));
#9289=DIRECTION('center_axis',(-1.,-4.93038065763132E-32,-4.37905770101505E-47));
#9290=DIRECTION('ref_axis',(-4.93038065763132E-32,1.,-1.97215226305253E-31));
#9291=DIRECTION('center_axis',(-1.,-2.46519032881566E-32,-1.75162308040602E-46));
#9292=DIRECTION('ref_axis',(-4.93038065763132E-32,1.,-1.97215226305253E-31));
#9293=DIRECTION('',(1.,4.93038065763132E-32,4.37905770101505E-47));
#9294=DIRECTION('center_axis',(1.,2.22044604925031E-16,-6.00553767139886E-31));
#9295=DIRECTION('ref_axis',(-4.93038065763132E-32,1.,-1.97215226305253E-31));
#9296=DIRECTION('center_axis',(-1.,-4.93038065763132E-32,-4.37905770101505E-47));
#9297=DIRECTION('ref_axis',(-4.93038065763132E-32,1.,-1.97215226305253E-31));
#9298=DIRECTION('center_axis',(-1.,-2.46519032881566E-32,-1.75162308040602E-46));
#9299=DIRECTION('ref_axis',(-4.93038065763132E-32,1.,-1.97215226305253E-31));
#9300=DIRECTION('',(1.,4.93038065763132E-32,4.37905770101505E-47));
#9301=DIRECTION('center_axis',(1.,2.22044604925031E-16,-6.00553767139886E-31));
#9302=DIRECTION('ref_axis',(-4.93038065763132E-32,1.,-1.97215226305253E-31));
#9303=DIRECTION('center_axis',(4.37905770101505E-47,-1.97215226305253E-31,
-1.));
#9304=DIRECTION('ref_axis',(-2.46519032881565E-32,1.,-1.97215226305253E-31));
#9305=DIRECTION('',(-2.46519032881566E-32,1.,-1.97215226305253E-31));
#9306=DIRECTION('',(1.,4.93038065763132E-32,4.37905770101505E-47));
#9307=DIRECTION('',(2.22044604925031E-16,-1.,1.97215226305253E-31));
#9308=DIRECTION('',(1.,4.93038065763132E-32,4.37905770101505E-47));
#9309=DIRECTION('center_axis',(-1.,-4.93038065763132E-32,-4.37905770101505E-47));
#9310=DIRECTION('ref_axis',(4.37905770101505E-47,-1.97215226305253E-31,
-1.));
#9311=DIRECTION('center_axis',(1.,2.46519032881566E-32,2.18952885050753E-47));
#9312=DIRECTION('ref_axis',(4.37905770101505E-47,-1.97215226305253E-31,
-1.));
#9313=DIRECTION('center_axis',(-1.,-2.22044604925031E-16,6.00553767139886E-31));
#9314=DIRECTION('ref_axis',(4.37905770101505E-47,-1.97215226305253E-31,
-1.));
#9315=DIRECTION('',(1.,4.93038065763132E-32,4.37905770101505E-47));
#9316=DIRECTION('center_axis',(-7.47379812576067E-47,6.27687929116696E-16,
1.));
#9317=DIRECTION('ref_axis',(2.46519032881563E-32,-1.,6.27687929116696E-16));
#9318=DIRECTION('',(2.46519032881566E-32,-1.,6.27687929116696E-16));
#9319=DIRECTION('',(-2.22044604925031E-16,1.,-6.27687929116696E-16));
#9320=DIRECTION('',(1.,4.93038065763132E-32,4.37905770101505E-47));
#9321=DIRECTION('center_axis',(1.,2.46519032881566E-32,2.18952885050753E-47));
#9322=DIRECTION('ref_axis',(2.18952885050753E-47,0.,-1.));
#9323=DIRECTION('center_axis',(-1.,-2.46519032881566E-32,-2.18952885050753E-47));
#9324=DIRECTION('ref_axis',(4.93038065763132E-32,-1.,1.97215226305253E-31));
#9325=DIRECTION('center_axis',(-1.,-2.46519032881566E-32,-2.18952885050753E-47));
#9326=DIRECTION('ref_axis',(4.93038065763132E-32,-1.,1.97215226305253E-31));
#9327=DIRECTION('center_axis',(-1.,-4.93038065763132E-32,-4.37905770101505E-47));
#9328=DIRECTION('ref_axis',(4.93038065763132E-32,-1.,1.97215226305253E-31));
#9329=DIRECTION('center_axis',(-1.,-2.46519032881566E-32,-2.18952885050753E-47));
#9330=DIRECTION('ref_axis',(4.93038065763132E-32,-1.,1.97215226305253E-31));
#9331=DIRECTION('',(-1.,-4.93038065763132E-32,-4.37905770101505E-47));
#9332=DIRECTION('center_axis',(1.,2.46519032881566E-32,1.75162308040602E-46));
#9333=DIRECTION('ref_axis',(4.93038065763132E-32,-1.,1.97215226305253E-31));
#9334=DIRECTION('center_axis',(1.,2.46519032881566E-32,2.18952885050753E-47));
#9335=DIRECTION('ref_axis',(2.18952885050753E-47,0.,-1.));
#9336=DIRECTION('center_axis',(4.37905770101505E-47,-1.97215226305253E-31,
-1.));
#9337=DIRECTION('ref_axis',(2.46519032881566E-32,-1.,1.97215226305253E-31));
#9338=DIRECTION('',(2.46519032881566E-32,-1.,1.97215226305253E-31));
#9339=DIRECTION('',(-1.,-4.93038065763132E-32,-4.37905770101505E-47));
#9340=DIRECTION('',(2.46519032881566E-32,-1.,1.97215226305253E-31));
#9341=DIRECTION('',(-1.,-4.93038065763132E-32,-4.37905770101505E-47));
#9342=DIRECTION('center_axis',(-2.04496046140391E-47,-4.73411162685459E-16,
1.));
#9343=DIRECTION('ref_axis',(-2.46519032881566E-32,1.,4.73411162685459E-16));
#9344=DIRECTION('',(-2.46519032881566E-32,1.,4.73411162685459E-16));
#9345=DIRECTION('',(-1.,-4.93038065763132E-32,-4.37905770101505E-47));
#9346=DIRECTION('',(-2.46519032881566E-32,1.,4.73411162685459E-16));
#9347=DIRECTION('',(-1.,-4.93038065763132E-32,-4.37905770101505E-47));
#9348=DIRECTION('center_axis',(1.,4.93038065763132E-32,4.37905770101505E-47));
#9349=DIRECTION('ref_axis',(4.36715692814839E-32,-0.885764656201308,0.464134650532126));
#9350=DIRECTION('center_axis',(1.,2.46519032881566E-32,1.74768083919169E-46));
#9351=DIRECTION('ref_axis',(2.18357846407419E-32,-0.885764656201308,0.464134650532126));
#9352=DIRECTION('center_axis',(1.,2.46519032881566E-32,1.74768083919169E-46));
#9353=DIRECTION('ref_axis',(2.18357846407419E-32,-0.885764656201308,0.464134650532126));
#9354=DIRECTION('center_axis',(1.,2.46519032881566E-32,1.75162308040602E-46));
#9355=DIRECTION('ref_axis',(-2.46519032881566E-32,1.,-1.97215226305253E-31));
#9356=DIRECTION('center_axis',(1.,2.46519032881566E-32,1.75162308040602E-46));
#9357=DIRECTION('ref_axis',(-2.46519032881566E-32,1.,-1.97215226305253E-31));
#9358=DIRECTION('center_axis',(1.,2.46519032881566E-32,1.75162308040602E-46));
#9359=DIRECTION('ref_axis',(-2.46519032881566E-32,1.,-1.97215226305253E-31));
#9360=DIRECTION('center_axis',(-1.,-4.93038065763132E-32,8.75811540203011E-47));
#9361=DIRECTION('ref_axis',(-4.93038065763132E-32,1.,-9.86076131526265E-32));
#9362=DIRECTION('center_axis',(-1.,-4.93038065763132E-32,8.75811540203011E-47));
#9363=DIRECTION('ref_axis',(-4.93038065763132E-32,1.,-9.86076131526265E-32));
#9364=DIRECTION('center_axis',(1.,4.93038065763132E-32,4.37905770101505E-47));
#9365=DIRECTION('ref_axis',(-4.93038065763132E-32,1.,-9.86076131526265E-32));
#9366=DIRECTION('',(1.,4.93038065763132E-32,4.37905770101505E-47));
#9367=DIRECTION('center_axis',(1.,2.22044604925031E-16,-6.00553767139886E-31));
#9368=DIRECTION('ref_axis',(-2.22044604925031E-16,1.,-9.86076131526265E-32));
#9369=DIRECTION('center_axis',(1.,2.22044604925031E-16,-6.00553767139886E-31));
#9370=DIRECTION('ref_axis',(-2.22044604925031E-16,1.,-9.86076131526265E-32));
#9371=DIRECTION('',(0.,0.,1.));
#9372=DIRECTION('',(1.,0.,0.));
#9373=DIRECTION('',(0.,0.,1.));
#9374=DIRECTION('',(1.,0.,0.));
#9375=DIRECTION('',(0.,0.,1.));
#9376=DIRECTION('',(1.,0.,0.));
#9377=DIRECTION('axis',(0.,0.,1.));
#9378=DIRECTION('refdir',(1.,0.,0.));
#9379=DIRECTION('center_axis',(1.,0.,0.));
#9380=DIRECTION('ref_axis',(0.,1.,0.));
#9381=DIRECTION('center_axis',(-1.,0.,0.));
#9382=DIRECTION('ref_axis',(0.,1.,0.));
#9383=DIRECTION('center_axis',(1.,0.,0.));
#9384=DIRECTION('ref_axis',(0.,1.,0.));
#9385=DIRECTION('center_axis',(1.,0.,0.));
#9386=DIRECTION('ref_axis',(0.,1.,0.));
#9387=DIRECTION('center_axis',(-1.,0.,0.));
#9388=DIRECTION('ref_axis',(0.,1.,0.));
#9389=DIRECTION('',(-1.,0.,0.));
#9390=DIRECTION('center_axis',(1.,0.,0.));
#9391=DIRECTION('ref_axis',(0.,1.,0.));
#9392=DIRECTION('center_axis',(1.,0.,0.));
#9393=DIRECTION('ref_axis',(0.,1.,0.));
#9394=DIRECTION('',(-1.,0.,0.));
#9395=DIRECTION('center_axis',(1.,0.,0.));
#9396=DIRECTION('ref_axis',(0.,1.,0.));
#9397=DIRECTION('axis',(0.,0.,1.));
#9398=DIRECTION('refdir',(1.,0.,0.));
#9399=DIRECTION('center_axis',(-1.,0.,0.));
#9400=DIRECTION('ref_axis',(0.,0.,1.));
#9401=DIRECTION('',(0.,0.,1.));
#9402=DIRECTION('',(0.,1.,0.));
#9403=DIRECTION('',(0.,0.,-1.));
#9404=DIRECTION('',(0.,1.,0.));
#9405=DIRECTION('center_axis',(0.,0.,1.));
#9406=DIRECTION('ref_axis',(1.,0.,0.));
#9407=DIRECTION('center_axis',(0.,0.,-1.));
#9408=DIRECTION('ref_axis',(0.,1.,0.));
#9409=DIRECTION('center_axis',(0.,0.,1.));
#9410=DIRECTION('ref_axis',(0.,1.,0.));
#9411=DIRECTION('',(0.,1.,0.));
#9412=DIRECTION('center_axis',(1.,0.,0.));
#9413=DIRECTION('ref_axis',(0.,0.,-1.));
#9414=DIRECTION('',(0.,0.,-1.));
#9415=DIRECTION('',(0.,0.,1.));
#9416=DIRECTION('',(0.,1.,0.));
#9417=DIRECTION('center_axis',(0.,0.,-1.));
#9418=DIRECTION('ref_axis',(-1.,0.,0.));
#9419=DIRECTION('center_axis',(0.,0.,1.));
#9420=DIRECTION('ref_axis',(0.,1.,0.));
#9421=DIRECTION('center_axis',(0.,0.,-1.));
#9422=DIRECTION('ref_axis',(0.,1.,0.));
#9423=DIRECTION('center_axis',(-1.,0.,0.));
#9424=DIRECTION('ref_axis',(0.,-1.,0.));
#9425=DIRECTION('',(0.,0.,-1.));
#9426=DIRECTION('',(0.,-1.,0.));
#9427=DIRECTION('',(0.,-3.33592556548593E-16,1.));
#9428=DIRECTION('',(0.,1.,0.));
#9429=DIRECTION('center_axis',(-1.,-1.85037168013591E-16,-6.17270219341653E-32));
#9430=DIRECTION('ref_axis',(1.85037168013591E-16,-1.,0.));
#9431=DIRECTION('',(0.,0.,-1.));
#9432=DIRECTION('',(1.85037168013591E-16,-1.,0.));
#9433=DIRECTION('',(0.,-3.33592556548593E-16,1.));
#9434=DIRECTION('',(1.85037168013591E-16,-1.,0.));
#9435=DIRECTION('center_axis',(0.,0.,1.));
#9436=DIRECTION('ref_axis',(1.,0.,0.));
#9437=DIRECTION('center_axis',(0.,0.,-1.));
#9438=DIRECTION('ref_axis',(0.,1.,0.));
#9439=DIRECTION('',(-1.,0.,0.));
#9440=DIRECTION('',(0.,1.,0.));
#9441=DIRECTION('center_axis',(0.,0.,-1.));
#9442=DIRECTION('ref_axis',(0.,1.,0.));
#9443=DIRECTION('',(1.,0.,0.));
#9444=DIRECTION('',(1.85037168013591E-16,1.,0.));
#9445=DIRECTION('center_axis',(1.,-1.85037168013591E-16,-6.17270219341653E-32));
#9446=DIRECTION('ref_axis',(1.85037168013591E-16,1.,0.));
#9447=DIRECTION('',(0.,0.,1.));
#9448=DIRECTION('',(0.,-3.33592556548593E-16,1.));
#9449=DIRECTION('',(1.85037168013591E-16,1.,0.));
#9450=DIRECTION('center_axis',(0.,-1.,-3.33592556548593E-16));
#9451=DIRECTION('ref_axis',(1.,0.,0.));
#9452=DIRECTION('',(1.,0.,0.));
#9453=DIRECTION('center_axis',(0.,1.,3.33592556548593E-16));
#9454=DIRECTION('ref_axis',(-1.,0.,0.));
#9455=DIRECTION('',(-1.,0.,0.));
#9456=DIRECTION('',(0.,-3.33592556548593E-16,1.));
#9457=DIRECTION('center_axis',(1.,0.,0.));
#9458=DIRECTION('ref_axis',(0.,1.,0.));
#9459=DIRECTION('',(0.,0.,1.));
#9460=DIRECTION('',(0.,1.,0.));
#9461=DIRECTION('center_axis',(0.,0.,1.));
#9462=DIRECTION('ref_axis',(1.,0.,0.));
#9463=DIRECTION('center_axis',(9.24876443161927E-15,1.32263493423534E-13,
-1.));
#9464=DIRECTION('ref_axis',(8.3771373676261E-16,1.,1.32257841042617E-13));
#9465=DIRECTION('',(-0.139173100960065,0.99026806874157,0.));
#9466=DIRECTION('center_axis',(9.49355120189712E-15,1.35764107329336E-13,
-1.));
#9467=DIRECTION('ref_axis',(5.51155513160957E-15,1.,1.35758305347015E-13));
#9468=DIRECTION('',(-0.139173100960065,-0.99026806874157,0.));
#9469=DIRECTION('center_axis',(9.24876443161927E-15,1.32263493423534E-13,
-1.));
#9470=DIRECTION('ref_axis',(8.3771373676261E-16,1.,1.32257841042617E-13));
#9471=DIRECTION('center_axis',(9.24876443161927E-15,1.32263493423534E-13,
-1.));
#9472=DIRECTION('ref_axis',(8.3771373676261E-16,1.,1.32257841042617E-13));
#9473=DIRECTION('center_axis',(0.,0.,1.));
#9474=DIRECTION('ref_axis',(1.,0.,0.));
#9475=DIRECTION('center_axis',(9.89304460228095E-15,1.41477129119985E-13,
-1.));
#9476=DIRECTION('ref_axis',(5.37641936261396E-15,1.,1.41471082987336E-13));
#9477=DIRECTION('',(-0.139173100960065,0.99026806874157,0.));
#9478=DIRECTION('center_axis',(1.01736408747818E-14,1.45489842765897E-13,
-1.));
#9479=DIRECTION('ref_axis',(6.96109836439921E-15,1.,1.4548362514687E-13));
#9480=DIRECTION('',(-0.139173100960065,-0.99026806874157,0.));
#9481=DIRECTION('center_axis',(0.99026806874157,0.139173100960065,0.));
#9482=DIRECTION('ref_axis',(-0.139173100960065,0.99026806874157,0.));
#9483=DIRECTION('',(0.139173100960065,-0.99026806874157,0.));
#9484=DIRECTION('',(0.,0.,1.));
#9485=DIRECTION('',(0.,0.,1.));
#9486=DIRECTION('',(-0.139173100960065,0.99026806874157,0.));
#9487=DIRECTION('',(-1.11881408118246E-16,7.96077583822278E-16,-1.));
#9488=DIRECTION('',(-1.34359293225973E-16,9.56016046941029E-16,-1.));
#9489=DIRECTION('center_axis',(0.,0.,-1.));
#9490=DIRECTION('ref_axis',(0.,1.,0.));
#9491=DIRECTION('center_axis',(0.,0.,1.));
#9492=DIRECTION('ref_axis',(-4.54081217071654E-15,1.,0.));
#9493=DIRECTION('',(0.,0.,-1.));
#9494=DIRECTION('center_axis',(0.,0.,-1.));
#9495=DIRECTION('ref_axis',(0.,1.,0.));
#9496=DIRECTION('',(0.,0.,-1.));
#9497=DIRECTION('center_axis',(1.17472364543602E-14,1.59118586168717E-13,
-1.));
#9498=DIRECTION('ref_axis',(5.37641936261396E-15,1.,1.59090192223854E-13));
#9499=DIRECTION('center_axis',(0.,0.,1.));
#9500=DIRECTION('ref_axis',(1.,0.,0.));
#9501=DIRECTION('',(-0.139173100960065,-0.99026806874157,0.));
#9502=DIRECTION('center_axis',(1.12728684892968E-14,1.52693180481356E-13,
-1.));
#9503=DIRECTION('ref_axis',(3.83322443363824E-15,1.,1.5266593311917E-13));
#9504=DIRECTION('center_axis',(0.,0.,-1.));
#9505=DIRECTION('ref_axis',(0.,1.,0.));
#9506=DIRECTION('',(-1.11881408118246E-16,-7.96077583822278E-16,1.));
#9507=DIRECTION('center_axis',(0.,0.,-1.));
#9508=DIRECTION('ref_axis',(0.,1.,0.));
#9509=DIRECTION('',(-1.34359293225973E-16,-9.56016046941029E-16,1.));
#9510=DIRECTION('center_axis',(0.,0.,-1.));
#9511=DIRECTION('ref_axis',(6.96412624537591E-16,1.,0.));
#9512=DIRECTION('center_axis',(0.,0.,-1.));
#9513=DIRECTION('ref_axis',(-1.,0.,0.));
#9514=DIRECTION('',(0.139173100960065,0.99026806874157,0.));
#9515=DIRECTION('center_axis',(0.99026806874157,-0.139173100960065,0.));
#9516=DIRECTION('ref_axis',(0.139173100960065,0.99026806874157,0.));
#9517=DIRECTION('center_axis',(1.,0.,0.));
#9518=DIRECTION('ref_axis',(0.,1.,1.43425279218796E-8));
#9519=DIRECTION('',(1.,0.,0.));
#9520=DIRECTION('center_axis',(1.,-2.75450535458455E-16,-7.00085846553798E-17));
#9521=DIRECTION('ref_axis',(2.71482033044678E-16,1.,1.38899899488788E-8));
#9522=DIRECTION('',(1.,0.,0.));
#9523=DIRECTION('center_axis',(1.,2.75450535458455E-16,7.00085846553798E-17));
#9524=DIRECTION('ref_axis',(-2.71482033044678E-16,1.,1.38899899488788E-8));
#9525=DIRECTION('center_axis',(1.,0.,0.));
#9526=DIRECTION('ref_axis',(0.,0.,-1.));
#9527=DIRECTION('center_axis',(0.,0.,-1.));
#9528=DIRECTION('ref_axis',(-4.54182146437545E-16,1.,0.));
#9529=DIRECTION('center_axis',(1.,2.84997345108084E-16,7.24350045955909E-17));
#9530=DIRECTION('ref_axis',(-2.80891298842346E-16,1.,1.43714009239525E-8));
#9531=DIRECTION('center_axis',(0.,0.477476750871417,-0.878644383341335));
#9532=DIRECTION('ref_axis',(-0.109090909090909,0.873400437665492,0.474627063113184));
#9533=DIRECTION('center_axis',(1.,2.8518723813744E-16,7.24832678637184E-17));
#9534=DIRECTION('ref_axis',(-2.81078456023867E-16,1.,1.43809769882576E-8));
#9535=DIRECTION('center_axis',(1.,0.,0.));
#9536=DIRECTION('ref_axis',(0.,1.,1.43425279218796E-8));
#9537=DIRECTION('',(-1.,0.,0.));
#9538=DIRECTION('center_axis',(1.,2.72735546271848E-16,6.93185422093114E-17));
#9539=DIRECTION('ref_axis',(-2.68806159551006E-16,1.,1.37530833329161E-8));
#9540=DIRECTION('',(-1.,0.,0.));
#9541=DIRECTION('center_axis',(1.,-2.72735546271848E-16,-6.93185422093114E-17));
#9542=DIRECTION('ref_axis',(2.68806159551006E-16,1.,1.37530833329161E-8));
#9543=DIRECTION('center_axis',(1.,0.,0.));
#9544=DIRECTION('ref_axis',(0.,0.,-1.));
#9545=DIRECTION('center_axis',(0.,0.,-1.));
#9546=DIRECTION('ref_axis',(-4.54182146437545E-16,1.,0.));
#9547=DIRECTION('center_axis',(1.,-2.85187238137439E-16,-7.24832678637183E-17));
#9548=DIRECTION('ref_axis',(2.81078456023868E-16,1.,1.43809766981122E-8));
#9549=DIRECTION('center_axis',(0.,0.477476750871417,-0.878644383341335));
#9550=DIRECTION('ref_axis',(0.0946022703228833,0.874703793565146,0.475335338442766));
#9551=DIRECTION('center_axis',(1.,-2.84997345108085E-16,-7.2435004595591E-17));
#9552=DIRECTION('ref_axis',(2.80891298842346E-16,1.,1.43714011414167E-8));
#9553=DIRECTION('center_axis',(0.,-1.,0.));
#9554=DIRECTION('ref_axis',(1.,0.,0.));
#9555=DIRECTION('',(-1.,0.,0.));
#9556=DIRECTION('',(0.,0.,1.));
#9557=DIRECTION('',(0.,0.,1.));
#9558=DIRECTION('center_axis',(1.,-5.75154641937779E-15,0.));
#9559=DIRECTION('ref_axis',(5.75154641937779E-15,1.,0.));
#9560=DIRECTION('',(-5.75154641937779E-15,-1.,0.));
#9561=DIRECTION('',(5.75154641937779E-15,0.878644383341335,0.477476750871417));
#9562=DIRECTION('',(0.,0.,1.));
#9563=DIRECTION('center_axis',(-1.,1.58879999645639E-15,0.));
#9564=DIRECTION('ref_axis',(-1.58879999645639E-15,-1.,0.));
#9565=DIRECTION('',(1.58879999645639E-15,1.,0.));
#9566=DIRECTION('',(0.,0.,-1.));
#9567=DIRECTION('',(-1.58879999645639E-15,-0.878644383341335,-0.477476750871417));
#9568=DIRECTION('',(0.,0.,1.));
#9569=DIRECTION('center_axis',(0.,1.,0.));
#9570=DIRECTION('ref_axis',(-1.,0.,0.));
#9571=DIRECTION('',(1.,0.,0.));
#9572=DIRECTION('',(0.,0.,1.));
#9573=DIRECTION('center_axis',(1.,0.,0.));
#9574=DIRECTION('ref_axis',(0.,1.,0.));
#9575=DIRECTION('',(0.,-1.,0.));
#9576=DIRECTION('',(0.,0.878644383341335,0.477476750871417));
#9577=DIRECTION('',(0.,0.,1.));
#9578=DIRECTION('center_axis',(-1.,1.56860356892122E-15,0.));
#9579=DIRECTION('ref_axis',(-1.56860356892122E-15,-1.,0.));
#9580=DIRECTION('',(1.56860356892122E-15,1.,0.));
#9581=DIRECTION('',(0.,0.,-1.));
#9582=DIRECTION('',(-1.56860356892122E-15,-0.878644383341335,-0.477476750871417));
#9583=DIRECTION('center_axis',(0.,0.477476750871417,-0.878644383341335));
#9584=DIRECTION('ref_axis',(1.,0.,0.));
#9585=DIRECTION('center_axis',(0.,0.,-1.));
#9586=DIRECTION('ref_axis',(0.,1.,0.));
#9587=DIRECTION('center_axis',(0.,0.,-1.));
#9588=DIRECTION('ref_axis',(-4.54182146437545E-16,1.,0.));
#9589=DIRECTION('',(0.,0.,1.));
#9590=DIRECTION('center_axis',(0.,0.,-1.));
#9591=DIRECTION('ref_axis',(-4.54182146437545E-16,1.,0.));
#9592=DIRECTION('center_axis',(0.,0.,-1.));
#9593=DIRECTION('ref_axis',(0.,1.,0.));
#9594=DIRECTION('center_axis',(0.,0.,-1.));
#9595=DIRECTION('ref_axis',(-4.54182146437545E-16,1.,0.));
#9596=DIRECTION('',(0.,0.,-1.));
#9597=DIRECTION('center_axis',(0.,0.,-1.));
#9598=DIRECTION('ref_axis',(-4.54182146437545E-16,1.,0.));
#9599=DIRECTION('center_axis',(0.,0.,-1.));
#9600=DIRECTION('ref_axis',(0.,1.,0.));
#9601=DIRECTION('center_axis',(0.,0.,-1.));
#9602=DIRECTION('ref_axis',(-4.54182146437545E-16,1.,0.));
#9603=DIRECTION('center_axis',(0.,0.,-1.));
#9604=DIRECTION('ref_axis',(-4.54182146437545E-16,1.,0.));
#9605=DIRECTION('center_axis',(0.707106781186546,0.,-0.707106781186549));
#9606=DIRECTION('ref_axis',(-0.707106781186549,0.,-0.707106781186546));
#9607=DIRECTION('',(0.,-1.,0.));
#9608=DIRECTION('',(-0.654653670707978,0.377964473009228,-0.654653670707976));
#9609=DIRECTION('',(0.,1.,0.));
#9610=DIRECTION('',(0.577350269189626,-0.577350269189627,0.577350269189624));
#9611=DIRECTION('center_axis',(-0.707106781186546,0.,-0.707106781186549));
#9612=DIRECTION('ref_axis',(-0.707106781186549,0.,0.707106781186546));
#9613=DIRECTION('',(0.,-1.,0.));
#9614=DIRECTION('',(-0.654653670707978,-0.377964473009228,0.654653670707976));
#9615=DIRECTION('',(0.,1.,0.));
#9616=DIRECTION('',(0.577350269189626,0.577350269189627,-0.577350269189624));
#9617=DIRECTION('center_axis',(0.,-0.707106781186546,-0.707106781186549));
#9618=DIRECTION('ref_axis',(-1.,0.,0.));
#9619=DIRECTION('',(1.,0.,0.));
#9620=DIRECTION('',(-1.,0.,0.));
#9621=DIRECTION('center_axis',(-0.5,-0.866025403784439,0.));
#9622=DIRECTION('ref_axis',(-0.866025403784439,0.5,0.));
#9623=DIRECTION('',(0.,0.,1.));
#9624=DIRECTION('',(-0.866025403784439,0.5,0.));
#9625=DIRECTION('',(0.,0.,-1.));
#9626=DIRECTION('',(-0.866025403784439,0.5,0.));
#9627=DIRECTION('center_axis',(0.5,0.866025403784439,0.));
#9628=DIRECTION('ref_axis',(0.866025403784439,-0.5,0.));
#9629=DIRECTION('center_axis',(-1.,0.,0.));
#9630=DIRECTION('ref_axis',(0.,1.,0.));
#9631=DIRECTION('',(0.,0.,-1.));
#9632=DIRECTION('',(0.,1.,0.));
#9633=DIRECTION('center_axis',(0.,1.,0.));
#9634=DIRECTION('ref_axis',(1.,0.,0.));
#9635=DIRECTION('',(0.,0.,-1.));
#9636=DIRECTION('',(1.,0.,0.));
#9637=DIRECTION('center_axis',(1.,0.,0.));
#9638=DIRECTION('ref_axis',(0.,-1.,0.));
#9639=DIRECTION('',(0.,0.,-1.));
#9640=DIRECTION('',(0.,-1.,0.));
#9641=DIRECTION('center_axis',(0.,0.,1.));
#9642=DIRECTION('ref_axis',(1.,0.,0.));
#9643=DIRECTION('',(0.866025403784439,0.5,0.));
#9644=DIRECTION('center_axis',(0.,0.,1.));
#9645=DIRECTION('ref_axis',(-1.,0.,0.));
#9646=DIRECTION('center_axis',(-0.5,-0.866025403784439,0.));
#9647=DIRECTION('ref_axis',(0.866025403784439,-0.5,0.));
#9648=DIRECTION('center_axis',(-0.5,-0.866025403784439,0.));
#9649=DIRECTION('ref_axis',(0.866025403784439,-0.5,0.));
#9650=DIRECTION('',(0.5,0.866025403784439,0.));
#9651=DIRECTION('center_axis',(-0.5,-0.866025403784439,0.));
#9652=DIRECTION('ref_axis',(0.866025403784439,-0.5,0.));
#9653=DIRECTION('center_axis',(-0.5,0.866025403784439,0.));
#9654=DIRECTION('ref_axis',(0.866025403784438,0.5,0.));
#9655=DIRECTION('center_axis',(-0.5,0.866025403784439,0.));
#9656=DIRECTION('ref_axis',(0.866025403784438,0.5,0.));
#9657=DIRECTION('',(-0.5,0.866025403784438,0.));
#9658=DIRECTION('center_axis',(-0.5,0.866025403784439,0.));
#9659=DIRECTION('ref_axis',(0.866025403784438,0.5,0.));
#9660=DIRECTION('center_axis',(0.5,-0.866025403784439,0.));
#9661=DIRECTION('ref_axis',(0.866025403784439,0.5,0.));
#9662=DIRECTION('center_axis',(0.,0.,-1.));
#9663=DIRECTION('ref_axis',(-1.,0.,0.));
#9664=DIRECTION('',(0.,0.,-1.));
#9665=DIRECTION('center_axis',(0.,0.,-1.));
#9666=DIRECTION('ref_axis',(-1.,0.,0.));
#9667=DIRECTION('',(0.,0.,1.));
#9668=DIRECTION('center_axis',(0.,0.,-1.));
#9669=DIRECTION('ref_axis',(-1.,0.,0.));
#9670=DIRECTION('',(0.,0.,-1.));
#9671=DIRECTION('center_axis',(0.,0.,-1.));
#9672=DIRECTION('ref_axis',(-1.,0.,0.));
#9673=DIRECTION('center_axis',(0.5,-0.866025403784439,0.));
#9674=DIRECTION('ref_axis',(-0.866025403784439,-0.5,0.));
#9675=DIRECTION('',(-0.866025403784439,-0.5,0.));
#9676=DIRECTION('center_axis',(0.,0.,1.));
#9677=DIRECTION('ref_axis',(-1.,0.,0.));
#9678=DIRECTION('',(-0.139173100960065,0.99026806874157,0.));
#9679=DIRECTION('center_axis',(0.,0.,1.));
#9680=DIRECTION('ref_axis',(-1.,0.,0.));
#9681=DIRECTION('',(-0.139173100960065,-0.99026806874157,0.));
#9682=DIRECTION('center_axis',(0.99026806874157,0.139173100960065,0.));
#9683=DIRECTION('ref_axis',(-0.10145488119008,0.721888989807983,0.684531367781431));
#9684=DIRECTION('center_axis',(0.,0.,-1.));
#9685=DIRECTION('ref_axis',(1.36772786713448E-14,1.,0.));
#9686=DIRECTION('center_axis',(-0.99026806874157,0.139173100960065,0.));
#9687=DIRECTION('ref_axis',(0.10145488119008,0.721888989807983,0.684531367781431));
#9688=DIRECTION('center_axis',(0.99026806874157,0.139173100960065,0.));
#9689=DIRECTION('ref_axis',(-0.139173100960065,0.99026806874157,0.));
#9690=DIRECTION('center_axis',(-0.99026806874157,-0.139173100960065,0.));
#9691=DIRECTION('ref_axis',(-0.139173100960065,0.99026806874157,1.43425279218796E-8));
#9692=DIRECTION('',(0.139173100960065,-0.99026806874157,0.));
#9693=DIRECTION('',(1.11377363086039E-16,-7.92491117061398E-16,1.));
#9694=DIRECTION('',(0.139173100960065,-0.99026806874157,0.));
#9695=DIRECTION('',(0.,0.,-1.));
#9696=DIRECTION('',(0.139173100960065,-0.99026806874157,0.));
#9697=DIRECTION('',(0.,0.,1.));
#9698=DIRECTION('center_axis',(0.99026806874157,0.139173100960065,0.));
#9699=DIRECTION('ref_axis',(-0.139173100960065,0.99026806874157,0.));
#9700=DIRECTION('center_axis',(0.,0.,-1.));
#9701=DIRECTION('ref_axis',(0.,1.,0.));
#9702=DIRECTION('center_axis',(0.,0.,1.));
#9703=DIRECTION('ref_axis',(-5.33842646019834E-15,1.,0.));
#9704=DIRECTION('',(0.,0.,1.));
#9705=DIRECTION('center_axis',(0.,0.,-1.));
#9706=DIRECTION('ref_axis',(5.33842646019834E-15,1.,0.));
#9707=DIRECTION('center_axis',(0.,0.,-1.));
#9708=DIRECTION('ref_axis',(-1.,0.,0.));
#9709=DIRECTION('',(0.139173100960065,0.99026806874157,0.));
#9710=DIRECTION('center_axis',(0.,0.,-1.));
#9711=DIRECTION('ref_axis',(1.96509475358645E-15,1.,0.));
#9712=DIRECTION('center_axis',(0.,0.,-1.));
#9713=DIRECTION('ref_axis',(0.,1.,0.));
#9714=DIRECTION('',(0.,0.,-1.));
#9715=DIRECTION('center_axis',(0.,0.,-1.));
#9716=DIRECTION('ref_axis',(1.96509475358645E-15,1.,0.));
#9717=DIRECTION('center_axis',(-0.99026806874157,0.139173100960065,0.));
#9718=DIRECTION('ref_axis',(0.139173100960065,0.99026806874157,0.));
#9719=DIRECTION('center_axis',(0.99026806874157,-0.139173100960065,0.));
#9720=DIRECTION('ref_axis',(0.139173100960065,0.99026806874157,1.43425279218796E-8));
#9721=DIRECTION('center_axis',(0.,0.,-1.));
#9722=DIRECTION('ref_axis',(-1.,0.,0.));
#9723=DIRECTION('',(0.139173100960065,0.99026806874157,0.));
#9724=DIRECTION('center_axis',(0.,0.,-1.));
#9725=DIRECTION('ref_axis',(3.51913856208094E-16,1.,0.));
#9726=DIRECTION('center_axis',(0.,0.,-1.));
#9727=DIRECTION('ref_axis',(0.,1.,0.));
#9728=DIRECTION('',(1.11377363086039E-16,7.92491117061398E-16,-1.));
#9729=DIRECTION('center_axis',(0.,0.,-1.));
#9730=DIRECTION('ref_axis',(3.62264263743627E-16,1.,0.));
#9731=DIRECTION('center_axis',(0.,0.,-1.));
#9732=DIRECTION('ref_axis',(-1.,0.,0.));
#9733=DIRECTION('',(0.139173100960065,0.99026806874157,0.));
#9734=DIRECTION('center_axis',(0.99026806874157,-0.139173100960065,0.));
#9735=DIRECTION('ref_axis',(0.139173100960065,0.99026806874157,0.));
#9736=DIRECTION('axis',(0.,0.,1.));
#9737=DIRECTION('refdir',(1.,0.,0.));
#9738=DIRECTION('center_axis',(-0.615661475325658,0.788010753606722,0.));
#9739=DIRECTION('ref_axis',(-0.788010753606722,-0.615661475325658,0.));
#9740=DIRECTION('',(0.788010753606722,0.615661475325658,0.));
#9741=DIRECTION('',(0.,0.,1.));
#9742=DIRECTION('',(-0.788010753606722,-0.615661475325658,0.));
#9743=DIRECTION('',(0.,0.,1.));
#9744=DIRECTION('',(-0.788010753606722,-0.615661475325658,0.));
#9745=DIRECTION('',(-6.33482706914305E-16,-4.94930933552714E-16,-1.));
#9746=DIRECTION('',(-0.788010753606722,-0.615661475325658,0.));
#9747=DIRECTION('',(-7.60754536463521E-16,-5.94366584638729E-16,-1.));
#9748=DIRECTION('center_axis',(0.,0.,-1.));
#9749=DIRECTION('ref_axis',(-0.866025403784439,-0.5,0.));
#9750=DIRECTION('center_axis',(0.,0.,1.));
#9751=DIRECTION('ref_axis',(-0.866025403784436,-0.500000000000004,0.));
#9752=DIRECTION('',(0.,0.,-1.));
#9753=DIRECTION('center_axis',(-1.31084720265261E-13,-6.39342899364076E-14,
-1.));
#9754=DIRECTION('ref_axis',(-0.866025403784442,-0.499999999999994,1.4548362514687E-13));
#9755=DIRECTION('center_axis',(0.,0.,1.));
#9756=DIRECTION('ref_axis',(-0.5,0.866025403784439,0.));
#9757=DIRECTION('',(0.927183854566787,0.374606593415912,0.));
#9758=DIRECTION('center_axis',(-1.27469310173538E-13,-6.21709366136445E-14,
-1.));
#9759=DIRECTION('ref_axis',(-0.866025403784441,-0.499999999999995,1.41471082987336E-13));
#9760=DIRECTION('center_axis',(0.,0.,-1.));
#9761=DIRECTION('ref_axis',(-0.866025403784439,-0.5,0.));
#9762=DIRECTION('',(0.,0.,-1.));
#9763=DIRECTION('center_axis',(-1.43674356063552E-13,-6.93858878906198E-14,
-1.));
#9764=DIRECTION('ref_axis',(-0.866025403784441,-0.499999999999995,1.59090192223854E-13));
#9765=DIRECTION('center_axis',(0.,0.,1.));
#9766=DIRECTION('ref_axis',(-0.5,0.866025403784439,0.));
#9767=DIRECTION('',(0.927183854566787,0.374606593415912,0.));
#9768=DIRECTION('center_axis',(-1.37872607526145E-13,-6.65839997554258E-14,
-1.));
#9769=DIRECTION('ref_axis',(-0.866025403784441,-0.499999999999997,1.5266593311917E-13));
#9770=DIRECTION('center_axis',(0.,0.,-1.));
#9771=DIRECTION('ref_axis',(-0.866025403784439,-0.5,0.));
#9772=DIRECTION('',(7.45364115032551E-16,3.01146650269563E-16,1.));
#9773=DIRECTION('center_axis',(-1.22321941470271E-13,-5.9660397151697E-14,
-1.));
#9774=DIRECTION('ref_axis',(-0.866025403784441,-0.499999999999995,1.35758305347015E-13));
#9775=DIRECTION('center_axis',(0.,0.,1.));
#9776=DIRECTION('ref_axis',(-0.5,0.866025403784439,0.));
#9777=DIRECTION('',(0.927183854566787,0.374606593415912,0.));
#9778=DIRECTION('center_axis',(-1.19167927513866E-13,-5.81220817603666E-14,
-1.));
#9779=DIRECTION('ref_axis',(-0.866025403784439,-0.499999999999999,1.32257841042617E-13));
#9780=DIRECTION('center_axis',(0.,0.,-1.));
#9781=DIRECTION('ref_axis',(-0.866025403784439,-0.5,0.));
#9782=DIRECTION('',(8.95113829689494E-16,3.61649462302299E-16,1.));
#9783=DIRECTION('center_axis',(0.,0.,-1.));
#9784=DIRECTION('ref_axis',(-0.866025403784439,-0.499999999999999,0.));
#9785=DIRECTION('center_axis',(0.,0.,-1.));
#9786=DIRECTION('ref_axis',(0.5,-0.866025403784439,0.));
#9787=DIRECTION('',(-0.927183854566787,-0.374606593415912,0.));
#9788=DIRECTION('center_axis',(-0.374606593415912,0.927183854566788,0.));
#9789=DIRECTION('ref_axis',(-0.927183854566787,-0.374606593415912,0.));
#9790=DIRECTION('center_axis',(0.707106781186546,0.,-0.707106781186549));
#9791=DIRECTION('ref_axis',(-0.707106781186549,0.,-0.707106781186546));
#9792=DIRECTION('',(0.,1.,0.));
#9793=DIRECTION('',(0.654653670707978,-0.377964473009228,0.654653670707976));
#9794=DIRECTION('',(0.,-1.,0.));
#9795=DIRECTION('',(-0.577350269189627,-0.577350269189626,-0.577350269189624));
#9796=DIRECTION('center_axis',(-7.40609650322534E-17,0.707106781186546,
-0.707106781186549));
#9797=DIRECTION('ref_axis',(-1.,0.,1.04738021191052E-16));
#9798=DIRECTION('',(1.,1.04738021191052E-16,0.));
#9799=DIRECTION('',(-2.35513868802567E-16,-0.707106781186549,-0.707106781186546));
#9800=DIRECTION('',(-1.,-1.04738021191052E-16,0.));
#9801=DIRECTION('center_axis',(1.,-3.33066907387547E-16,0.));
#9802=DIRECTION('ref_axis',(-3.33066907387547E-16,-1.,0.));
#9803=DIRECTION('',(0.,0.,1.));
#9804=DIRECTION('',(-2.77555756156289E-16,-1.,0.));
#9805=DIRECTION('',(0.,0.,-1.));
#9806=DIRECTION('',(-2.77555756156289E-16,-1.,0.));
#9807=DIRECTION('center_axis',(-1.,3.33066907387547E-16,0.));
#9808=DIRECTION('ref_axis',(2.05596856412066E-16,1.,0.));
#9809=DIRECTION('center_axis',(1.04738021191052E-16,-1.,0.));
#9810=DIRECTION('ref_axis',(-1.,-1.04738021191052E-16,0.));
#9811=DIRECTION('',(0.,0.,-1.));
#9812=DIRECTION('',(-1.,-1.04738021191052E-16,0.));
#9813=DIRECTION('center_axis',(-1.,0.,0.));
#9814=DIRECTION('ref_axis',(0.,1.,0.));
#9815=DIRECTION('',(0.,0.,-1.));
#9816=DIRECTION('',(0.,1.,0.));
#9817=DIRECTION('center_axis',(0.,0.,-1.));
#9818=DIRECTION('ref_axis',(-1.,0.,0.));
#9819=DIRECTION('center_axis',(0.,0.,-1.));
#9820=DIRECTION('ref_axis',(-1.,0.,0.));
#9821=DIRECTION('',(0.,0.,-1.));
#9822=DIRECTION('center_axis',(0.,0.,1.));
#9823=DIRECTION('ref_axis',(-1.,0.,0.));
#9824=DIRECTION('center_axis',(0.5,0.866025403784439,0.));
#9825=DIRECTION('ref_axis',(0.866025403784439,-0.5,0.));
#9826=DIRECTION('',(0.866025403784439,-0.5,0.));
#9827=DIRECTION('',(0.,0.,-1.));
#9828=DIRECTION('',(-0.866025403784439,0.5,0.));
#9829=DIRECTION('center_axis',(-0.5,-0.866025403784439,0.));
#9830=DIRECTION('ref_axis',(-0.866025403784439,0.5,0.));
#9831=DIRECTION('center_axis',(0.,0.,1.));
#9832=DIRECTION('ref_axis',(-0.5,0.866025403784439,0.));
#9833=DIRECTION('center_axis',(0.,0.,1.));
#9834=DIRECTION('ref_axis',(0.5,-0.866025403784439,0.));
#9835=DIRECTION('center_axis',(-0.374606593415912,0.927183854566788,0.));
#9836=DIRECTION('ref_axis',(-0.927183854566787,-0.374606593415912,0.));
#9837=DIRECTION('',(0.927183854566787,0.374606593415912,0.));
#9838=DIRECTION('center_axis',(0.374606593415912,-0.927183854566788,0.));
#9839=DIRECTION('ref_axis',(-0.675901644481039,-0.27308199045545,0.684531367781431));
#9840=DIRECTION('center_axis',(0.374606593415912,-0.927183854566788,0.));
#9841=DIRECTION('ref_axis',(-0.927183854566787,-0.374606593415912,0.));
#9842=DIRECTION('',(0.,0.,-1.));
#9843=DIRECTION('',(-0.927183854566787,-0.374606593415912,0.));
#9844=DIRECTION('',(0.,0.,1.));
#9845=DIRECTION('',(-0.927183854566787,-0.374606593415912,0.));
#9846=DIRECTION('',(-7.42006121191698E-16,-2.99789932691665E-16,-1.));
#9847=DIRECTION('',(-0.927183854566787,-0.374606593415912,0.));
#9848=DIRECTION('',(0.,0.,1.));
#9849=DIRECTION('center_axis',(-0.374606593415912,0.927183854566788,0.));
#9850=DIRECTION('ref_axis',(-0.927183854566787,-0.374606593415912,1.43425279218796E-8));
#9851=DIRECTION('',(0.,0.,-1.));
#9852=DIRECTION('center_axis',(0.,0.,-1.));
#9853=DIRECTION('ref_axis',(0.5,-0.866025403784439,0.));
#9854=DIRECTION('center_axis',(0.,0.,-1.));
#9855=DIRECTION('ref_axis',(-0.866025403784439,-0.499999999999999,0.));
#9856=DIRECTION('center_axis',(0.,0.,1.));
#9857=DIRECTION('ref_axis',(-0.866025403784436,-0.500000000000004,0.));
#9858=DIRECTION('',(0.788010753606722,0.615661475325658,0.));
#9859=DIRECTION('center_axis',(0.,0.,-1.));
#9860=DIRECTION('ref_axis',(-0.866025403784439,-0.5,0.));
#9861=DIRECTION('center_axis',(0.,0.,-1.));
#9862=DIRECTION('ref_axis',(-0.866025403784439,-0.499999999999999,0.));
#9863=DIRECTION('',(6.30628758105658E-16,4.92701184369732E-16,1.));
#9864=DIRECTION('center_axis',(0.,0.,-1.));
#9865=DIRECTION('ref_axis',(0.5,-0.866025403784439,0.));
#9866=DIRECTION('center_axis',(0.,0.,-1.));
#9867=DIRECTION('ref_axis',(-0.866025403784438,-0.5,0.));
#9868=DIRECTION('',(0.788010753606722,0.615661475325658,0.));
#9869=DIRECTION('center_axis',(0.,0.,-1.));
#9870=DIRECTION('ref_axis',(-0.866025403784439,-0.5,0.));
#9871=DIRECTION('center_axis',(0.,0.,-1.));
#9872=DIRECTION('ref_axis',(-0.866025403784438,-0.5,0.));
#9873=DIRECTION('',(0.,0.,-1.));
#9874=DIRECTION('center_axis',(0.,0.,-1.));
#9875=DIRECTION('ref_axis',(0.5,-0.866025403784439,0.));
#9876=DIRECTION('center_axis',(0.615661475325658,-0.788010753606722,0.));
#9877=DIRECTION('ref_axis',(-0.788010753606722,-0.615661475325658,1.43425279218796E-8));
#9878=DIRECTION('center_axis',(0.,0.,-1.));
#9879=DIRECTION('ref_axis',(-0.86602540378444,-0.499999999999998,0.));
#9880=DIRECTION('center_axis',(0.,0.,-1.));
#9881=DIRECTION('ref_axis',(-0.866025403784446,-0.499999999999988,0.));
#9882=DIRECTION('center_axis',(-0.615661475325658,0.788010753606722,0.));
#9883=DIRECTION('ref_axis',(-0.788010753606722,-0.615661475325658,0.));
#9884=DIRECTION('center_axis',(0.,0.,-1.));
#9885=DIRECTION('ref_axis',(-0.866025403784439,-0.5,0.));
#9886=DIRECTION('center_axis',(0.,0.,-1.));
#9887=DIRECTION('ref_axis',(-0.86602540378444,-0.499999999999998,0.));
#9888=DIRECTION('',(0.,0.,1.));
#9889=DIRECTION('center_axis',(0.,0.,-1.));
#9890=DIRECTION('ref_axis',(0.5,-0.866025403784439,0.));
#9891=DIRECTION('center_axis',(0.,0.,-1.));
#9892=DIRECTION('ref_axis',(-0.866025403784441,-0.499999999999995,0.));
#9893=DIRECTION('',(0.788010753606722,0.615661475325658,0.));
#9894=DIRECTION('center_axis',(0.,0.,-1.));
#9895=DIRECTION('ref_axis',(-0.866025403784439,-0.5,0.));
#9896=DIRECTION('',(0.,0.,-1.));
#9897=DIRECTION('center_axis',(-0.615661475325658,0.788010753606722,0.));
#9898=DIRECTION('ref_axis',(-0.788010753606722,-0.615661475325658,0.));
#9899=DIRECTION('',(-0.788010753606722,-0.615661475325658,0.));
#9900=DIRECTION('',(0.,0.,1.));
#9901=DIRECTION('center_axis',(-0.615661475325658,0.788010753606722,0.));
#9902=DIRECTION('ref_axis',(-0.574446763290959,-0.448806999352533,0.684531367781431));
#9903=DIRECTION('center_axis',(0.,0.,1.));
#9904=DIRECTION('ref_axis',(0.5,-0.866025403784439,0.));
#9905=DIRECTION('center_axis',(0.,0.,1.));
#9906=DIRECTION('ref_axis',(0.5,-0.866025403784439,0.));
#9907=DIRECTION('center_axis',(0.,0.,-1.));
#9908=DIRECTION('ref_axis',(0.5,-0.866025403784439,0.));
#9909=DIRECTION('center_axis',(0.,0.,-1.));
#9910=DIRECTION('ref_axis',(0.5,-0.866025403784439,0.));
#9911=DIRECTION('center_axis',(0.,0.,-1.));
#9912=DIRECTION('ref_axis',(0.5,-0.866025403784439,0.));
#9913=DIRECTION('center_axis',(0.5,0.866025403784439,0.));
#9914=DIRECTION('ref_axis',(-0.866025403784439,0.5,0.));
#9915=DIRECTION('center_axis',(-0.5,-0.866025403784439,0.));
#9916=DIRECTION('ref_axis',(-0.866025403784439,0.5,0.));
#9917=DIRECTION('center_axis',(-0.5,-0.866025403784439,0.));
#9918=DIRECTION('ref_axis',(-0.866025403784439,0.5,0.));
#9919=DIRECTION('',(-0.5,-0.866025403784439,0.));
#9920=DIRECTION('center_axis',(1.,-3.33066907387547E-16,0.));
#9921=DIRECTION('ref_axis',(3.33066907387547E-16,1.,0.));
#9922=DIRECTION('center_axis',(1.,-3.33066907387547E-16,0.));
#9923=DIRECTION('ref_axis',(2.56996070515082E-16,1.,0.));
#9924=DIRECTION('center_axis',(1.,-1.66533453693773E-16,0.));
#9925=DIRECTION('ref_axis',(2.05596856412066E-16,1.,0.));
#9926=DIRECTION('',(-1.,1.66533453693773E-16,0.));
#9927=DIRECTION('axis',(0.,0.,1.));
#9928=DIRECTION('refdir',(1.,0.,0.));
#9929=DIRECTION('center_axis',(-0.374606593415913,-0.927183854566787,0.));
#9930=DIRECTION('ref_axis',(0.927183854566787,-0.374606593415913,0.));
#9931=DIRECTION('',(-0.927183854566787,0.374606593415913,0.));
#9932=DIRECTION('',(0.,0.,1.));
#9933=DIRECTION('',(0.927183854566787,-0.374606593415913,0.));
#9934=DIRECTION('',(0.,0.,1.));
#9935=DIRECTION('',(0.927183854566787,-0.374606593415913,0.));
#9936=DIRECTION('',(7.45364115032551E-16,-3.01146650269564E-16,-1.));
#9937=DIRECTION('',(0.927183854566787,-0.374606593415913,0.));
#9938=DIRECTION('',(8.95113829689493E-16,-3.616494623023E-16,-1.));
#9939=DIRECTION('center_axis',(0.,0.,-1.));
#9940=DIRECTION('ref_axis',(0.866025403784438,-0.5,0.));
#9941=DIRECTION('center_axis',(0.,0.,1.));
#9942=DIRECTION('ref_axis',(0.866025403784441,-0.499999999999997,0.));
#9943=DIRECTION('',(0.,0.,-1.));
#9944=DIRECTION('center_axis',(1.20911079390479E-13,-8.15555528294892E-14,
-1.));
#9945=DIRECTION('ref_axis',(0.866025403784435,-0.500000000000007,1.4548362514687E-13));
#9946=DIRECTION('center_axis',(0.,0.,1.));
#9947=DIRECTION('ref_axis',(-0.5,-0.866025403784438,0.));
#9948=DIRECTION('',(-0.788010753606722,0.615661475325659,0.));
#9949=DIRECTION('center_axis',(1.17576265571257E-13,-7.93061925063402E-14,
-1.));
#9950=DIRECTION('ref_axis',(0.866025403784436,-0.500000000000005,1.41471082987336E-13));
#9951=DIRECTION('center_axis',(0.,0.,-1.));
#9952=DIRECTION('ref_axis',(0.866025403784438,-0.5,0.));
#9953=DIRECTION('',(0.,0.,-1.));
#9954=DIRECTION('center_axis',(1.31927119609192E-13,-8.9732698278097E-14,
-1.));
#9955=DIRECTION('ref_axis',(0.866025403784436,-0.500000000000005,1.59090192223854E-13));
#9956=DIRECTION('center_axis',(0.,0.,1.));
#9957=DIRECTION('ref_axis',(-0.5,-0.866025403784438,0.));
#9958=DIRECTION('',(-0.788010753606722,0.615661475325659,0.));
#9959=DIRECTION('center_axis',(1.26599739036848E-13,-8.61091807259302E-14,
-1.));
#9960=DIRECTION('ref_axis',(0.866025403784436,-0.500000000000004,1.5266593311917E-13));
#9961=DIRECTION('center_axis',(0.,0.,-1.));
#9962=DIRECTION('ref_axis',(0.866025403784438,-0.5,0.));
#9963=DIRECTION('',(-6.33482706914305E-16,4.94930933552715E-16,1.));
#9964=DIRECTION('center_axis',(1.12828390268374E-13,-7.61037101776395E-14,
-1.));
#9965=DIRECTION('ref_axis',(0.866025403784436,-0.500000000000005,1.35758305347015E-13));
#9966=DIRECTION('center_axis',(0.,0.,1.));
#9967=DIRECTION('ref_axis',(-0.5,-0.866025403784438,0.));
#9968=DIRECTION('',(-0.788010753606722,0.615661475325659,0.));
#9969=DIRECTION('center_axis',(1.09919163082247E-13,-7.41414116631672E-14,
-1.));
#9970=DIRECTION('ref_axis',(0.866025403784438,-0.500000000000001,1.32257841042617E-13));
#9971=DIRECTION('center_axis',(0.,0.,-1.));
#9972=DIRECTION('ref_axis',(0.866025403784438,-0.5,0.));
#9973=DIRECTION('',(-7.60754536463521E-16,5.9436658463873E-16,1.));
#9974=DIRECTION('center_axis',(0.,0.,-1.));
#9975=DIRECTION('ref_axis',(0.866025403784438,-0.500000000000001,0.));
#9976=DIRECTION('center_axis',(0.,0.,-1.));
#9977=DIRECTION('ref_axis',(0.5,0.866025403784438,0.));
#9978=DIRECTION('',(0.788010753606722,-0.615661475325659,0.));
#9979=DIRECTION('center_axis',(-0.615661475325659,-0.788010753606722,0.));
#9980=DIRECTION('ref_axis',(0.788010753606722,-0.615661475325659,0.));
#9981=DIRECTION('center_axis',(-7.40609650322534E-17,0.707106781186546,
-0.707106781186549));
#9982=DIRECTION('ref_axis',(-1.,0.,1.04738021191052E-16));
#9983=DIRECTION('',(-1.,-1.04738021191052E-16,0.));
#9984=DIRECTION('',(2.35513868802567E-16,0.707106781186549,0.707106781186546));
#9985=DIRECTION('',(1.,1.04738021191052E-16,0.));
#9986=DIRECTION('',(0.577350269189626,-0.577350269189627,-0.577350269189624));
#9987=DIRECTION('center_axis',(-0.707106781186546,0.,-0.707106781186549));
#9988=DIRECTION('ref_axis',(-0.707106781186549,0.,0.707106781186546));
#9989=DIRECTION('',(0.,1.,0.));
#9990=DIRECTION('',(0.654653670707978,0.377964473009227,-0.654653670707976));
#9991=DIRECTION('',(0.,-1.,0.));
#9992=DIRECTION('center_axis',(-0.5,0.866025403784439,0.));
#9993=DIRECTION('ref_axis',(0.866025403784439,0.499999999999999,0.));
#9994=DIRECTION('',(0.,0.,1.));
#9995=DIRECTION('',(0.866025403784439,0.499999999999999,0.));
#9996=DIRECTION('',(0.,0.,-1.));
#9997=DIRECTION('',(0.866025403784439,0.499999999999999,0.));
#9998=DIRECTION('center_axis',(0.5,-0.866025403784439,0.));
#9999=DIRECTION('ref_axis',(-0.866025403784439,-0.5,0.));
#10000=DIRECTION('center_axis',(1.,0.,0.));
#10001=DIRECTION('ref_axis',(0.,-1.,0.));
#10002=DIRECTION('',(0.,0.,-1.));
#10003=DIRECTION('',(0.,-1.,0.));
#10004=DIRECTION('center_axis',(1.04738021191052E-16,-1.,0.));
#10005=DIRECTION('ref_axis',(-1.,-1.04738021191052E-16,0.));
#10006=DIRECTION('',(0.,0.,-1.));
#10007=DIRECTION('',(-1.,-1.04738021191052E-16,0.));
#10008=DIRECTION('center_axis',(0.,0.,-1.));
#10009=DIRECTION('ref_axis',(-1.,0.,0.));
#10010=DIRECTION('center_axis',(0.,0.,-1.));
#10011=DIRECTION('ref_axis',(-1.,0.,0.));
#10012=DIRECTION('',(0.,0.,-1.));
#10013=DIRECTION('center_axis',(0.,0.,1.));
#10014=DIRECTION('ref_axis',(-1.,0.,0.));
#10015=DIRECTION('center_axis',(-1.,3.33066907387547E-16,0.));
#10016=DIRECTION('ref_axis',(3.33066907387547E-16,1.,0.));
#10017=DIRECTION('',(3.33066907387547E-16,1.,0.));
#10018=DIRECTION('',(0.,0.,-1.));
#10019=DIRECTION('',(-3.33066907387547E-16,-1.,0.));
#10020=DIRECTION('center_axis',(1.,-3.33066907387547E-16,0.));
#10021=DIRECTION('ref_axis',(-1.85037170770859E-16,-1.,0.));
#10022=DIRECTION('center_axis',(0.,0.,1.));
#10023=DIRECTION('ref_axis',(-0.5,-0.866025403784438,0.));
#10024=DIRECTION('center_axis',(0.,0.,1.));
#10025=DIRECTION('ref_axis',(0.5,0.866025403784438,0.));
#10026=DIRECTION('center_axis',(-0.615661475325659,-0.788010753606722,0.));
#10027=DIRECTION('ref_axis',(0.788010753606722,-0.615661475325659,0.));
#10028=DIRECTION('',(-0.788010753606722,0.615661475325659,0.));
#10029=DIRECTION('center_axis',(0.615661475325659,0.788010753606722,0.));
#10030=DIRECTION('ref_axis',(0.574446763290959,-0.448806999352533,0.684531367781431));
#10031=DIRECTION('center_axis',(0.615661475325659,0.788010753606722,0.));
#10032=DIRECTION('ref_axis',(0.788010753606722,-0.615661475325659,0.));
#10033=DIRECTION('',(0.,0.,-1.));
#10034=DIRECTION('',(0.788010753606722,-0.615661475325659,0.));
#10035=DIRECTION('',(0.,0.,1.));
#10036=DIRECTION('',(0.788010753606722,-0.615661475325659,0.));
#10037=DIRECTION('',(6.30628758105658E-16,-4.92701184369733E-16,-1.));
#10038=DIRECTION('',(0.788010753606722,-0.615661475325659,0.));
#10039=DIRECTION('',(0.,0.,1.));
#10040=DIRECTION('center_axis',(-0.615661475325659,-0.788010753606722,0.));
#10041=DIRECTION('ref_axis',(0.788010753606722,-0.615661475325659,1.43425279218796E-8));
#10042=DIRECTION('',(0.,0.,-1.));
#10043=DIRECTION('center_axis',(0.,0.,-1.));
#10044=DIRECTION('ref_axis',(0.5,0.866025403784438,0.));
#10045=DIRECTION('center_axis',(0.,0.,-1.));
#10046=DIRECTION('ref_axis',(0.866025403784438,-0.500000000000001,0.));
#10047=DIRECTION('center_axis',(0.,0.,1.));
#10048=DIRECTION('ref_axis',(0.866025403784441,-0.499999999999996,0.));
#10049=DIRECTION('',(-0.927183854566787,0.374606593415913,0.));
#10050=DIRECTION('center_axis',(0.,0.,-1.));
#10051=DIRECTION('ref_axis',(0.866025403784438,-0.5,0.));
#10052=DIRECTION('center_axis',(0.,0.,-1.));
#10053=DIRECTION('ref_axis',(0.866025403784438,-0.500000000000001,0.));
#10054=DIRECTION('',(-7.42006121191698E-16,2.99789932691666E-16,1.));
#10055=DIRECTION('center_axis',(0.,0.,-1.));
#10056=DIRECTION('ref_axis',(0.5,0.866025403784438,0.));
#10057=DIRECTION('center_axis',(0.,0.,-1.));
#10058=DIRECTION('ref_axis',(0.866025403784439,-0.5,0.));
#10059=DIRECTION('',(-0.927183854566787,0.374606593415913,0.));
#10060=DIRECTION('center_axis',(0.,0.,-1.));
#10061=DIRECTION('ref_axis',(0.866025403784438,-0.5,0.));
#10062=DIRECTION('center_axis',(0.,0.,-1.));
#10063=DIRECTION('ref_axis',(0.866025403784439,-0.5,0.));
#10064=DIRECTION('',(0.,0.,-1.));
#10065=DIRECTION('center_axis',(0.,0.,-1.));
#10066=DIRECTION('ref_axis',(0.5,0.866025403784438,0.));
#10067=DIRECTION('center_axis',(0.374606593415913,0.927183854566787,0.));
#10068=DIRECTION('ref_axis',(0.927183854566787,-0.374606593415913,1.43425279218796E-8));
#10069=DIRECTION('center_axis',(0.,0.,-1.));
#10070=DIRECTION('ref_axis',(0.866025403784437,-0.500000000000002,0.));
#10071=DIRECTION('center_axis',(0.,0.,-1.));
#10072=DIRECTION('ref_axis',(0.866025403784432,-0.500000000000012,0.));
#10073=DIRECTION('center_axis',(-0.374606593415913,-0.927183854566787,0.));
#10074=DIRECTION('ref_axis',(0.927183854566787,-0.374606593415912,0.));
#10075=DIRECTION('center_axis',(0.,0.,-1.));
#10076=DIRECTION('ref_axis',(0.866025403784438,-0.5,0.));
#10077=DIRECTION('center_axis',(0.,0.,-1.));
#10078=DIRECTION('ref_axis',(0.866025403784437,-0.500000000000002,0.));
#10079=DIRECTION('',(0.,0.,1.));
#10080=DIRECTION('center_axis',(0.,0.,-1.));
#10081=DIRECTION('ref_axis',(0.5,0.866025403784438,0.));
#10082=DIRECTION('center_axis',(0.,0.,-1.));
#10083=DIRECTION('ref_axis',(0.866025403784436,-0.500000000000005,0.));
#10084=DIRECTION('',(-0.927183854566787,0.374606593415913,0.));
#10085=DIRECTION('center_axis',(0.,0.,-1.));
#10086=DIRECTION('ref_axis',(0.866025403784438,-0.5,0.));
#10087=DIRECTION('',(0.,0.,-1.));
#10088=DIRECTION('center_axis',(-0.374606593415913,-0.927183854566787,0.));
#10089=DIRECTION('ref_axis',(0.927183854566787,-0.374606593415913,0.));
#10090=DIRECTION('',(0.927183854566787,-0.374606593415913,0.));
#10091=DIRECTION('',(0.,0.,1.));
#10092=DIRECTION('center_axis',(-0.374606593415913,-0.927183854566787,0.));
#10093=DIRECTION('ref_axis',(0.675901644481039,-0.273081990455451,0.684531367781431));
#10094=DIRECTION('center_axis',(0.,0.,1.));
#10095=DIRECTION('ref_axis',(0.500000000000001,0.866025403784438,0.));
#10096=DIRECTION('center_axis',(0.,0.,1.));
#10097=DIRECTION('ref_axis',(0.5,0.866025403784438,0.));
#10098=DIRECTION('center_axis',(0.,0.,-1.));
#10099=DIRECTION('ref_axis',(0.5,0.866025403784438,0.));
#10100=DIRECTION('center_axis',(0.,0.,-1.));
#10101=DIRECTION('ref_axis',(0.5,0.866025403784438,0.));
#10102=DIRECTION('center_axis',(0.,0.,-1.));
#10103=DIRECTION('ref_axis',(0.5,0.866025403784438,0.));
#10104=DIRECTION('center_axis',(-1.,3.33066907387547E-16,0.));
#10105=DIRECTION('ref_axis',(-3.33066907387547E-16,-1.,0.));
#10106=DIRECTION('center_axis',(1.,-3.33066907387547E-16,0.));
#10107=DIRECTION('ref_axis',(-2.77555756156289E-16,-1.,0.));
#10108=DIRECTION('center_axis',(1.,-2.22044604925031E-16,0.));
#10109=DIRECTION('ref_axis',(-1.85037170770859E-16,-1.,0.));
#10110=DIRECTION('',(1.,-2.22044604925031E-16,0.));
#10111=DIRECTION('center_axis',(-0.5,0.866025403784439,0.));
#10112=DIRECTION('ref_axis',(-0.866025403784439,-0.499999999999999,0.));
#10113=DIRECTION('center_axis',(-0.5,0.866025403784439,0.));
#10114=DIRECTION('ref_axis',(-0.866025403784439,-0.5,0.));
#10115=DIRECTION('center_axis',(-0.5,0.866025403784439,0.));
#10116=DIRECTION('ref_axis',(-0.866025403784439,-0.5,0.));
#10117=DIRECTION('',(0.5,-0.866025403784439,0.));
#10118=DIRECTION('',(0.,0.,1.));
#10119=DIRECTION('',(1.,0.,0.));
#10120=DIRECTION('',(2.18952885050753E-47,9.86076131526265E-32,1.));
#10121=DIRECTION('',(1.,0.,-1.31371731030452E-46));
#10122=DIRECTION('',(0.,0.,1.));
#10123=DIRECTION('',(1.,0.,0.));
#10124=DIRECTION('',(0.,0.,1.));
#10125=DIRECTION('',(1.,0.,0.));
#10126=DIRECTION('',(0.,0.,1.));
#10127=DIRECTION('',(-0.5,0.866025403784439,0.));
#10128=DIRECTION('',(-8.53966979967231E-32,-4.93038065763132E-32,1.));
#10129=DIRECTION('',(-0.5,0.866025403784439,-1.31371731030452E-46));
#10130=DIRECTION('',(0.,0.,1.));
#10131=DIRECTION('',(-0.5,0.866025403784439,0.));
#10132=DIRECTION('',(0.,0.,1.));
#10133=DIRECTION('',(-0.5,-0.866025403784438,0.));
#10134=DIRECTION('',(8.5396697996723E-32,-4.93038065763133E-32,1.));
#10135=DIRECTION('',(-0.5,-0.866025403784438,-1.31371731030452E-46));
#10136=DIRECTION('',(0.,0.,1.));
#10137=DIRECTION('',(-0.5,-0.866025403784438,0.));
#10138=DIRECTION('',(0.,0.,1.));
#10139=DIRECTION('',(1.,0.,0.));
#10140=DIRECTION('',(0.,0.,1.));
#10141=DIRECTION('',(1.,0.,0.));
#10142=DIRECTION('',(0.,0.,1.));
#10143=DIRECTION('',(1.,0.,0.));
#10144=CARTESIAN_POINT('',(0.,0.,0.));
#10145=CARTESIAN_POINT('',(0.,0.,0.));
#10146=CARTESIAN_POINT('',(0.,0.,0.));
#10147=CARTESIAN_POINT('',(0.,0.,0.));
#10148=CARTESIAN_POINT('',(0.,0.,0.));
#10149=CARTESIAN_POINT('Origin',(28.,5.75,0.));
#10150=CARTESIAN_POINT('',(28.,5.75,-3.5));
#10151=CARTESIAN_POINT('Origin',(28.,5.75,0.));
#10152=CARTESIAN_POINT('',(17.,5.75,-3.5));
#10153=CARTESIAN_POINT('',(28.,5.75,-3.5));
#10154=CARTESIAN_POINT('Origin',(17.,5.75,0.));
#10155=CARTESIAN_POINT('Origin',(28.,5.75,0.));
#10156=CARTESIAN_POINT('',(17.,5.75,-4.5));
#10157=CARTESIAN_POINT('Origin',(17.,5.75,0.));
#10158=CARTESIAN_POINT('',(28.,5.75,-4.5));
#10159=CARTESIAN_POINT('',(28.,5.75,-4.5));
#10160=CARTESIAN_POINT('Origin',(28.,5.75,0.));
#10161=CARTESIAN_POINT('Origin',(6.,11.5,-7.5));
#10162=CARTESIAN_POINT('',(6.,0.,7.5));
#10163=CARTESIAN_POINT('',(6.,0.,-7.5));
#10164=CARTESIAN_POINT('',(6.,0.,-7.5));
#10165=CARTESIAN_POINT('',(6.,11.5,-7.5));
#10166=CARTESIAN_POINT('',(6.,11.5,-7.5));
#10167=CARTESIAN_POINT('',(6.,11.5,7.5));
#10168=CARTESIAN_POINT('',(6.,11.5,-7.5));
#10169=CARTESIAN_POINT('',(6.,11.5,7.5));
#10170=CARTESIAN_POINT('',(6.,0.249999999999999,-6.4));
#10171=CARTESIAN_POINT('',(6.,11.25,-6.4));
#10172=CARTESIAN_POINT('',(6.,11.25,-6.4));
#10173=CARTESIAN_POINT('',(6.,0.25,6.4));
#10174=CARTESIAN_POINT('',(6.,0.249999999999999,6.4));
#10175=CARTESIAN_POINT('',(6.,11.25,6.4));
#10176=CARTESIAN_POINT('',(6.,11.25,6.4));
#10177=CARTESIAN_POINT('',(6.,11.25,6.4));
#10178=CARTESIAN_POINT('Origin',(-6.,11.5,-7.5));
#10179=CARTESIAN_POINT('',(-6.,0.,-7.5));
#10180=CARTESIAN_POINT('',(-6.,0.,-7.5));
#10181=CARTESIAN_POINT('',(-6.,11.5,-7.5));
#10182=CARTESIAN_POINT('',(-6.,11.5,-7.5));
#10183=CARTESIAN_POINT('',(-6.,11.5,-7.5));
#10184=CARTESIAN_POINT('Origin',(-6.,11.5,-7.5));
#10185=CARTESIAN_POINT('',(-6.,0.,-5.));
#10186=CARTESIAN_POINT('',(-6.,0.,-7.5));
#10187=CARTESIAN_POINT('',(-6.,11.5,-5.));
#10188=CARTESIAN_POINT('',(-6.,11.5,-5.));
#10189=CARTESIAN_POINT('',(-6.,11.5,-7.5));
#10190=CARTESIAN_POINT('Origin',(-6.,11.5,-5.));
#10191=CARTESIAN_POINT('',(-5.,0.,-5.));
#10192=CARTESIAN_POINT('',(-6.,0.,-5.));
#10193=CARTESIAN_POINT('',(-5.,11.5,-5.));
#10194=CARTESIAN_POINT('',(-5.,11.5,-5.));
#10195=CARTESIAN_POINT('',(-6.,11.5,-5.));
#10196=CARTESIAN_POINT('Origin',(-5.,11.5,5.));
#10197=CARTESIAN_POINT('',(-5.,0.,5.));
#10198=CARTESIAN_POINT('',(-5.,0.,5.));
#10199=CARTESIAN_POINT('',(-5.,11.5,5.));
#10200=CARTESIAN_POINT('',(-5.,11.5,5.));
#10201=CARTESIAN_POINT('',(-5.,11.5,5.));
#10202=CARTESIAN_POINT('Origin',(-6.,11.5,5.));
#10203=CARTESIAN_POINT('',(-6.,0.,5.));
#10204=CARTESIAN_POINT('',(-6.,0.,5.));
#10205=CARTESIAN_POINT('',(-6.,11.5,5.));
#10206=CARTESIAN_POINT('',(-6.,11.5,5.));
#10207=CARTESIAN_POINT('',(-6.,11.5,5.));
#10208=CARTESIAN_POINT('Origin',(-6.,11.5,5.));
#10209=CARTESIAN_POINT('',(-6.,0.,7.5));
#10210=CARTESIAN_POINT('',(-6.,0.,5.));
#10211=CARTESIAN_POINT('',(-6.,11.5,7.5));
#10212=CARTESIAN_POINT('',(-6.,11.5,7.5));
#10213=CARTESIAN_POINT('',(-6.,11.5,5.));
#10214=CARTESIAN_POINT('Origin',(-6.,11.5,7.5));
#10215=CARTESIAN_POINT('',(-6.,0.,7.5));
#10216=CARTESIAN_POINT('',(-6.,11.5,7.5));
#10217=CARTESIAN_POINT('Origin',(0.,11.5,0.));
#10218=CARTESIAN_POINT('Origin',(0.,0.,0.));
#10219=CARTESIAN_POINT('Origin',(6.,11.25,-6.4));
#10220=CARTESIAN_POINT('',(17.,10.2876247012148,-5.43762470121484));
#10221=CARTESIAN_POINT('',(7.10297004043117,11.1535026252535,-6.30350262525354));
#10222=CARTESIAN_POINT('',(17.,1.21237529878517,-5.43762470121484));
#10223=CARTESIAN_POINT('',(17.,11.25,-5.43762470121484));
#10224=CARTESIAN_POINT('',(6.94786487849554,0.332927431422738,-6.31707256857726));
#10225=CARTESIAN_POINT('Origin',(6.,11.25,6.4));
#10226=CARTESIAN_POINT('',(17.,10.2876247012148,5.43762470121484));
#10227=CARTESIAN_POINT('',(6.,11.25,6.4));
#10228=CARTESIAN_POINT('',(17.,10.2876247012148,6.4));
#10229=CARTESIAN_POINT('Origin',(6.,11.25,6.4));
#10230=CARTESIAN_POINT('',(17.,1.21237529878517,5.43762470121484));
#10231=CARTESIAN_POINT('',(6.,0.249999999999999,6.4));
#10232=CARTESIAN_POINT('',(17.,11.25,5.43762470121484));
#10233=CARTESIAN_POINT('Origin',(6.,0.249999999999999,6.4));
#10234=CARTESIAN_POINT('',(17.,1.21237529878517,6.4));
#10235=CARTESIAN_POINT('Origin',(17.,0.,0.));
#10236=CARTESIAN_POINT('Origin',(28.,5.75,0.));
#10237=CARTESIAN_POINT('Origin',(17.,0.,0.));
#10238=CARTESIAN_POINT('',(0.,0.,0.));
#10239=CARTESIAN_POINT('Origin',(3.5,-0.001000000000001,7.5));
#10240=CARTESIAN_POINT('',(5.,1.41623908780919E-16,7.5));
#10241=CARTESIAN_POINT('Origin',(3.5,9.91028548287531E-17,7.5));
#10242=CARTESIAN_POINT('',(5.,4.,7.5));
#10243=CARTESIAN_POINT('',(5.,-0.0010000000000008,7.5));
#10244=CARTESIAN_POINT('Origin',(3.5,4.,7.5));
#10245=CARTESIAN_POINT('Origin',(3.5,-0.001000000000001,2.5));
#10246=CARTESIAN_POINT('',(5.,1.41623908780919E-16,2.5));
#10247=CARTESIAN_POINT('Origin',(3.5,9.91028548287531E-17,2.5));
#10248=CARTESIAN_POINT('',(5.,4.,2.5));
#10249=CARTESIAN_POINT('',(5.,-0.0010000000000008,2.5));
#10250=CARTESIAN_POINT('Origin',(3.5,4.,2.5));
#10251=CARTESIAN_POINT('Origin',(5.5,1.55794367374015E-16,10.));
#10252=CARTESIAN_POINT('',(0.,0.,0.));
#10253=CARTESIAN_POINT('',(5.5,1.55794367374015E-16,0.));
#10254=CARTESIAN_POINT('',(5.5,1.55794367374015E-16,0.));
#10255=CARTESIAN_POINT('',(5.5,1.55794367374015E-16,10.));
#10256=CARTESIAN_POINT('',(5.5,1.55794367374015E-16,10.));
#10257=CARTESIAN_POINT('',(0.,0.,10.));
#10258=CARTESIAN_POINT('',(5.5,1.55794367374015E-16,10.));
#10259=CARTESIAN_POINT('',(0.,0.,10.));
#10260=CARTESIAN_POINT('Origin',(7.,3.5,10.));
#10261=CARTESIAN_POINT('',(7.,3.5,0.));
#10262=CARTESIAN_POINT('',(7.,3.5,0.));
#10263=CARTESIAN_POINT('',(7.,3.5,10.));
#10264=CARTESIAN_POINT('',(7.,3.5,10.));
#10265=CARTESIAN_POINT('',(7.,3.5,10.));
#10266=CARTESIAN_POINT('Origin',(7.,10.,10.));
#10267=CARTESIAN_POINT('',(7.,10.,0.));
#10268=CARTESIAN_POINT('',(7.,10.,0.));
#10269=CARTESIAN_POINT('',(7.,10.,10.));
#10270=CARTESIAN_POINT('',(7.,10.,10.));
#10271=CARTESIAN_POINT('',(7.,10.,10.));
#10272=CARTESIAN_POINT('',(7.,4.,4.5));
#10273=CARTESIAN_POINT('',(7.,4.,0.5));
#10274=CARTESIAN_POINT('',(7.,4.,4.5));
#10275=CARTESIAN_POINT('',(7.,9.5,4.5));
#10276=CARTESIAN_POINT('',(7.,9.5,4.5));
#10277=CARTESIAN_POINT('',(7.,9.5,0.5));
#10278=CARTESIAN_POINT('',(7.,9.5,4.5));
#10279=CARTESIAN_POINT('',(7.,9.5,0.5));
#10280=CARTESIAN_POINT('',(7.,4.,9.5));
#10281=CARTESIAN_POINT('',(7.,4.,5.5));
#10282=CARTESIAN_POINT('',(7.,4.,9.5));
#10283=CARTESIAN_POINT('',(7.,9.5,9.5));
#10284=CARTESIAN_POINT('',(7.,9.5,9.5));
#10285=CARTESIAN_POINT('',(7.,9.5,5.5));
#10286=CARTESIAN_POINT('',(7.,9.5,9.5));
#10287=CARTESIAN_POINT('',(7.,9.5,5.5));
#10288=CARTESIAN_POINT('Origin',(0.,10.,10.));
#10289=CARTESIAN_POINT('',(0.,10.,0.));
#10290=CARTESIAN_POINT('',(0.,10.,0.));
#10291=CARTESIAN_POINT('',(0.,10.,10.));
#10292=CARTESIAN_POINT('',(0.,10.,10.));
#10293=CARTESIAN_POINT('',(0.,10.,10.));
#10294=CARTESIAN_POINT('Origin',(0.,0.,10.));
#10295=CARTESIAN_POINT('',(0.,0.,0.));
#10296=CARTESIAN_POINT('',(0.,0.,10.));
#10297=CARTESIAN_POINT('',(0.,9.5,4.5));
#10298=CARTESIAN_POINT('',(0.,9.5,0.5));
#10299=CARTESIAN_POINT('',(0.,9.5,4.5));
#10300=CARTESIAN_POINT('',(0.,4.,4.5));
#10301=CARTESIAN_POINT('',(0.,9.5,4.5));
#10302=CARTESIAN_POINT('',(0.,4.,0.499999999999999));
#10303=CARTESIAN_POINT('',(0.,4.,4.5));
#10304=CARTESIAN_POINT('',(0.,9.5,0.5));
#10305=CARTESIAN_POINT('',(0.,9.5,9.5));
#10306=CARTESIAN_POINT('',(0.,9.5,5.5));
#10307=CARTESIAN_POINT('',(0.,9.5,9.5));
#10308=CARTESIAN_POINT('',(0.,4.,9.5));
#10309=CARTESIAN_POINT('',(0.,9.5,9.5));
#10310=CARTESIAN_POINT('',(0.,4.,5.5));
#10311=CARTESIAN_POINT('',(0.,4.,9.5));
#10312=CARTESIAN_POINT('',(0.,9.5,5.5));
#10313=CARTESIAN_POINT('Origin',(0.,0.,10.));
#10314=CARTESIAN_POINT('Origin',(0.,0.,0.));
#10315=CARTESIAN_POINT('Origin',(-0.001000000000001,9.5,9.5));
#10316=CARTESIAN_POINT('',(-0.001000000000001,9.5,9.5));
#10317=CARTESIAN_POINT('',(-0.001000000000001,4.,9.5));
#10318=CARTESIAN_POINT('Origin',(-0.001000000000001,9.5,9.5));
#10319=CARTESIAN_POINT('',(-0.001000000000001,9.5,5.5));
#10320=CARTESIAN_POINT('Origin',(-0.001000000000001,9.5,5.5));
#10321=CARTESIAN_POINT('',(-0.001000000000001,4.,5.5));
#10322=CARTESIAN_POINT('Origin',(-0.001000000000001,4.,9.5));
#10323=CARTESIAN_POINT('Origin',(-0.001000000000001,9.5,4.5));
#10324=CARTESIAN_POINT('',(-0.001000000000001,9.5,4.5));
#10325=CARTESIAN_POINT('',(-0.001000000000001,4.,4.5));
#10326=CARTESIAN_POINT('Origin',(-0.001000000000001,9.5,4.5));
#10327=CARTESIAN_POINT('',(-0.001000000000001,9.5,0.5));
#10328=CARTESIAN_POINT('Origin',(-0.001000000000001,9.5,0.5));
#10329=CARTESIAN_POINT('',(-0.001000000000001,4.,0.5));
#10330=CARTESIAN_POINT('Origin',(-0.001000000000001,4.,4.5));
#10331=CARTESIAN_POINT('',(0.,0.,0.));
#10332=CARTESIAN_POINT('Origin',(0.,0.,11.8));
#10333=CARTESIAN_POINT('',(2.75,3.36777869765522E-16,11.8));
#10334=CARTESIAN_POINT('',(-2.75,-3.36777869765522E-16,11.8));
#10335=CARTESIAN_POINT('Origin',(0.,0.,11.8));
#10336=CARTESIAN_POINT('Origin',(0.,0.,11.8));
#10337=CARTESIAN_POINT('',(-2.95,-3.61270805748469E-16,12.));
#10338=CARTESIAN_POINT('Origin',(-2.95,-3.61270805748469E-16,11.8));
#10339=CARTESIAN_POINT('Origin',(0.,0.,12.));
#10340=CARTESIAN_POINT('Origin',(0.,0.,11.8));
#10341=CARTESIAN_POINT('',(-3.3,-4.04133443718627E-16,12.));
#10342=CARTESIAN_POINT('Origin',(0.,0.,12.));
#10343=CARTESIAN_POINT('',(-3.5,-4.28626379701574E-16,11.8));
#10344=CARTESIAN_POINT('Origin',(-3.3,-4.04133443718627E-16,11.8));
#10345=CARTESIAN_POINT('',(3.5,4.28626379701574E-16,11.8));
#10346=CARTESIAN_POINT('Origin',(0.,0.,11.8));
#10347=CARTESIAN_POINT('Origin',(0.,0.,11.8));
#10348=CARTESIAN_POINT('Origin',(0.,0.,12.));
#10349=CARTESIAN_POINT('',(2.75,-3.36777869765522E-16,0.));
#10350=CARTESIAN_POINT('',(2.75,-3.36777869765522E-16,12.));
#10351=CARTESIAN_POINT('Origin',(0.,0.,0.));
#10352=CARTESIAN_POINT('Origin',(0.,0.,12.));
#10353=CARTESIAN_POINT('',(3.5,-4.28626379701574E-16,0.));
#10354=CARTESIAN_POINT('Origin',(0.,0.,0.));
#10355=CARTESIAN_POINT('',(3.5,-4.28626379701574E-16,12.));
#10356=CARTESIAN_POINT('Origin',(0.,0.,12.));
#10357=CARTESIAN_POINT('Origin',(0.,0.,0.));
#10358=CARTESIAN_POINT('',(0.,0.,0.));
#10359=CARTESIAN_POINT('Origin',(0.,0.,11.5));
#10360=CARTESIAN_POINT('',(-0.55,-6.73555739531044E-17,12.));
#10361=CARTESIAN_POINT('Origin',(0.,0.,12.));
#10362=CARTESIAN_POINT('',(-1.05,-1.28587913910472E-16,11.5));
#10363=CARTESIAN_POINT('Origin',(-0.55,-6.73555739531044E-17,11.5));
#10364=CARTESIAN_POINT('',(1.05,1.28587913910472E-16,11.5));
#10365=CARTESIAN_POINT('Origin',(0.,0.,11.5));
#10366=CARTESIAN_POINT('Origin',(0.,0.,11.5));
#10367=CARTESIAN_POINT('Origin',(0.,0.,12.));
#10368=CARTESIAN_POINT('',(1.05,-1.28587913910472E-16,0.));
#10369=CARTESIAN_POINT('Origin',(0.,0.,0.));
#10370=CARTESIAN_POINT('',(1.05,-1.28587913910472E-16,12.));
#10371=CARTESIAN_POINT('Origin',(0.,0.,12.));
#10372=CARTESIAN_POINT('Origin',(0.,0.,0.));
#10373=CARTESIAN_POINT('',(0.,0.,0.));
#10374=CARTESIAN_POINT('',(0.,0.,0.));
#10375=CARTESIAN_POINT('',(0.,0.,0.));
#10376=CARTESIAN_POINT('Origin',(1.5,-0.501,2.5));
#10377=CARTESIAN_POINT('',(1.5,4.5,1.75));
#10378=CARTESIAN_POINT('Origin',(1.5,4.5,2.5));
#10379=CARTESIAN_POINT('',(1.5,5.,1.75));
#10380=CARTESIAN_POINT('',(1.5,-0.501,1.75));
#10381=CARTESIAN_POINT('Origin',(1.5,5.,2.5));
#10382=CARTESIAN_POINT('Origin',(0.,0.,5.));
#10383=CARTESIAN_POINT('',(-0.5,5.,5.));
#10384=CARTESIAN_POINT('',(-0.5,-0.5,5.));
#10385=CARTESIAN_POINT('',(-0.5,0.,5.));
#10386=CARTESIAN_POINT('',(3.5,-0.5,5.));
#10387=CARTESIAN_POINT('',(0.,-0.5,5.));
#10388=CARTESIAN_POINT('',(3.5,5.,5.));
#10389=CARTESIAN_POINT('',(3.5,0.,5.));
#10390=CARTESIAN_POINT('',(0.,5.,5.));
#10391=CARTESIAN_POINT('',(0.,0.,5.));
#10392=CARTESIAN_POINT('',(3.,0.,5.));
#10393=CARTESIAN_POINT('',(0.,0.,5.));
#10394=CARTESIAN_POINT('',(0.,4.5,5.));
#10395=CARTESIAN_POINT('',(0.,0.,5.));
#10396=CARTESIAN_POINT('',(3.,4.5,5.));
#10397=CARTESIAN_POINT('',(0.,4.5,5.));
#10398=CARTESIAN_POINT('',(3.,0.,5.));
#10399=CARTESIAN_POINT('Origin',(0.,0.,0.));
#10400=CARTESIAN_POINT('',(-0.5,5.,0.));
#10401=CARTESIAN_POINT('',(-0.5,-0.5,0.));
#10402=CARTESIAN_POINT('',(-0.5,0.,0.));
#10403=CARTESIAN_POINT('',(3.5,5.,0.));
#10404=CARTESIAN_POINT('',(0.,5.,0.));
#10405=CARTESIAN_POINT('',(3.5,-0.5,0.));
#10406=CARTESIAN_POINT('',(3.5,0.,0.));
#10407=CARTESIAN_POINT('',(0.,-0.5,0.));
#10408=CARTESIAN_POINT('',(0.,4.5,0.));
#10409=CARTESIAN_POINT('',(0.,0.,0.));
#10410=CARTESIAN_POINT('',(0.,0.,0.));
#10411=CARTESIAN_POINT('',(3.,0.,0.));
#10412=CARTESIAN_POINT('',(0.,0.,0.));
#10413=CARTESIAN_POINT('',(3.,4.5,0.));
#10414=CARTESIAN_POINT('',(3.,0.,0.));
#10415=CARTESIAN_POINT('',(0.,4.5,0.));
#10416=CARTESIAN_POINT('Origin',(-0.5,0.,5.));
#10417=CARTESIAN_POINT('',(-0.5,-0.5,5.));
#10418=CARTESIAN_POINT('',(-0.5,5.,5.));
#10419=CARTESIAN_POINT('Origin',(0.,-0.5,5.));
#10420=CARTESIAN_POINT('',(3.5,-0.5,5.));
#10421=CARTESIAN_POINT('Origin',(3.5,0.,5.));
#10422=CARTESIAN_POINT('',(3.5,5.,5.));
#10423=CARTESIAN_POINT('Origin',(0.,5.,5.));
#10424=CARTESIAN_POINT('Origin',(0.,0.,5.));
#10425=CARTESIAN_POINT('',(0.,4.5,5.));
#10426=CARTESIAN_POINT('',(0.,0.,5.));
#10427=CARTESIAN_POINT('Origin',(0.,0.,5.));
#10428=CARTESIAN_POINT('',(3.,0.,5.));
#10429=CARTESIAN_POINT('Origin',(3.,0.,5.));
#10430=CARTESIAN_POINT('',(3.,4.5,5.));
#10431=CARTESIAN_POINT('Origin',(0.,4.5,5.));
#10432=CARTESIAN_POINT('',(0.,0.,0.));
#10433=CARTESIAN_POINT('Origin',(0.559486611895059,0.,0.));
#10434=CARTESIAN_POINT('',(0.456249612548632,-1.73920301117767E-16,-1.42016703296703));
#10435=CARTESIAN_POINT('Origin',(0.456249612548632,0.,0.));
#10436=CARTESIAN_POINT('',(0.55948661189506,-1.80414966450388E-16,-1.4732));
#10437=CARTESIAN_POINT('Origin',(0.559486611895059,-1.64861952101217E-16,
-1.3462));
#10438=CARTESIAN_POINT('Origin',(0.55948661189506,0.,0.));
#10439=CARTESIAN_POINT('Origin',(-25.4,0.,0.));
#10440=CARTESIAN_POINT('',(1.1176,-1.80414966450388E-16,-1.4732));
#10441=CARTESIAN_POINT('',(-25.4,-1.80414966450388E-16,-1.4732));
#10442=CARTESIAN_POINT('Origin',(1.1176,0.,0.));
#10443=CARTESIAN_POINT('Origin',(-25.4,0.,0.));
#10444=CARTESIAN_POINT('',(1.1176,-9.33180860950283E-17,-0.762));
#10445=CARTESIAN_POINT('Origin',(1.1176,0.,0.));
#10446=CARTESIAN_POINT('',(4.2926,-9.33180860950283E-17,-0.762));
#10447=CARTESIAN_POINT('',(-25.4,-9.33180860950283E-17,-0.762));
#10448=CARTESIAN_POINT('Origin',(4.2926,0.,0.));
#10449=CARTESIAN_POINT('Origin',(2.4384,-5.17915377827407E-15,0.));
#10450=CARTESIAN_POINT('',(0.159528631296446,0.828761039022777,-0.256310329680778));
#10451=CARTESIAN_POINT('',(0.159528631296446,0.828761039022776,0.256310329680777));
#10452=CARTESIAN_POINT('Origin',(1.8850401359864,-0.647005379462056,-1.25534115608906E-16));
#10453=CARTESIAN_POINT('',(0.0311879238102945,0.274885958395877,0.274885958395878));
#10454=CARTESIAN_POINT('Origin',(2.42797639477701,-5.17608200082433E-15,
-0.0720176360861448));
#10455=CARTESIAN_POINT('',(0.159528631296445,0.256310329680775,0.828761039022778));
#10456=CARTESIAN_POINT('Origin',(2.42797639477701,-0.0720176360861455,-2.45304677562866E-16));
#10457=CARTESIAN_POINT('',(0.159528631296444,-0.25631032968078,0.828761039022777));
#10458=CARTESIAN_POINT('Origin',(1.8850401359864,-2.79461245414228E-15,
-0.647005379462054));
#10459=CARTESIAN_POINT('',(0.0311879238102924,-0.274885958395879,0.274885958395878));
#10460=CARTESIAN_POINT('Origin',(2.427976394777,0.0720176360861447,2.54520009912133E-16));
#10461=CARTESIAN_POINT('',(0.159528631296443,-0.828761039022779,0.256310329680777));
#10462=CARTESIAN_POINT('Origin',(2.42797639477701,-5.17608200082433E-15,
-0.0720176360861448));
#10463=CARTESIAN_POINT('',(0.159528631296443,-0.828761039022779,-0.256310329680778));
#10464=CARTESIAN_POINT('Origin',(1.8850401359864,0.647005379462052,0.));
#10465=CARTESIAN_POINT('',(0.0311879238102928,-0.274885958395877,-0.274885958395879));
#10466=CARTESIAN_POINT('Origin',(2.42797639477701,-5.17301022337458E-15,
0.0720176360861454));
#10467=CARTESIAN_POINT('',(0.159528631296443,-0.256310329680774,-0.828761039022779));
#10468=CARTESIAN_POINT('Origin',(2.427976394777,0.0720176360861447,2.54520009912133E-16));
#10469=CARTESIAN_POINT('',(0.159528631296444,0.256310329680781,-0.828761039022776));
#10470=CARTESIAN_POINT('Origin',(1.8850401359864,-7.43816098679695E-15,
0.647005379462054));
#10471=CARTESIAN_POINT('',(0.0311879238102941,0.274885958395879,-0.274885958395878));
#10472=CARTESIAN_POINT('Origin',(2.42797639477701,-0.0720176360861455,-2.45304677562866E-16));
#10473=CARTESIAN_POINT('Origin',(2.42797639477701,-5.17301022337458E-15,
0.0720176360861454));
#10474=CARTESIAN_POINT('Origin',(1.12854153846154,1.0842021724855E-16,-0.116058461538462));
#10475=CARTESIAN_POINT('',(0.9652,0.139700000000001,-0.139699999999999));
#10476=CARTESIAN_POINT('',(1.14466398343431,0.113724949766087,-0.113724949766086));
#10477=CARTESIAN_POINT('',(0.,0.9652,-0.2794));
#10478=CARTESIAN_POINT('Origin',(1.12854153846154,1.0842021724855E-16,-0.116058461538462));
#10479=CARTESIAN_POINT('',(0.9652,-0.1397,-0.1397));
#10480=CARTESIAN_POINT('',(0.,-0.965199999999999,-0.2794));
#10481=CARTESIAN_POINT('',(1.14466398343431,-0.113724949766086,-0.113724949766086));
#10482=CARTESIAN_POINT('Origin',(1.12854153846154,1.0842021724855E-16,0.116058461538462));
#10483=CARTESIAN_POINT('',(0.9652,0.1397,0.1397));
#10484=CARTESIAN_POINT('',(0.,0.9652,0.279399999999999));
#10485=CARTESIAN_POINT('',(1.14466398343431,0.113724949766086,0.113724949766086));
#10486=CARTESIAN_POINT('Origin',(1.12854153846154,1.0842021724855E-16,0.116058461538462));
#10487=CARTESIAN_POINT('',(0.9652,-0.1397,0.139699999999999));
#10488=CARTESIAN_POINT('',(1.14466398343431,-0.113724949766087,0.113724949766086));
#10489=CARTESIAN_POINT('',(0.,-0.965199999999999,0.279399999999999));
#10490=CARTESIAN_POINT('Origin',(1.1176,0.762,0.));
#10491=CARTESIAN_POINT('Origin',(4.2926,0.762,0.));
#10492=CARTESIAN_POINT('Origin',(0.9652,0.1397,0.1397));
#10493=CARTESIAN_POINT('',(0.9652,0.1397,0.1397));
#10494=CARTESIAN_POINT('Origin',(0.9652,-0.1397,-0.1397));
#10495=CARTESIAN_POINT('',(0.9652,-0.1397,-0.1397));
#10496=CARTESIAN_POINT('Origin',(0.9652,0.1397,-0.1397));
#10497=CARTESIAN_POINT('',(0.9652,-0.1397,-0.1397));
#10498=CARTESIAN_POINT('',(0.9652,0.1397,0.1397));
#10499=CARTESIAN_POINT('Origin',(0.9652,0.139700000000001,-0.139699999999999));
#10500=CARTESIAN_POINT('',(0.,-0.279399999999996,-0.965200000000001));
#10501=CARTESIAN_POINT('',(0.,0.279400000000003,-0.965199999999998));
#10502=CARTESIAN_POINT('Origin',(1.12854153846154,-0.116058461538462,-2.96795735427832E-16));
#10503=CARTESIAN_POINT('Origin',(1.12854153846154,0.116058461538462,5.13636169924932E-16));
#10504=CARTESIAN_POINT('Origin',(0.9652,-0.1397,0.139699999999999));
#10505=CARTESIAN_POINT('',(0.,0.279399999999997,0.965200000000001));
#10506=CARTESIAN_POINT('',(0.,-0.279400000000003,0.965199999999999));
#10507=CARTESIAN_POINT('Origin',(1.12854153846154,0.116058461538462,5.13636169924932E-16));
#10508=CARTESIAN_POINT('Origin',(1.12854153846154,-0.116058461538462,-2.96795735427832E-16));
#10509=CARTESIAN_POINT('',(-75.1268373440226,12.4011006789811,26.5679833336753));
#10510=CARTESIAN_POINT('',(-73.6268373440225,21.1937006789811,29.0679833336753));
#10511=CARTESIAN_POINT('',(-75.1268373440225,12.4011006789811,26.5679833336753));
#10512=CARTESIAN_POINT('',(-73.6268373440225,21.1937006789811,29.0679833336753));
#10513=CARTESIAN_POINT('',(-16.1051546263352,-4.26023096431395,1.68179342125543));
#10514=CARTESIAN_POINT('',(-21.1051546263352,-4.26023096431399,6.68179342125542));
#10515=CARTESIAN_POINT('',(0.89484537366479,1.48976903568608,1.68179342125542));
#10516=CARTESIAN_POINT('',(0.89484537366479,1.48976903568604,1.68179342125544));
#10517=CARTESIAN_POINT('',(4.46282870734013,17.1408697146671,-69.4450439227671));
#10518=CARTESIAN_POINT('',(4.46282870734013,17.1408697146671,-74.4450439227671));
#10519=CARTESIAN_POINT('Origin',(-27.5,-50.8447840459203,-106.498589643531));
#10520=CARTESIAN_POINT('',(-29.55,-50.8447840459203,-106.498589643531));
#10521=CARTESIAN_POINT('Origin',(-27.5,-50.8447840459203,-106.498589643531));
#10522=CARTESIAN_POINT('',(-29.55,-50.8447840459203,-101.498589643531));
#10523=CARTESIAN_POINT('',(-29.55,-50.8447840459203,-106.498589643531));
#10524=CARTESIAN_POINT('Origin',(-27.5,-50.8447840459203,-101.498589643531));
#10525=CARTESIAN_POINT('Origin',(57.7828746337008,1.6066934188881,-106.498589643531));
#10526=CARTESIAN_POINT('',(55.7328746337008,1.6066934188881,-106.498589643531));
#10527=CARTESIAN_POINT('Origin',(57.7828746337008,1.6066934188881,-106.498589643531));
#10528=CARTESIAN_POINT('',(55.7328746337008,1.6066934188881,-101.498589643531));
#10529=CARTESIAN_POINT('',(55.7328746337008,1.6066934188881,-106.498589643531));
#10530=CARTESIAN_POINT('Origin',(57.7828746337008,1.6066934188881,-101.498589643531));
#10531=CARTESIAN_POINT('Origin',(-30.2828746337007,49.2380906270322,-106.498589643531));
#10532=CARTESIAN_POINT('',(-32.3328746337007,49.2380906270322,-106.498589643531));
#10533=CARTESIAN_POINT('Origin',(-30.2828746337007,49.2380906270322,-106.498589643531));
#10534=CARTESIAN_POINT('',(-32.3328746337007,49.2380906270322,-101.498589643531));
#10535=CARTESIAN_POINT('',(-32.3328746337007,49.2380906270322,-106.498589643531));
#10536=CARTESIAN_POINT('Origin',(-30.2828746337007,49.2380906270322,-101.498589643531));
#10537=CARTESIAN_POINT('Origin',(-27.5,-40.8447840459203,-106.498589643531));
#10538=CARTESIAN_POINT('',(-29.55,-40.8447840459203,-106.498589643531));
#10539=CARTESIAN_POINT('Origin',(-27.5,-40.8447840459203,-106.498589643531));
#10540=CARTESIAN_POINT('',(-29.55,-40.8447840459203,-101.498589643531));
#10541=CARTESIAN_POINT('',(-29.55,-40.8447840459203,-106.498589643531));
#10542=CARTESIAN_POINT('Origin',(-27.5,-40.8447840459203,-101.498589643531));
#10543=CARTESIAN_POINT('Origin',(49.1226205958563,-3.39330658111191,-106.498589643531));
#10544=CARTESIAN_POINT('',(47.0726205958563,-3.39330658111191,-106.498589643531));
#10545=CARTESIAN_POINT('Origin',(49.1226205958563,-3.39330658111191,-106.498589643531));
#10546=CARTESIAN_POINT('',(47.0726205958563,-3.39330658111191,-101.498589643531));
#10547=CARTESIAN_POINT('',(47.0726205958563,-3.39330658111191,-106.498589643531));
#10548=CARTESIAN_POINT('Origin',(49.1226205958563,-3.39330658111191,-101.498589643531));
#10549=CARTESIAN_POINT('Origin',(-21.6226205958563,44.2380906270322,-106.498589643531));
#10550=CARTESIAN_POINT('',(-23.6726205958563,44.2380906270322,-106.498589643531));
#10551=CARTESIAN_POINT('Origin',(-21.6226205958563,44.2380906270322,-106.498589643531));
#10552=CARTESIAN_POINT('',(-23.6726205958563,44.2380906270322,-101.498589643531));
#10553=CARTESIAN_POINT('',(-23.6726205958563,44.2380906270322,-106.498589643531));
#10554=CARTESIAN_POINT('Origin',(-21.6226205958563,44.2380906270322,-101.498589643531));
#10555=CARTESIAN_POINT('Origin',(57.1709349773728,-14.3411602310225,-101.498589643531));
#10556=CARTESIAN_POINT('',(67.5632398227861,-8.34116023102254,-106.498589643531));
#10557=CARTESIAN_POINT('',(57.1709349773728,-14.3411602310225,-106.498589643531));
#10558=CARTESIAN_POINT('',(38.83678663081,-24.9263857142729,-106.498589643531));
#10559=CARTESIAN_POINT('',(67.5632398227861,-8.34116023102254,-101.498589643531));
#10560=CARTESIAN_POINT('',(67.5632398227861,-8.34116023102254,-101.498589643531));
#10561=CARTESIAN_POINT('',(57.1709349773728,-14.3411602310225,-101.498589643531));
#10562=CARTESIAN_POINT('',(38.83678663081,-24.9263857142729,-101.498589643531));
#10563=CARTESIAN_POINT('',(57.1709349773728,-14.3411602310225,-101.498589643531));
#10564=CARTESIAN_POINT('Origin',(60.1709349773729,-19.5373126537292,-101.498589643531));
#10565=CARTESIAN_POINT('',(60.1709349773729,-19.5373126537292,-106.498589643531));
#10566=CARTESIAN_POINT('',(48.4196158352489,0.816569156385962,-106.498589643531));
#10567=CARTESIAN_POINT('',(60.1709349773729,-19.5373126537292,-101.498589643531));
#10568=CARTESIAN_POINT('',(48.4196158352489,0.816569156385962,-101.498589643531));
#10569=CARTESIAN_POINT('',(60.1709349773729,-19.5373126537292,-101.498589643531));
#10570=CARTESIAN_POINT('Origin',(70.5632398227861,-13.5373126537292,-101.498589643531));
#10571=CARTESIAN_POINT('',(70.5632398227861,-13.5373126537292,-106.498589643531));
#10572=CARTESIAN_POINT('',(47.0329390535168,-27.1225381369797,-106.498589643531));
#10573=CARTESIAN_POINT('',(70.5632398227861,-13.5373126537292,-101.498589643531));
#10574=CARTESIAN_POINT('',(47.0329390535168,-27.1225381369797,-101.498589643531));
#10575=CARTESIAN_POINT('',(70.5632398227861,-13.5373126537292,-101.498589643531));
#10576=CARTESIAN_POINT('Origin',(67.5632398227861,-8.34116023102254,-101.498589643531));
#10577=CARTESIAN_POINT('',(57.3119206806624,9.41464536773916,-106.498589643531));
#10578=CARTESIAN_POINT('',(57.3119206806624,9.41464536773916,-101.498589643531));
#10579=CARTESIAN_POINT('Origin',(-41.005276568495,-42.3409019330019,-101.498589643531));
#10580=CARTESIAN_POINT('',(-41.0052765684951,-54.3409019330019,-106.498589643531));
#10581=CARTESIAN_POINT('',(-41.005276568495,-42.3409019330019,-106.498589643531));
#10582=CARTESIAN_POINT('',(-41.0052765684949,-21.1704509665009,-106.498589643531));
#10583=CARTESIAN_POINT('',(-41.0052765684951,-54.3409019330019,-101.498589643531));
#10584=CARTESIAN_POINT('',(-41.0052765684951,-54.3409019330019,-101.498589643531));
#10585=CARTESIAN_POINT('',(-41.005276568495,-42.3409019330019,-101.498589643531));
#10586=CARTESIAN_POINT('',(-41.0052765684949,-21.1704509665009,-101.498589643531));
#10587=CARTESIAN_POINT('',(-41.005276568495,-42.3409019330019,-101.498589643531));
#10588=CARTESIAN_POINT('Origin',(-47.0052765684951,-42.340901933002,-101.498589643531));
#10589=CARTESIAN_POINT('',(-47.0052765684951,-42.340901933002,-106.498589643531));
#10590=CARTESIAN_POINT('',(-23.5026382842473,-42.3409019330017,-106.498589643531));
#10591=CARTESIAN_POINT('',(-47.0052765684951,-42.340901933002,-101.498589643531));
#10592=CARTESIAN_POINT('',(-23.5026382842473,-42.3409019330017,-101.498589643531));
#10593=CARTESIAN_POINT('',(-47.0052765684951,-42.340901933002,-101.498589643531));
#10594=CARTESIAN_POINT('Origin',(-47.0052765684951,-54.3409019330019,-101.498589643531));
#10595=CARTESIAN_POINT('',(-47.0052765684951,-54.3409019330019,-106.498589643531));
#10596=CARTESIAN_POINT('',(-47.0052765684951,-27.1704509665009,-106.498589643531));
#10597=CARTESIAN_POINT('',(-47.0052765684951,-54.3409019330019,-101.498589643531));
#10598=CARTESIAN_POINT('',(-47.0052765684951,-27.1704509665009,-101.498589643531));
#10599=CARTESIAN_POINT('',(-47.0052765684951,-54.3409019330019,-101.498589643531));
#10600=CARTESIAN_POINT('Origin',(-41.0052765684951,-54.3409019330019,-101.498589643531));
#10601=CARTESIAN_POINT('',(-20.5026382842477,-54.3409019330021,-106.498589643531));
#10602=CARTESIAN_POINT('',(-20.5026382842477,-54.3409019330021,-101.498589643531));
#10603=CARTESIAN_POINT('Origin',(-16.1656584088778,56.6820621640244,-101.498589643531));
#10604=CARTESIAN_POINT('',(-26.557963254291,62.6820621640245,-106.498589643531));
#10605=CARTESIAN_POINT('',(-16.1656584088778,56.6820621640244,-106.498589643531));
#10606=CARTESIAN_POINT('',(2.16848993768489,46.0968366807738,-106.498589643531));
#10607=CARTESIAN_POINT('',(-26.557963254291,62.6820621640245,-101.498589643531));
#10608=CARTESIAN_POINT('',(-26.557963254291,62.6820621640245,-101.498589643531));
#10609=CARTESIAN_POINT('',(-16.1656584088778,56.6820621640244,-101.498589643531));
#10610=CARTESIAN_POINT('',(2.16848993768489,46.0968366807738,-101.498589643531));
#10611=CARTESIAN_POINT('',(-16.1656584088778,56.6820621640244,-101.498589643531));
#10612=CARTESIAN_POINT('Origin',(-13.1656584088778,61.8782145867311,-101.498589643531));
#10613=CARTESIAN_POINT('',(-13.1656584088778,61.8782145867311,-106.498589643531));
#10614=CARTESIAN_POINT('',(-24.9169775510015,41.5243327766158,-106.498589643531));
#10615=CARTESIAN_POINT('',(-13.1656584088778,61.8782145867311,-101.498589643531));
#10616=CARTESIAN_POINT('',(-24.9169775510015,41.5243327766158,-101.498589643531));
#10617=CARTESIAN_POINT('',(-13.1656584088778,61.8782145867311,-101.498589643531));
#10618=CARTESIAN_POINT('Origin',(-23.557963254291,67.8782145867311,-101.498589643531));
#10619=CARTESIAN_POINT('',(-23.557963254291,67.8782145867311,-106.498589643531));
#10620=CARTESIAN_POINT('',(-0.0276624850217222,54.2929891034806,-106.498589643531));
#10621=CARTESIAN_POINT('',(-23.557963254291,67.8782145867311,-101.498589643531));
#10622=CARTESIAN_POINT('',(-0.0276624850217222,54.2929891034806,-101.498589643531));
#10623=CARTESIAN_POINT('',(-23.557963254291,67.8782145867311,-101.498589643531));
#10624=CARTESIAN_POINT('Origin',(-26.557963254291,62.6820621640245,-101.498589643531));
#10625=CARTESIAN_POINT('',(-36.8092823964148,44.9262565652628,-106.498589643531));
#10626=CARTESIAN_POINT('',(-36.8092823964148,44.9262565652628,-101.498589643531));
#10627=CARTESIAN_POINT('Origin',(-83.1384400021654,48.0000007152557,-106.498589643531));
#10628=CARTESIAN_POINT('',(-85.1884400021654,48.0000007152557,-106.498589643531));
#10629=CARTESIAN_POINT('Origin',(-83.1384400021654,48.0000007152557,-106.498589643531));
#10630=CARTESIAN_POINT('',(-85.1884400021654,48.0000007152557,-101.498589643531));
#10631=CARTESIAN_POINT('',(-85.1884400021654,48.0000007152557,-106.498589643531));
#10632=CARTESIAN_POINT('Origin',(-83.1384400021654,48.0000007152557,-101.498589643531));
#10633=CARTESIAN_POINT('Origin',(83.1384400021654,48.0000007152558,-106.498589643531));
#10634=CARTESIAN_POINT('',(81.0884400021654,48.0000007152558,-106.498589643531));
#10635=CARTESIAN_POINT('Origin',(83.1384400021654,48.0000007152558,-106.498589643531));
#10636=CARTESIAN_POINT('',(81.0884400021654,48.0000007152558,-101.498589643531));
#10637=CARTESIAN_POINT('',(81.0884400021654,48.0000007152558,-106.498589643531));
#10638=CARTESIAN_POINT('Origin',(83.1384400021654,48.0000007152558,-101.498589643531));
#10639=CARTESIAN_POINT('Origin',(5.32907051820075E-14,-96.0000014305115,
-106.498589643531));
#10640=CARTESIAN_POINT('',(-2.04999999999995,-96.0000014305115,-106.498589643531));
#10641=CARTESIAN_POINT('Origin',(5.32907051820075E-14,-96.0000014305115,
-106.498589643531));
#10642=CARTESIAN_POINT('',(-2.04999999999995,-96.0000014305115,-101.498589643531));
#10643=CARTESIAN_POINT('',(-2.04999999999995,-96.0000014305115,-106.498589643531));
#10644=CARTESIAN_POINT('Origin',(5.32907051820075E-14,-96.0000014305115,
-101.498589643531));
#10645=CARTESIAN_POINT('Origin',(0.,0.,-101.498589643531));
#10646=CARTESIAN_POINT('',(-100.,1.22464679914735E-14,-106.498589643531));
#10647=CARTESIAN_POINT('Origin',(0.,0.,-106.498589643531));
#10648=CARTESIAN_POINT('',(-100.,1.22464679914735E-14,-101.498589643531));
#10649=CARTESIAN_POINT('',(-100.,1.22464679914735E-14,-101.498589643531));
#10650=CARTESIAN_POINT('Origin',(0.,0.,-101.498589643531));
#10651=CARTESIAN_POINT('Origin',(0.,0.,-106.498589643531));
#10652=CARTESIAN_POINT('Origin',(0.,0.,-101.498589643531));
#10653=CARTESIAN_POINT('Origin',(75.4273155994534,-65.6560740637183,-156.498589643531));
#10654=CARTESIAN_POINT('',(87.4985936241182,-75.0871900779552,-156.498589643531));
#10655=CARTESIAN_POINT('',(75.4273155994534,-65.6560740637183,-156.498589643531));
#10656=CARTESIAN_POINT('',(87.4985936241182,-75.0871900779552,-156.498589643531));
#10657=CARTESIAN_POINT('',(87.4985936241182,-75.0871900779552,-116.498589643531));
#10658=CARTESIAN_POINT('',(87.4985936241182,-75.0871900779552,-156.498589643531));
#10659=CARTESIAN_POINT('',(75.4273155994534,-65.6560740637183,-116.498589643531));
#10660=CARTESIAN_POINT('',(87.4985936241182,-75.0871900779552,-116.498589643531));
#10661=CARTESIAN_POINT('',(75.4273155994534,-65.6560740637183,-106.498589643531));
#10662=CARTESIAN_POINT('Origin',(86.7325661883959,-68.1436127775527,-156.498589643531));
#10663=CARTESIAN_POINT('',(86.7325661883959,-68.1436127775527,-156.498589643531));
#10664=CARTESIAN_POINT('',(78.6160223124401,-61.8022737103574,-156.498589643531));
#10665=CARTESIAN_POINT('',(86.7325661883959,-68.1436127775527,-156.498589643531));
#10666=CARTESIAN_POINT('',(78.6160223124401,-61.8022737103574,-116.498589643531));
#10667=CARTESIAN_POINT('',(78.6160223124401,-61.8022737103574,-106.498589643531));
#10668=CARTESIAN_POINT('',(86.7325661883959,-68.1436127775527,-116.498589643531));
#10669=CARTESIAN_POINT('',(86.7325661883959,-68.1436127775527,-116.498589643531));
#10670=CARTESIAN_POINT('',(86.7325661883959,-68.1436127775527,-156.498589643531));
#10671=CARTESIAN_POINT('Origin',(4.29878355134861E-12,1.78523862359725E-12,
-156.498589643531));
#10672=CARTESIAN_POINT('',(102.380382865212,-41.0407992657844,-156.498589643531));
#10673=CARTESIAN_POINT('Origin',(4.29878355134861E-12,1.78523862359725E-12,
-156.498589643531));
#10674=CARTESIAN_POINT('',(102.380382865212,-41.0407992657844,-116.498589643531));
#10675=CARTESIAN_POINT('Origin',(4.29878355134861E-12,1.78523862359725E-12,
-116.498589643531));
#10676=CARTESIAN_POINT('',(102.380382865212,-41.0407992657844,-156.498589643531));
#10677=CARTESIAN_POINT('Origin',(92.8303502010309,-37.182335611873,-156.498589643531));
#10678=CARTESIAN_POINT('',(92.8303502010309,-37.182335611873,-156.498589643531));
#10679=CARTESIAN_POINT('',(92.5521937891951,-37.0699531266071,-156.498589643531));
#10680=CARTESIAN_POINT('',(92.8303502010309,-37.182335611873,-116.498589643531));
#10681=CARTESIAN_POINT('',(92.5521937891951,-37.0699531266071,-116.498589643531));
#10682=CARTESIAN_POINT('',(92.8303502010309,-37.182335611873,-106.498589643531));
#10683=CARTESIAN_POINT('Origin',(108.776710918362,-38.2324098349144,-156.498589643531));
#10684=CARTESIAN_POINT('',(94.5734858516613,-32.493934416528,-156.498589643531));
#10685=CARTESIAN_POINT('',(108.776710918362,-38.2324098349144,-156.498589643531));
#10686=CARTESIAN_POINT('',(89.6521070665434,-30.5055683200717,-156.498589643531));
#10687=CARTESIAN_POINT('',(94.5734858516613,-32.493934416528,-116.498589643531));
#10688=CARTESIAN_POINT('',(94.5734858516613,-32.493934416528,-106.498589643531));
#10689=CARTESIAN_POINT('',(108.776710918362,-38.2324098349144,-116.498589643531));
#10690=CARTESIAN_POINT('',(89.6521070665434,-30.5055683200717,-116.498589643531));
#10691=CARTESIAN_POINT('',(108.776710918362,-38.2324098349144,-156.498589643531));
#10692=CARTESIAN_POINT('Origin',(4.29878355134861E-12,1.78523862359725E-12,
-156.498589643531));
#10693=CARTESIAN_POINT('Origin',(4.29878355134861E-12,1.78523862359725E-12,
-156.498589643531));
#10694=CARTESIAN_POINT('Origin',(4.29878355134861E-12,1.78523862359725E-12,
-116.498589643531));
#10695=CARTESIAN_POINT('Origin',(92.1020132589079,-53.7905622472416,-116.498589643531));
#10696=CARTESIAN_POINT('Origin',(0.,0.,-116.498589643531));
#10697=CARTESIAN_POINT('Origin',(0.,0.,-116.498589643531));
#10698=CARTESIAN_POINT('Origin',(19.1461702522139,98.1500084802505,-156.498589643531));
#10699=CARTESIAN_POINT('',(21.278117294249,113.319599912874,-156.498589643531));
#10700=CARTESIAN_POINT('',(19.1461702522139,98.1500084802505,-156.498589643531));
#10701=CARTESIAN_POINT('',(21.278117294249,113.319599912874,-156.498589643531));
#10702=CARTESIAN_POINT('',(21.278117294249,113.319599912874,-116.498589643531));
#10703=CARTESIAN_POINT('',(21.278117294249,113.319599912874,-156.498589643531));
#10704=CARTESIAN_POINT('',(19.1461702522139,98.1500084802505,-116.498589643531));
#10705=CARTESIAN_POINT('',(21.278117294249,113.319599912874,-116.498589643531));
#10706=CARTESIAN_POINT('',(19.1461702522139,98.1500084802505,-106.498589643531));
#10707=CARTESIAN_POINT('Origin',(15.6478166768206,109.184412043341,-156.498589643531));
#10708=CARTESIAN_POINT('',(15.6478166768206,109.184412043341,-156.498589643531));
#10709=CARTESIAN_POINT('',(14.2143278885966,98.9846093222349,-156.498589643531));
#10710=CARTESIAN_POINT('',(15.6478166768206,109.184412043341,-156.498589643531));
#10711=CARTESIAN_POINT('',(14.2143278885966,98.9846093222349,-116.498589643531));
#10712=CARTESIAN_POINT('',(14.2143278885966,98.9846093222349,-106.498589643531));
#10713=CARTESIAN_POINT('',(15.6478166768206,109.184412043341,-116.498589643531));
#10714=CARTESIAN_POINT('',(15.6478166768206,109.184412043341,-116.498589643531));
#10715=CARTESIAN_POINT('',(15.6478166768206,109.184412043341,-156.498589643531));
#10716=CARTESIAN_POINT('Origin',(4.29878355134861E-12,1.78523862359725E-12,
-156.498589643531));
#10717=CARTESIAN_POINT('',(-15.6478166768109,109.184412043342,-156.498589643531));
#10718=CARTESIAN_POINT('Origin',(4.29878355134861E-12,1.78523862359725E-12,
-156.498589643531));
#10719=CARTESIAN_POINT('',(-15.6478166768109,109.184412043342,-116.498589643531));
#10720=CARTESIAN_POINT('Origin',(4.29878355134861E-12,1.78523862359725E-12,
-116.498589643531));
#10721=CARTESIAN_POINT('',(-15.6478166768109,109.184412043342,-156.498589643531));
#10722=CARTESIAN_POINT('Origin',(-14.2143278885869,98.9846093222363,-156.498589643531));
#10723=CARTESIAN_POINT('',(-14.2143278885869,98.9846093222363,-156.498589643531));
#10724=CARTESIAN_POINT('',(-14.1725757698494,98.6875275607258,-156.498589643531));
#10725=CARTESIAN_POINT('',(-14.2143278885869,98.9846093222363,-116.498589643531));
#10726=CARTESIAN_POINT('',(-14.1725757698494,98.6875275607258,-116.498589643531));
#10727=CARTESIAN_POINT('',(-14.2143278885869,98.9846093222363,-106.498589643531));
#10728=CARTESIAN_POINT('Origin',(-21.2781172942394,113.319599912874,-156.498589643531));
#10729=CARTESIAN_POINT('',(-19.1461702522043,98.1500084802524,-156.498589643531));
#10730=CARTESIAN_POINT('',(-21.2781172942394,113.319599912874,-156.498589643531));
#10731=CARTESIAN_POINT('',(-18.4074564111999,92.8937863824638,-156.498589643531));
#10732=CARTESIAN_POINT('',(-19.1461702522043,98.1500084802524,-116.498589643531));
#10733=CARTESIAN_POINT('',(-19.1461702522043,98.1500084802524,-106.498589643531));
#10734=CARTESIAN_POINT('',(-21.2781172942394,113.319599912874,-116.498589643531));
#10735=CARTESIAN_POINT('',(-18.4074564111999,92.8937863824638,-116.498589643531));
#10736=CARTESIAN_POINT('',(-21.2781172942394,113.319599912874,-156.498589643531));
#10737=CARTESIAN_POINT('Origin',(4.29878355134861E-12,1.78523862359725E-12,
-156.498589643531));
#10738=CARTESIAN_POINT('Origin',(4.29878355134861E-12,1.78523862359725E-12,
-156.498589643531));
#10739=CARTESIAN_POINT('Origin',(4.29878355134861E-12,1.78523862359725E-12,
-116.498589643531));
#10740=CARTESIAN_POINT('Origin',(4.81836792687318E-12,106.725004240128,
-116.498589643531));
#10741=CARTESIAN_POINT('Origin',(0.,0.,-116.498589643531));
#10742=CARTESIAN_POINT('Origin',(0.,0.,-116.498589643531));
#10743=CARTESIAN_POINT('Origin',(4.29878355134861E-12,1.78523862359725E-12,
-156.498589643531));
#10744=CARTESIAN_POINT('',(-87.4985936241103,-75.0871900779544,-156.498589643531));
#10745=CARTESIAN_POINT('',(-108.776710918354,-38.2324098349134,-156.498589643531));
#10746=CARTESIAN_POINT('Origin',(4.29878355134861E-12,1.78523862359725E-12,
-156.498589643531));
#10747=CARTESIAN_POINT('',(-87.4985936241103,-75.0871900779544,-116.498589643531));
#10748=CARTESIAN_POINT('',(-87.4985936241103,-75.0871900779544,-156.498589643531));
#10749=CARTESIAN_POINT('',(-108.776710918354,-38.2324098349134,-116.498589643531));
#10750=CARTESIAN_POINT('Origin',(4.29878355134861E-12,1.78523862359725E-12,
-116.498589643531));
#10751=CARTESIAN_POINT('',(-108.776710918354,-38.2324098349134,-156.498589643531));
#10752=CARTESIAN_POINT('Origin',(-94.5734858516606,-32.4939344165298,-156.498589643531));
#10753=CARTESIAN_POINT('',(-94.5734858516606,-32.4939344165298,-156.498589643531));
#10754=CARTESIAN_POINT('',(-108.776710918354,-38.2324098349134,-156.498589643531));
#10755=CARTESIAN_POINT('',(-94.5734858516606,-32.4939344165298,-116.498589643531));
#10756=CARTESIAN_POINT('',(-108.776710918354,-38.2324098349134,-116.498589643531));
#10757=CARTESIAN_POINT('',(-94.5734858516606,-32.4939344165298,-106.498589643531));
#10758=CARTESIAN_POINT('Origin',(-102.380382865204,-41.0407992657833,-156.498589643531));
#10759=CARTESIAN_POINT('',(-102.380382865204,-41.0407992657833,-156.498589643531));
#10760=CARTESIAN_POINT('',(-92.8303502010302,-37.1823356118748,-156.498589643531));
#10761=CARTESIAN_POINT('',(-102.380382865204,-41.0407992657833,-156.498589643531));
#10762=CARTESIAN_POINT('',(-92.8303502010302,-37.1823356118748,-116.498589643531));
#10763=CARTESIAN_POINT('',(-92.8303502010302,-37.1823356118748,-106.498589643531));
#10764=CARTESIAN_POINT('',(-102.380382865204,-41.0407992657833,-116.498589643531));
#10765=CARTESIAN_POINT('',(-102.380382865204,-41.0407992657833,-116.498589643531));
#10766=CARTESIAN_POINT('',(-102.380382865204,-41.0407992657833,-156.498589643531));
#10767=CARTESIAN_POINT('Origin',(4.29878355134861E-12,1.78523862359725E-12,
-156.498589643531));
#10768=CARTESIAN_POINT('',(-86.732566188388,-68.1436127775518,-156.498589643531));
#10769=CARTESIAN_POINT('Origin',(4.29878355134861E-12,1.78523862359725E-12,
-156.498589643531));
#10770=CARTESIAN_POINT('',(-86.732566188388,-68.1436127775518,-116.498589643531));
#10771=CARTESIAN_POINT('Origin',(4.29878355134861E-12,1.78523862359725E-12,
-116.498589643531));
#10772=CARTESIAN_POINT('',(-86.732566188388,-68.1436127775518,-156.498589643531));
#10773=CARTESIAN_POINT('Origin',(-78.6160223124376,-61.8022737103605,-156.498589643531));
#10774=CARTESIAN_POINT('',(-78.6160223124376,-61.8022737103605,-156.498589643531));
#10775=CARTESIAN_POINT('',(-78.3796180193328,-61.6175744341133,-156.498589643531));
#10776=CARTESIAN_POINT('',(-78.6160223124376,-61.8022737103605,-116.498589643531));
#10777=CARTESIAN_POINT('',(-78.3796180193328,-61.6175744341133,-116.498589643531));
#10778=CARTESIAN_POINT('',(-78.6160223124376,-61.8022737103605,-106.498589643531));
#10779=CARTESIAN_POINT('Origin',(-87.4985936241103,-75.0871900779544,-156.498589643531));
#10780=CARTESIAN_POINT('',(-75.4273155994507,-65.6560740637213,-156.498589643531));
#10781=CARTESIAN_POINT('',(-71.2446506553307,-62.3882180623867,-156.498589643531));
#10782=CARTESIAN_POINT('',(-75.4273155994507,-65.6560740637213,-116.498589643531));
#10783=CARTESIAN_POINT('',(-75.4273155994507,-65.6560740637213,-106.498589643531));
#10784=CARTESIAN_POINT('',(-71.2446506553307,-62.3882180623867,-116.498589643531));
#10785=CARTESIAN_POINT('Origin',(-92.1020132589025,-53.7905622472421,-116.498589643531));
#10786=CARTESIAN_POINT('Origin',(0.,0.,-116.498589643531));
#10787=CARTESIAN_POINT('Origin',(0.,0.,-116.498589643531));
#10788=CARTESIAN_POINT('Origin',(-59.142864562044,50.2788179070696,-151.498589643531));
#10789=CARTESIAN_POINT('',(-57.642864562044,50.2788179070696,-151.498589643531));
#10790=CARTESIAN_POINT('Origin',(-59.142864562044,50.2788179070696,-151.498589643531));
#10791=CARTESIAN_POINT('',(-57.642864562044,50.2788179070696,-156.498589643531));
#10792=CARTESIAN_POINT('',(-57.642864562044,50.2788179070696,-151.498589643531));
#10793=CARTESIAN_POINT('Origin',(-59.142864562044,50.2788179070696,-156.498589643531));
#10794=CARTESIAN_POINT('Origin',(30.857135437956,50.2788179070696,-151.498589643531));
#10795=CARTESIAN_POINT('',(32.357135437956,50.2788179070696,-151.498589643531));
#10796=CARTESIAN_POINT('Origin',(30.857135437956,50.2788179070696,-151.498589643531));
#10797=CARTESIAN_POINT('',(32.357135437956,50.2788179070696,-156.498589643531));
#10798=CARTESIAN_POINT('',(32.357135437956,50.2788179070696,-151.498589643531));
#10799=CARTESIAN_POINT('Origin',(30.857135437956,50.2788179070696,-156.498589643531));
#10800=CARTESIAN_POINT('Origin',(77.4999999999999,6.85816558700874,-151.498589643531));
#10801=CARTESIAN_POINT('',(88.5,5.89579028822356,-139.998589643531));
#10802=CARTESIAN_POINT('',(77.4999999999999,6.85816558700874,-139.998589643531));
#10803=CARTESIAN_POINT('',(77.3015250508274,6.87552989505522,-139.998589643531));
#10804=CARTESIAN_POINT('',(77.4999999999999,6.85816558700874,-151.498589643531));
#10805=CARTESIAN_POINT('',(77.4999999999999,6.85816558700874,-151.498589643531));
#10806=CARTESIAN_POINT('',(88.5,5.89579028822356,-151.498589643531));
#10807=CARTESIAN_POINT('',(39.342076774469,10.1965512929353,-151.498589643531));
#10808=CARTESIAN_POINT('',(88.5,5.89579028822356,-151.498589643531));
#10809=CARTESIAN_POINT('Origin',(77.4999999999999,8.00000000000003,-151.498589643531));
#10810=CARTESIAN_POINT('',(77.4999999999999,8.00000000000003,-139.998589643531));
#10811=CARTESIAN_POINT('',(77.4999999999999,4.00000000000001,-139.998589643531));
#10812=CARTESIAN_POINT('',(77.4999999999999,8.00000000000003,-151.498589643531));
#10813=CARTESIAN_POINT('',(77.4999999999999,8.00000000000003,-151.498589643531));
#10814=CARTESIAN_POINT('',(77.4999999999999,4.,-151.498589643531));
#10815=CARTESIAN_POINT('Origin',(64.4999999999999,8.00000000000004,-151.498589643531));
#10816=CARTESIAN_POINT('',(64.4999999999999,8.00000000000001,-139.998589643531));
#10817=CARTESIAN_POINT('',(70.4999999999999,8.00000000000004,-139.998589643531));
#10818=CARTESIAN_POINT('',(64.4999999999999,8.00000000000001,-151.498589643531));
#10819=CARTESIAN_POINT('',(64.4999999999999,8.00000000000001,-151.498589643531));
#10820=CARTESIAN_POINT('',(32.25,8.00000000000006,-151.498589643531));
#10821=CARTESIAN_POINT('Origin',(64.4999999999999,11.0000001639128,-151.498589643531));
#10822=CARTESIAN_POINT('',(64.4999999999999,11.0000001639128,-139.998589643531));
#10823=CARTESIAN_POINT('',(64.4999999999999,5.50000008195638,-139.998589643531));
#10824=CARTESIAN_POINT('',(64.4999999999999,11.0000001639128,-151.498589643531));
#10825=CARTESIAN_POINT('',(64.4999999999999,11.0000001639128,-151.498589643531));
#10826=CARTESIAN_POINT('',(64.4999999999999,5.50000008195639,-151.498589643531));
#10827=CARTESIAN_POINT('Origin',(88.5,11.0000001639128,-151.498589643531));
#10828=CARTESIAN_POINT('',(88.5,11.0000001639128,-139.998589643531));
#10829=CARTESIAN_POINT('',(82.5,11.0000001639128,-139.998589643531));
#10830=CARTESIAN_POINT('',(88.5,11.0000001639128,-151.498589643531));
#10831=CARTESIAN_POINT('',(88.5,11.0000001639128,-151.498589643531));
#10832=CARTESIAN_POINT('',(44.25,11.0000001639128,-151.498589643531));
#10833=CARTESIAN_POINT('Origin',(88.5,5.89579028822356,-151.498589643531));
#10834=CARTESIAN_POINT('',(88.5,2.94789514411178,-139.998589643531));
#10835=CARTESIAN_POINT('',(88.5,2.94789514411179,-151.498589643531));
#10836=CARTESIAN_POINT('Origin',(76.4999999999999,-6.66133814775094E-15,
-139.998589643531));
#10837=CARTESIAN_POINT('Origin',(88.5,-11.0000001639128,-151.498589643531));
#10838=CARTESIAN_POINT('',(88.5,-5.89579028822357,-139.998589643531));
#10839=CARTESIAN_POINT('',(88.5,-11.0000001639128,-139.998589643531));
#10840=CARTESIAN_POINT('',(88.5,-5.50000008195639,-139.998589643531));
#10841=CARTESIAN_POINT('',(88.5,-11.0000001639128,-151.498589643531));
#10842=CARTESIAN_POINT('',(88.5,-11.0000001639128,-151.498589643531));
#10843=CARTESIAN_POINT('',(88.5,-5.89579028822357,-151.498589643531));
#10844=CARTESIAN_POINT('',(88.5,-5.50000008195638,-151.498589643531));
#10845=CARTESIAN_POINT('',(88.5,-5.89579028822357,-151.498589643531));
#10846=CARTESIAN_POINT('Origin',(64.4999999999999,-11.0000001639128,-151.498589643531));
#10847=CARTESIAN_POINT('',(64.4999999999999,-11.0000001639128,-139.998589643531));
#10848=CARTESIAN_POINT('',(70.4999999999999,-11.0000001639128,-139.998589643531));
#10849=CARTESIAN_POINT('',(64.4999999999999,-11.0000001639128,-151.498589643531));
#10850=CARTESIAN_POINT('',(64.4999999999999,-11.0000001639128,-151.498589643531));
#10851=CARTESIAN_POINT('',(32.25,-11.0000001639128,-151.498589643531));
#10852=CARTESIAN_POINT('Origin',(64.4999999999999,-8.00000000000003,-151.498589643531));
#10853=CARTESIAN_POINT('',(64.4999999999999,-8.00000000000003,-139.998589643531));
#10854=CARTESIAN_POINT('',(64.4999999999999,-4.00000000000002,-139.998589643531));
#10855=CARTESIAN_POINT('',(64.4999999999999,-8.00000000000003,-151.498589643531));
#10856=CARTESIAN_POINT('',(64.4999999999999,-8.00000000000003,-151.498589643531));
#10857=CARTESIAN_POINT('',(64.4999999999999,-4.,-151.498589643531));
#10858=CARTESIAN_POINT('Origin',(77.4999999999999,-8.00000000000003,-151.498589643531));
#10859=CARTESIAN_POINT('',(77.4999999999999,-8.00000000000003,-139.998589643531));
#10860=CARTESIAN_POINT('',(76.9999999999999,-8.00000000000003,-139.998589643531));
#10861=CARTESIAN_POINT('',(77.4999999999999,-8.00000000000003,-151.498589643531));
#10862=CARTESIAN_POINT('',(77.4999999999999,-8.00000000000003,-151.498589643531));
#10863=CARTESIAN_POINT('',(38.75,-8.00000000000001,-151.498589643531));
#10864=CARTESIAN_POINT('Origin',(77.4999999999999,-6.85816558700874,-151.498589643531));
#10865=CARTESIAN_POINT('',(77.4999999999999,-6.85816558700874,-139.998589643531));
#10866=CARTESIAN_POINT('',(77.4999999999999,-3.42908279350437,-139.998589643531));
#10867=CARTESIAN_POINT('',(77.4999999999999,-6.85816558700874,-151.498589643531));
#10868=CARTESIAN_POINT('',(77.4999999999999,-6.85816558700874,-151.498589643531));
#10869=CARTESIAN_POINT('',(77.4999999999999,-3.42908279350438,-151.498589643531));
#10870=CARTESIAN_POINT('Origin',(88.5,-5.89579028822357,-151.498589643531));
#10871=CARTESIAN_POINT('',(82.8015250508275,-6.39434224566264,-139.998589643531));
#10872=CARTESIAN_POINT('',(44.842076774469,-9.71536364354266,-151.498589643531));
#10873=CARTESIAN_POINT('Origin',(76.4999999999999,-6.66133814775094E-15,
-139.998589643531));
#10874=CARTESIAN_POINT('Origin',(100.,-2.1094237467878E-14,-145.748589643531));
#10875=CARTESIAN_POINT('',(100.,-5.55111512312574E-14,-150.598589643531));
#10876=CARTESIAN_POINT('',(100.,-2.16493489801906E-14,-140.898589643531));
#10877=CARTESIAN_POINT('Ctrl Pts',(100.,-2.24820162486594E-14,-150.598589643531));
#10878=CARTESIAN_POINT('Ctrl Pts',(100.,-0.609079251167637,-150.598589643531));
#10879=CARTESIAN_POINT('Ctrl Pts',(99.9938636733525,-1.25869144003428,-150.476845462689));
#10880=CARTESIAN_POINT('Ctrl Pts',(99.9716805325279,-2.45360305880701,-149.981855433669));
#10881=CARTESIAN_POINT('Ctrl Pts',(99.9559509655985,-2.99891054770676,-149.608614873334));
#10882=CARTESIAN_POINT('Ctrl Pts',(99.9264019295373,-3.86002531031175,-148.747500110729));
#10883=CARTESIAN_POINT('Ctrl Pts',(99.9106642833545,-4.23326581077299,-148.202192658701));
#10884=CARTESIAN_POINT('Ctrl Pts',(99.8884626683337,-4.72825578676718,-147.00728115558));
#10885=CARTESIAN_POINT('Ctrl Pts',(99.8823182550345,-4.85000000000002,-146.357669008589));
#10886=CARTESIAN_POINT('Ctrl Pts',(99.8823182550345,-4.85000000000002,-145.139510278473));
#10887=CARTESIAN_POINT('Ctrl Pts',(99.8884626683337,-4.72825578676718,-144.489898131481));
#10888=CARTESIAN_POINT('Ctrl Pts',(99.9106642833545,-4.23326581077298,-143.294986628361));
#10889=CARTESIAN_POINT('Ctrl Pts',(99.9264019295373,-3.86002531031175,-142.749679176333));
#10890=CARTESIAN_POINT('Ctrl Pts',(99.9559509655985,-2.99891054770676,-141.888564413728));
#10891=CARTESIAN_POINT('Ctrl Pts',(99.9716805325279,-2.45360305880701,-141.515323853393));
#10892=CARTESIAN_POINT('Ctrl Pts',(99.9938636733524,-1.25869144003428,-141.020333824373));
#10893=CARTESIAN_POINT('Ctrl Pts',(100.,-0.609079251167638,-140.898589643531));
#10894=CARTESIAN_POINT('Ctrl Pts',(100.,-2.26207941267376E-14,-140.898589643531));
#10895=CARTESIAN_POINT('Ctrl Pts',(100.,-2.08166817117217E-14,-140.898589643531));
#10896=CARTESIAN_POINT('Ctrl Pts',(100.,0.609079251167594,-140.898589643531));
#10897=CARTESIAN_POINT('Ctrl Pts',(99.9938636733525,1.25869144003424,-141.020333824373));
#10898=CARTESIAN_POINT('Ctrl Pts',(99.9716805325279,2.45360305880698,-141.515323853393));
#10899=CARTESIAN_POINT('Ctrl Pts',(99.9559509655985,2.99891054770671,-141.888564413728));
#10900=CARTESIAN_POINT('Ctrl Pts',(99.9264019295373,3.86002531031171,-142.749679176333));
#10901=CARTESIAN_POINT('Ctrl Pts',(99.9106642833545,4.23326581077295,-143.294986628361));
#10902=CARTESIAN_POINT('Ctrl Pts',(99.8884626683337,4.72825578676714,-144.489898131481));
#10903=CARTESIAN_POINT('Ctrl Pts',(99.8823182550345,4.84999999999998,-145.139510278473));
#10904=CARTESIAN_POINT('Ctrl Pts',(99.8823182550345,4.84999999999998,-145.748589643531));
#10905=CARTESIAN_POINT('Ctrl Pts',(99.8823182550345,4.84999999999998,-146.357669008589));
#10906=CARTESIAN_POINT('Ctrl Pts',(99.8884626683337,4.72825578676714,-147.00728115558));
#10907=CARTESIAN_POINT('Ctrl Pts',(99.9106642833545,4.23326581077294,-148.202192658701));
#10908=CARTESIAN_POINT('Ctrl Pts',(99.9264019295373,3.86002531031171,-148.747500110729));
#10909=CARTESIAN_POINT('Ctrl Pts',(99.9559509655985,2.99891054770671,-149.608614873334));
#10910=CARTESIAN_POINT('Ctrl Pts',(99.9716805325279,2.45360305880697,-149.981855433669));
#10911=CARTESIAN_POINT('Ctrl Pts',(99.9938636733525,1.25869144003423,-150.476845462689));
#10912=CARTESIAN_POINT('Ctrl Pts',(100.,0.609079251167593,-150.598589643531));
#10913=CARTESIAN_POINT('Ctrl Pts',(100.,-2.13717932240343E-14,-150.598589643531));
#10914=CARTESIAN_POINT('',(96.,-1.89237592650298E-14,-140.898589643531));
#10915=CARTESIAN_POINT('',(100.,-2.05002837702915E-14,-140.898589643531));
#10916=CARTESIAN_POINT('',(95.877408705075,4.84999999999998,-145.748589643531));
#10917=CARTESIAN_POINT('Ctrl Pts',(95.877408705075,4.84999999999998,-145.748589643531));
#10918=CARTESIAN_POINT('Ctrl Pts',(95.877408705075,4.84999999999998,-145.139501539701));
#10919=CARTESIAN_POINT('Ctrl Pts',(95.8838099871645,4.72825237366909,-144.489885634649));
#10920=CARTESIAN_POINT('Ctrl Pts',(95.9069387426358,4.23325986827906,-143.294976540768));
#10921=CARTESIAN_POINT('Ctrl Pts',(95.9233332031626,3.86002069831767,-142.749674564339));
#10922=CARTESIAN_POINT('Ctrl Pts',(95.95411466057,2.9989151739978,-141.888569040019));
#10923=CARTESIAN_POINT('Ctrl Pts',(95.9704999882805,2.45361315432208,-141.515329799185));
#10924=CARTESIAN_POINT('Ctrl Pts',(95.9936078598025,1.25870392394006,-141.020337232099));
#10925=CARTESIAN_POINT('Ctrl Pts',(96.,0.609087969711264,-140.898589643531));
#10926=CARTESIAN_POINT('Ctrl Pts',(96.,-1.63757896132211E-14,-140.898589643531));
#10927=CARTESIAN_POINT('Ctrl Pts',(96.,-2.02615701994091E-14,-140.898589643531));
#10928=CARTESIAN_POINT('Ctrl Pts',(96.,-0.6090879697113,-140.898589643531));
#10929=CARTESIAN_POINT('Ctrl Pts',(95.9936078598025,-1.2587039239401,-141.020337232099));
#10930=CARTESIAN_POINT('Ctrl Pts',(95.9704999882805,-2.45361315432212,-141.515329799185));
#10931=CARTESIAN_POINT('Ctrl Pts',(95.9541146605701,-2.99891517399784,-141.888569040019));
#10932=CARTESIAN_POINT('Ctrl Pts',(95.9233332031626,-3.86002069831771,-142.749674564339));
#10933=CARTESIAN_POINT('Ctrl Pts',(95.9069387426358,-4.2332598682791,-143.294976540768));
#10934=CARTESIAN_POINT('Ctrl Pts',(95.8838099871645,-4.72825237366913,-144.489885634649));
#10935=CARTESIAN_POINT('Ctrl Pts',(95.877408705075,-4.85000000000002,-145.139501539701));
#10936=CARTESIAN_POINT('Ctrl Pts',(95.877408705075,-4.85000000000002,-146.357677747361));
#10937=CARTESIAN_POINT('Ctrl Pts',(95.8838099871645,-4.72825237366913,-147.007293652413));
#10938=CARTESIAN_POINT('Ctrl Pts',(95.9069387426358,-4.2332598682791,-148.202202746294));
#10939=CARTESIAN_POINT('Ctrl Pts',(95.9233332031626,-3.86002069831772,-148.747504722723));
#10940=CARTESIAN_POINT('Ctrl Pts',(95.9541146605701,-2.99891517399784,-149.608610247043));
#10941=CARTESIAN_POINT('Ctrl Pts',(95.9704999882805,-2.45361315432211,-149.981849487877));
#10942=CARTESIAN_POINT('Ctrl Pts',(95.9936078598025,-1.2587039239401,-150.476842054962));
#10943=CARTESIAN_POINT('Ctrl Pts',(96.,-0.609087969711301,-150.598589643531));
#10944=CARTESIAN_POINT('Ctrl Pts',(96.,0.60908796971126,-150.598589643531));
#10945=CARTESIAN_POINT('Ctrl Pts',(95.9936078598025,1.25870392394006,-150.476842054962));
#10946=CARTESIAN_POINT('Ctrl Pts',(95.9704999882805,2.45361315432208,-149.981849487877));
#10947=CARTESIAN_POINT('Ctrl Pts',(95.95411466057,2.9989151739978,-149.608610247043));
#10948=CARTESIAN_POINT('Ctrl Pts',(95.9233332031626,3.86002069831767,-148.747504722723));
#10949=CARTESIAN_POINT('Ctrl Pts',(95.9069387426358,4.23325986827905,-148.202202746294));
#10950=CARTESIAN_POINT('Ctrl Pts',(95.8838099871645,4.72825237366908,-147.007293652413));
#10951=CARTESIAN_POINT('Ctrl Pts',(95.877408705075,4.84999999999998,-146.357677747361));
#10952=CARTESIAN_POINT('Ctrl Pts',(95.877408705075,4.84999999999998,-145.748589643531));
#10953=CARTESIAN_POINT('Origin',(83.1384400021654,48.0000007152558,-106.498589643531));
#10954=CARTESIAN_POINT('',(80.5384400021654,48.0000007152558,-106.498589643531));
#10955=CARTESIAN_POINT('Origin',(83.1384400021654,48.0000007152558,-106.498589643531));
#10956=CARTESIAN_POINT('',(80.5384400021654,48.0000007152558,-112.498589643531));
#10957=CARTESIAN_POINT('',(80.5384400021654,48.0000007152558,-106.498589643531));
#10958=CARTESIAN_POINT('Origin',(83.1384400021654,48.0000007152558,-112.498589643531));
#10959=CARTESIAN_POINT('Origin',(83.1384400021654,48.0000007152558,-112.498589643531));
#10960=CARTESIAN_POINT('',(81.0884400021654,48.0000007152558,-112.498589643531));
#10961=CARTESIAN_POINT('Origin',(83.1384400021654,48.0000007152558,-112.498589643531));
#10962=CARTESIAN_POINT('Origin',(5.32907051820075E-14,-96.0000014305115,
-106.498589643531));
#10963=CARTESIAN_POINT('',(-2.59999999999995,-96.0000014305115,-106.498589643531));
#10964=CARTESIAN_POINT('Origin',(5.32907051820075E-14,-96.0000014305115,
-106.498589643531));
#10965=CARTESIAN_POINT('',(-2.59999999999995,-96.0000014305115,-112.498589643531));
#10966=CARTESIAN_POINT('',(-2.59999999999995,-96.0000014305115,-106.498589643531));
#10967=CARTESIAN_POINT('Origin',(5.32907051820075E-14,-96.0000014305115,
-112.498589643531));
#10968=CARTESIAN_POINT('Origin',(5.32907051820075E-14,-96.0000014305115,
-112.498589643531));
#10969=CARTESIAN_POINT('',(-2.04999999999995,-96.0000014305115,-112.498589643531));
#10970=CARTESIAN_POINT('Origin',(5.32907051820075E-14,-96.0000014305115,
-112.498589643531));
#10971=CARTESIAN_POINT('Origin',(-83.1384400021654,48.0000007152557,-106.498589643531));
#10972=CARTESIAN_POINT('',(-85.7384400021654,48.0000007152557,-106.498589643531));
#10973=CARTESIAN_POINT('Origin',(-83.1384400021654,48.0000007152557,-106.498589643531));
#10974=CARTESIAN_POINT('',(-85.7384400021654,48.0000007152557,-112.498589643531));
#10975=CARTESIAN_POINT('',(-85.7384400021654,48.0000007152557,-106.498589643531));
#10976=CARTESIAN_POINT('Origin',(-83.1384400021654,48.0000007152557,-112.498589643531));
#10977=CARTESIAN_POINT('Origin',(-83.1384400021654,48.0000007152557,-112.498589643531));
#10978=CARTESIAN_POINT('',(-85.1884400021654,48.0000007152557,-112.498589643531));
#10979=CARTESIAN_POINT('Origin',(-83.1384400021654,48.0000007152557,-112.498589643531));
#10980=CARTESIAN_POINT('Origin',(-83.1384400021654,48.0000007152557,-116.498589643531));
#10981=CARTESIAN_POINT('',(-85.1884400021654,48.0000007152557,-116.498589643531));
#10982=CARTESIAN_POINT('Origin',(-83.1384400021654,48.0000007152557,-116.498589643531));
#10983=CARTESIAN_POINT('Origin',(-83.1384400021654,48.0000007152557,-106.498589643531));
#10984=CARTESIAN_POINT('',(-85.1884400021654,48.0000007152557,-106.498589643531));
#10985=CARTESIAN_POINT('Origin',(83.1384400021654,48.0000007152558,-116.498589643531));
#10986=CARTESIAN_POINT('',(81.0884400021654,48.0000007152558,-116.498589643531));
#10987=CARTESIAN_POINT('Origin',(83.1384400021654,48.0000007152558,-116.498589643531));
#10988=CARTESIAN_POINT('Origin',(83.1384400021654,48.0000007152558,-106.498589643531));
#10989=CARTESIAN_POINT('',(81.0884400021654,48.0000007152558,-106.498589643531));
#10990=CARTESIAN_POINT('Origin',(5.32907051820075E-14,-96.0000014305115,
-116.498589643531));
#10991=CARTESIAN_POINT('',(-2.04999999999995,-96.0000014305115,-116.498589643531));
#10992=CARTESIAN_POINT('Origin',(5.32907051820075E-14,-96.0000014305115,
-116.498589643531));
#10993=CARTESIAN_POINT('Origin',(5.32907051820075E-14,-96.0000014305115,
-106.498589643531));
#10994=CARTESIAN_POINT('',(-2.04999999999995,-96.0000014305115,-106.498589643531));
#10995=CARTESIAN_POINT('Origin',(1.77635683940025E-14,1.77635683940025E-14,
-151.498589643531));
#10996=CARTESIAN_POINT('',(-81.0667048369166,51.421681875297,-151.498589643531));
#10997=CARTESIAN_POINT('',(-85.0658352277873,44.494984852216,-151.498589643531));
#10998=CARTESIAN_POINT('Origin',(-83.1384400021654,48.0000007152557,-151.498589643531));
#10999=CARTESIAN_POINT('',(-3.9991303908708,-95.9166667275131,-151.498589643531));
#11000=CARTESIAN_POINT('Origin',(0.,0.,-151.498589643531));
#11001=CARTESIAN_POINT('',(3.9991303908708,-95.9166667275131,-151.498589643531));
#11002=CARTESIAN_POINT('Origin',(0.,-96.0000014305115,-151.498589643531));
#11003=CARTESIAN_POINT('',(85.0658352277873,44.4949848522161,-151.498589643531));
#11004=CARTESIAN_POINT('Origin',(0.,0.,-151.498589643531));
#11005=CARTESIAN_POINT('',(81.0667048369165,51.4216818752971,-151.498589643531));
#11006=CARTESIAN_POINT('Origin',(83.1384400021654,48.0000007152558,-151.498589643531));
#11007=CARTESIAN_POINT('Origin',(0.,0.,-151.498589643531));
#11008=CARTESIAN_POINT('Origin',(1.77635683940025E-14,1.77635683940025E-14,
-156.498589643531));
#11009=CARTESIAN_POINT('Origin',(1.77635683940025E-14,1.88737914186277E-14,
-156.498589643531));
#11010=CARTESIAN_POINT('',(-100.,1.22464679914735E-14,-156.498589643531));
#11011=CARTESIAN_POINT('Origin',(1.77635683940025E-14,1.88737914186277E-14,
-156.498589643531));
#11012=CARTESIAN_POINT('Origin',(1.77635683940025E-14,1.88737914186277E-14,
-156.498589643531));
#11013=CARTESIAN_POINT('Origin',(1.77635683940025E-14,1.88737914186277E-14,
-156.498589643531));
#11014=CARTESIAN_POINT('Origin',(1.77635683940025E-14,1.88737914186277E-14,
-156.498589643531));
#11015=CARTESIAN_POINT('Origin',(1.77635683940025E-14,1.88737914186277E-14,
-156.498589643531));
#11016=CARTESIAN_POINT('Origin',(1.77635683940025E-14,1.88737914186277E-14,
-156.498589643531));
#11017=CARTESIAN_POINT('Origin',(-83.1384400021654,48.0000007152557,-106.498589643531));
#11018=CARTESIAN_POINT('',(-81.0667048369166,51.421681875297,-106.498589643531));
#11019=CARTESIAN_POINT('',(-85.0658352277873,44.494984852216,-106.498589643531));
#11020=CARTESIAN_POINT('Origin',(-83.1384400021654,48.0000007152557,-106.498589643531));
#11021=CARTESIAN_POINT('',(-85.0658352277873,44.494984852216,-106.498589643531));
#11022=CARTESIAN_POINT('',(-81.0667048369166,51.421681875297,-106.498589643531));
#11023=CARTESIAN_POINT('Origin',(0.,0.,-106.498589643531));
#11024=CARTESIAN_POINT('',(81.0667048369165,51.4216818752971,-106.498589643531));
#11025=CARTESIAN_POINT('Origin',(0.,0.,-106.498589643531));
#11026=CARTESIAN_POINT('',(81.0667048369165,51.4216818752971,-106.498589643531));
#11027=CARTESIAN_POINT('Origin',(83.1384400021654,48.0000007152558,-106.498589643531));
#11028=CARTESIAN_POINT('',(85.0658352277873,44.4949848522161,-106.498589643531));
#11029=CARTESIAN_POINT('Origin',(83.1384400021654,48.0000007152558,-106.498589643531));
#11030=CARTESIAN_POINT('',(85.0658352277873,44.4949848522161,-106.498589643531));
#11031=CARTESIAN_POINT('Origin',(0.,0.,-106.498589643531));
#11032=CARTESIAN_POINT('',(3.9991303908708,-95.9166667275131,-106.498589643531));
#11033=CARTESIAN_POINT('Origin',(0.,0.,-106.498589643531));
#11034=CARTESIAN_POINT('',(3.9991303908708,-95.9166667275131,-106.498589643531));
#11035=CARTESIAN_POINT('Origin',(0.,-96.0000014305115,-106.498589643531));
#11036=CARTESIAN_POINT('',(-3.9991303908708,-95.9166667275131,-106.498589643531));
#11037=CARTESIAN_POINT('Origin',(0.,-96.0000014305115,-106.498589643531));
#11038=CARTESIAN_POINT('',(-3.9991303908708,-95.9166667275131,-106.498589643531));
#11039=CARTESIAN_POINT('Origin',(0.,0.,-106.498589643531));
#11040=CARTESIAN_POINT('Origin',(0.,0.,-106.498589643531));
#11041=CARTESIAN_POINT('Origin',(0.,0.,-106.498589643531));
#11042=CARTESIAN_POINT('',(-100.,1.22464679914735E-14,-106.498589643531));
#11043=CARTESIAN_POINT('',(-100.,1.22464679914735E-14,-106.498589643531));
#11044=CARTESIAN_POINT('Origin',(0.,0.,-106.498589643531));
#11045=CARTESIAN_POINT('Origin',(0.,0.,-106.498589643531));
#11046=CARTESIAN_POINT('',(87.1051546263352,-1.68179342125541,-144.258820607845));
#11047=CARTESIAN_POINT('',(0.,0.,0.));
#11048=CARTESIAN_POINT('',(0.,0.,0.));
#11049=CARTESIAN_POINT('Origin',(-27.5,-50.8447840459203,-101.498589643531));
#11050=CARTESIAN_POINT('',(-29.55,-50.8447840459203,-95.4985896435309));
#11051=CARTESIAN_POINT('Origin',(-27.5,-50.8447840459203,-95.4985896435309));
#11052=CARTESIAN_POINT('',(-29.55,-50.8447840459203,-89.4985896435309));
#11053=CARTESIAN_POINT('',(-29.55,-50.8447840459203,-101.498589643531));
#11054=CARTESIAN_POINT('Origin',(-27.5,-50.8447840459203,-89.4985896435309));
#11055=CARTESIAN_POINT('Origin',(-27.5,-50.8447840459203,-89.4985896435309));
#11056=CARTESIAN_POINT('Origin',(-27.5,-40.8447840459203,-101.498589643531));
#11057=CARTESIAN_POINT('',(-29.55,-40.8447840459203,-95.4985896435309));
#11058=CARTESIAN_POINT('Origin',(-27.5,-40.8447840459203,-95.4985896435309));
#11059=CARTESIAN_POINT('',(-29.55,-40.8447840459203,-89.4985896435309));
#11060=CARTESIAN_POINT('',(-29.55,-40.8447840459203,-101.498589643531));
#11061=CARTESIAN_POINT('Origin',(-27.5,-40.8447840459203,-89.4985896435309));
#11062=CARTESIAN_POINT('Origin',(-27.5,-40.8447840459203,-89.4985896435309));
#11063=CARTESIAN_POINT('Origin',(-27.5,-50.8447840459203,-101.498589643531));
#11064=CARTESIAN_POINT('',(-30.1,-50.8447840459203,-101.498589643531));
#11065=CARTESIAN_POINT('Origin',(-27.5,-50.8447840459203,-101.498589643531));
#11066=CARTESIAN_POINT('',(-30.1,-50.8447840459203,-95.4985896435309));
#11067=CARTESIAN_POINT('',(-30.1,-50.8447840459203,-101.498589643531));
#11068=CARTESIAN_POINT('Origin',(-27.5,-50.8447840459203,-95.4985896435309));
#11069=CARTESIAN_POINT('Origin',(-27.5,-50.8447840459203,-95.4985896435309));
#11070=CARTESIAN_POINT('Origin',(-27.5,-40.8447840459203,-101.498589643531));
#11071=CARTESIAN_POINT('',(-30.1,-40.8447840459203,-101.498589643531));
#11072=CARTESIAN_POINT('Origin',(-27.5,-40.8447840459203,-101.498589643531));
#11073=CARTESIAN_POINT('',(-30.1,-40.8447840459203,-95.4985896435309));
#11074=CARTESIAN_POINT('',(-30.1,-40.8447840459203,-101.498589643531));
#11075=CARTESIAN_POINT('Origin',(-27.5,-40.8447840459203,-95.4985896435309));
#11076=CARTESIAN_POINT('Origin',(-27.5,-40.8447840459203,-95.4985896435309));
#11077=CARTESIAN_POINT('Origin',(-18.,-43.3409019330019,-83.4955217072154));
#11078=CARTESIAN_POINT('',(-24.,-45.3409019330019,-83.4955217072154));
#11079=CARTESIAN_POINT('Origin',(-24.,-43.3409019330019,-83.4955217072154));
#11080=CARTESIAN_POINT('',(-26.,-45.3409019330019,-83.4955217072154));
#11081=CARTESIAN_POINT('',(-18.,-45.3409019330019,-83.4955217072154));
#11082=CARTESIAN_POINT('Origin',(-26.,-43.3409019330019,-83.4955217072154));
#11083=CARTESIAN_POINT('Origin',(-26.,-43.3409019330019,-83.4955217072154));
#11084=CARTESIAN_POINT('Origin',(-18.,-53.3409019330019,-83.4955217072154));
#11085=CARTESIAN_POINT('',(-24.,-55.3409019330019,-83.4955217072154));
#11086=CARTESIAN_POINT('Origin',(-24.,-53.3409019330019,-83.4955217072154));
#11087=CARTESIAN_POINT('',(-26.,-55.3409019330019,-83.4955217072154));
#11088=CARTESIAN_POINT('',(-18.,-55.3409019330019,-83.4955217072154));
#11089=CARTESIAN_POINT('Origin',(-26.,-53.3409019330019,-83.4955217072154));
#11090=CARTESIAN_POINT('Origin',(-26.,-53.3409019330019,-83.4955217072154));
#11091=CARTESIAN_POINT('Origin',(-18.,-43.3409019330019,-83.4955217072154));
#11092=CARTESIAN_POINT('',(-18.,-45.9409019330019,-83.4955217072154));
#11093=CARTESIAN_POINT('Origin',(-18.,-43.3409019330019,-83.4955217072154));
#11094=CARTESIAN_POINT('',(-24.,-45.9409019330019,-83.4955217072154));
#11095=CARTESIAN_POINT('',(-18.,-45.9409019330019,-83.4955217072154));
#11096=CARTESIAN_POINT('Origin',(-24.,-43.3409019330019,-83.4955217072154));
#11097=CARTESIAN_POINT('Origin',(-24.,-43.3409019330019,-83.4955217072154));
#11098=CARTESIAN_POINT('Origin',(-18.,-53.3409019330019,-83.4955217072154));
#11099=CARTESIAN_POINT('',(-18.,-55.9409019330019,-83.4955217072154));
#11100=CARTESIAN_POINT('Origin',(-18.,-53.3409019330019,-83.4955217072154));
#11101=CARTESIAN_POINT('',(-24.,-55.9409019330019,-83.4955217072154));
#11102=CARTESIAN_POINT('',(-18.,-55.9409019330019,-83.4955217072154));
#11103=CARTESIAN_POINT('Origin',(-24.,-53.3409019330019,-83.4955217072154));
#11104=CARTESIAN_POINT('Origin',(-24.,-53.3409019330019,-83.4955217072154));
#11105=CARTESIAN_POINT('Origin',(-18.,-43.3409019330019,-35.4955217072154));
#11106=CARTESIAN_POINT('',(-18.,-45.5909019330019,-35.4955217072154));
#11107=CARTESIAN_POINT('Origin',(-18.,-43.3409019330019,-35.4955217072154));
#11108=CARTESIAN_POINT('',(-28.,-45.5909019330019,-35.4955217072154));
#11109=CARTESIAN_POINT('',(-18.,-45.5909019330019,-35.4955217072154));
#11110=CARTESIAN_POINT('Origin',(-28.,-43.3409019330019,-35.4955217072154));
#11111=CARTESIAN_POINT('Origin',(-18.,-53.3409019330019,-35.4955217072154));
#11112=CARTESIAN_POINT('',(-18.,-55.5909019330019,-35.4955217072154));
#11113=CARTESIAN_POINT('Origin',(-18.,-53.3409019330019,-35.4955217072154));
#11114=CARTESIAN_POINT('',(-28.,-55.5909019330019,-35.4955217072154));
#11115=CARTESIAN_POINT('',(-18.,-55.5909019330019,-35.4955217072154));
#11116=CARTESIAN_POINT('Origin',(-28.,-53.3409019330019,-35.4955217072154));
#11117=CARTESIAN_POINT('Origin',(-18.,-38.0909019330019,-39.1955217072154));
#11118=CARTESIAN_POINT('',(-18.,-58.5986661588388,-39.1955217072154));
#11119=CARTESIAN_POINT('',(-18.,-38.0909019330019,-39.1955217072154));
#11120=CARTESIAN_POINT('',(-18.,-58.5986661588388,-39.1955217072154));
#11121=CARTESIAN_POINT('',(-28.,-58.5986661588388,-39.1955217072154));
#11122=CARTESIAN_POINT('',(-18.,-58.5986661588388,-39.1955217072154));
#11123=CARTESIAN_POINT('',(-28.,-38.0909019330019,-39.1955217072154));
#11124=CARTESIAN_POINT('',(-28.,-58.5986661588388,-39.1955217072154));
#11125=CARTESIAN_POINT('',(-18.,-38.0909019330019,-39.1955217072154));
#11126=CARTESIAN_POINT('Origin',(-18.,-58.5986661588388,-39.1955217072154));
#11127=CARTESIAN_POINT('',(-18.,-58.5986661588388,-31.4343381905505));
#11128=CARTESIAN_POINT('',(-18.,-58.5986661588388,-31.4343381905505));
#11129=CARTESIAN_POINT('',(-28.,-58.5986661588388,-31.4343381905505));
#11130=CARTESIAN_POINT('',(-18.,-58.5986661588388,-31.4343381905505));
#11131=CARTESIAN_POINT('',(-28.,-58.5986661588388,-31.4343381905505));
#11132=CARTESIAN_POINT('Origin',(-28.,-48.3447840459203,-35.314929948883));
#11133=CARTESIAN_POINT('',(-28.,-38.0909019330019,-31.4343381905505));
#11134=CARTESIAN_POINT('',(-28.,-38.0909019330019,-31.4343381905505));
#11135=CARTESIAN_POINT('',(-28.,-38.0909019330019,-57.5574629946889));
#11136=CARTESIAN_POINT('Origin',(-18.,-38.0909019330019,-79.7999960404948));
#11137=CARTESIAN_POINT('',(-37.,-38.0909019330019,-31.4343381905505));
#11138=CARTESIAN_POINT('',(-18.,-38.0909019330019,-31.4343381905505));
#11139=CARTESIAN_POINT('',(-37.,-38.0909019330019,-79.7999960404948));
#11140=CARTESIAN_POINT('',(-37.,-38.0909019330019,-101.498589643531));
#11141=CARTESIAN_POINT('',(-18.,-38.0909019330019,-79.7999960404948));
#11142=CARTESIAN_POINT('',(-18.,-38.0909019330019,-79.7999960404948));
#11143=CARTESIAN_POINT('',(-18.,-38.0909019330019,-101.498589643531));
#11144=CARTESIAN_POINT('Origin',(-18.,-58.5986661588388,-79.7999960404948));
#11145=CARTESIAN_POINT('',(-18.,-58.5986661588388,-79.7999960404948));
#11146=CARTESIAN_POINT('',(-18.,-38.0909019330019,-79.7999960404948));
#11147=CARTESIAN_POINT('',(-37.,-58.5986661588388,-79.7999960404948));
#11148=CARTESIAN_POINT('',(-37.,-38.0909019330019,-79.7999960404948));
#11149=CARTESIAN_POINT('',(-18.,-58.5986661588388,-79.7999960404948));
#11150=CARTESIAN_POINT('Origin',(-18.,-58.5986661588388,-101.498589643531));
#11151=CARTESIAN_POINT('',(-18.,-58.5986661588388,-101.498589643531));
#11152=CARTESIAN_POINT('',(-18.,-58.5986661588388,-79.7999960404948));
#11153=CARTESIAN_POINT('',(-37.,-58.5986661588388,-101.498589643531));
#11154=CARTESIAN_POINT('',(-37.,-58.5986661588388,-79.7999960404948));
#11155=CARTESIAN_POINT('',(-18.,-58.5986661588388,-101.498589643531));
#11156=CARTESIAN_POINT('Origin',(-18.,-33.0909019330019,-101.498589643531));
#11157=CARTESIAN_POINT('',(-18.,-33.0909019330019,-101.498589643531));
#11158=CARTESIAN_POINT('',(-18.,-33.0909019330019,-101.498589643531));
#11159=CARTESIAN_POINT('',(-37.,-33.0909019330019,-101.498589643531));
#11160=CARTESIAN_POINT('',(-37.,-33.0909019330019,-101.498589643531));
#11161=CARTESIAN_POINT('',(-18.,-33.0909019330019,-101.498589643531));
#11162=CARTESIAN_POINT('Origin',(-18.,-33.0909019330019,-31.4343381905505));
#11163=CARTESIAN_POINT('',(-18.,-33.0909019330019,-31.4343381905505));
#11164=CARTESIAN_POINT('',(-18.,-33.0909019330019,-31.4343381905505));
#11165=CARTESIAN_POINT('',(-37.,-33.0909019330019,-31.4343381905505));
#11166=CARTESIAN_POINT('',(-37.,-33.0909019330019,-31.4343381905505));
#11167=CARTESIAN_POINT('',(-18.,-33.0909019330019,-31.4343381905505));
#11168=CARTESIAN_POINT('Origin',(-18.,-38.0909019330019,-31.4343381905505));
#11169=CARTESIAN_POINT('',(-18.,-38.0909019330019,-31.4343381905505));
#11170=CARTESIAN_POINT('',(-37.,-38.0909019330019,-31.4343381905505));
#11171=CARTESIAN_POINT('Origin',(-37.,-45.8447840459203,-66.4664639170407));
#11172=CARTESIAN_POINT('Origin',(-18.,-45.8447840459203,-66.4664639170407));
#11173=CARTESIAN_POINT('',(0.,0.,0.));
#11174=CARTESIAN_POINT('Origin',(0.,-68.000001013279,11.45));
#11175=CARTESIAN_POINT('',(2.05,-68.000001013279,-0.1));
#11176=CARTESIAN_POINT('Origin',(0.,-68.000001013279,-0.1));
#11177=CARTESIAN_POINT('',(2.05,-68.000001013279,-5.1));
#11178=CARTESIAN_POINT('',(2.05,-68.000001013279,11.45));
#11179=CARTESIAN_POINT('Origin',(0.,-68.000001013279,-5.1));
#11180=CARTESIAN_POINT('Origin',(0.,-68.000001013279,11.45));
#11181=CARTESIAN_POINT('',(2.05,-68.000001013279,11.45));
#11182=CARTESIAN_POINT('Origin',(0.,-68.000001013279,11.45));
#11183=CARTESIAN_POINT('',(2.05,-68.000001013279,6.45));
#11184=CARTESIAN_POINT('',(2.05,-68.000001013279,11.45));
#11185=CARTESIAN_POINT('Origin',(0.,-68.000001013279,6.45));
#11186=CARTESIAN_POINT('Origin',(-4.5503923976,-88.0142297144285,2.97498483447527));
#11187=CARTESIAN_POINT('',(-4.55039239759999,-81.1725565017381,11.45));
#11188=CARTESIAN_POINT('',(-4.55039239759999,-81.1725565017381,-5.1));
#11189=CARTESIAN_POINT('',(-4.55039239759999,-81.1725565017381,3.175));
#11190=CARTESIAN_POINT('',(-4.5503923976,-86.8163399986148,11.45));
#11191=CARTESIAN_POINT('',(-4.5503923976,-87.4152848565217,11.45));
#11192=CARTESIAN_POINT('',(-4.5503923976,-84.2433063845964,-5.1));
#11193=CARTESIAN_POINT('Origin',(-4.5503923976,-86.8163399986148,2.97498483447527));
#11194=CARTESIAN_POINT('',(-4.5503923976,-84.375666989573,-5.1));
#11195=CARTESIAN_POINT('',(-4.5503923976,-88.9163399986148,2.97498483447527));
#11196=CARTESIAN_POINT('Origin',(-4.5503923976,-86.8163399986148,2.97498483447527));
#11197=CARTESIAN_POINT('Origin',(-9.5503923976,-86.8163399986148,2.97498483447527));
#11198=CARTESIAN_POINT('',(-9.5503923976,-88.9163399986148,2.97498483447527));
#11199=CARTESIAN_POINT('',(-9.5503923976,-88.9163399986148,2.97498483447527));
#11200=CARTESIAN_POINT('Origin',(-9.5503923976,-86.8163399986148,2.97498483447527));
#11201=CARTESIAN_POINT('Origin',(-9.5503923976,-86.8163399986148,2.97498483447527));
#11202=CARTESIAN_POINT('',(-9.5503923976,-86.8163399986148,11.45));
#11203=CARTESIAN_POINT('',(-9.55039239759999,-84.2433063845964,-5.1));
#11204=CARTESIAN_POINT('Origin',(-9.5503923976,-86.8163399986148,2.97498483447527));
#11205=CARTESIAN_POINT('',(-9.55039239759999,-84.2433063845964,-5.1));
#11206=CARTESIAN_POINT('',(-9.5503923976,-86.8163399986148,11.45));
#11207=CARTESIAN_POINT('Origin',(4.55039239759994,-88.0142297144285,2.97498483447527));
#11208=CARTESIAN_POINT('',(4.55039239759993,-81.1725565017381,-5.1));
#11209=CARTESIAN_POINT('',(4.55039239759993,-81.1725565017381,11.45));
#11210=CARTESIAN_POINT('',(4.55039239759993,-81.1725565017381,3.175));
#11211=CARTESIAN_POINT('',(4.55039239759994,-84.2433063845964,-5.1));
#11212=CARTESIAN_POINT('',(4.55039239759994,-86.1287680495125,-5.1));
#11213=CARTESIAN_POINT('',(4.55039239759994,-86.8163399986148,11.45));
#11214=CARTESIAN_POINT('Origin',(4.55039239759994,-86.8163399986148,2.97498483447527));
#11215=CARTESIAN_POINT('',(4.55039239759994,-84.375666989573,11.45));
#11216=CARTESIAN_POINT('',(4.55039239759994,-88.9163399986148,2.97498483447527));
#11217=CARTESIAN_POINT('Origin',(4.55039239759994,-86.8163399986148,2.97498483447527));
#11218=CARTESIAN_POINT('Origin',(9.55039239759994,-86.8163399986148,2.97498483447527));
#11219=CARTESIAN_POINT('',(9.55039239759994,-88.9163399986148,2.97498483447527));
#11220=CARTESIAN_POINT('',(9.55039239759994,-88.9163399986148,2.97498483447527));
#11221=CARTESIAN_POINT('Origin',(9.55039239759994,-86.8163399986148,2.97498483447527));
#11222=CARTESIAN_POINT('Origin',(9.55039239759994,-86.8163399986148,2.97498483447527));
#11223=CARTESIAN_POINT('',(9.55039239759994,-84.2433063845964,-5.1));
#11224=CARTESIAN_POINT('',(9.55039239759994,-86.8163399986148,11.45));
#11225=CARTESIAN_POINT('Origin',(9.55039239759994,-86.8163399986148,2.97498483447527));
#11226=CARTESIAN_POINT('',(9.55039239759994,-86.8163399986148,11.45));
#11227=CARTESIAN_POINT('',(9.55039239759994,-84.2433063845964,-5.1));
#11228=CARTESIAN_POINT('Origin',(0.,-61.6266352652986,11.45));
#11229=CARTESIAN_POINT('Origin',(-1.85407245112401E-13,1.72306613421824E-12,
11.45));
#11230=CARTESIAN_POINT('',(9.55039239759993,-75.5991402401628,11.45));
#11231=CARTESIAN_POINT('',(9.55039239759994,-84.375666989573,11.45));
#11232=CARTESIAN_POINT('',(7.72386547148786,-61.140690839248,11.45));
#11233=CARTESIAN_POINT('',(7.72386547148786,-61.140690839248,11.45));
#11234=CARTESIAN_POINT('',(-7.72386547148786,-61.140690839248,11.45));
#11235=CARTESIAN_POINT('Origin',(4.16333634234434E-14,-7.72715225139109E-13,
11.45));
#11236=CARTESIAN_POINT('',(-9.55039239759999,-75.5991402401632,11.45));
#11237=CARTESIAN_POINT('',(-7.72386547148786,-61.140690839248,11.45));
#11238=CARTESIAN_POINT('',(-9.5503923976,-87.4152848565217,11.45));
#11239=CARTESIAN_POINT('Origin',(-9.55039239759999,-75.5991402401632,11.45));
#11240=CARTESIAN_POINT('',(-9.55039239759999,-75.5991402401633,-5.1));
#11241=CARTESIAN_POINT('',(-9.55039239759999,-78.4495701200816,-5.1));
#11242=CARTESIAN_POINT('',(-9.55039239759999,-75.5991402401633,6.45));
#11243=CARTESIAN_POINT('',(-9.55039239759999,-75.5991402401633,7.3125));
#11244=CARTESIAN_POINT('',(-9.55039239759999,-75.6999339831408,6.45));
#11245=CARTESIAN_POINT('',(-9.55039239759999,-75.9495701200816,6.45));
#11246=CARTESIAN_POINT('',(-9.55039239759999,-75.6999339831408,-0.1));
#11247=CARTESIAN_POINT('',(-9.55039239759999,-75.6999339831407,3.175));
#11248=CARTESIAN_POINT('',(-9.55039239759999,-75.5991402401633,-0.1));
#11249=CARTESIAN_POINT('',(-9.55039239759999,-68.6128877527309,-0.1));
#11250=CARTESIAN_POINT('',(-9.55039239759999,-75.5991402401633,7.3125));
#11251=CARTESIAN_POINT('Origin',(9.55039239759995,-95.5991402401628,11.45));
#11252=CARTESIAN_POINT('',(9.55039239759993,-75.5991402401628,6.45));
#11253=CARTESIAN_POINT('',(9.55039239759993,-75.6999339831407,6.45));
#11254=CARTESIAN_POINT('',(9.55039239759994,-85.9495701200814,6.45));
#11255=CARTESIAN_POINT('',(9.55039239759998,-75.5991402401632,11.45));
#11256=CARTESIAN_POINT('',(9.55039239759993,-75.5991402401628,-5.1));
#11257=CARTESIAN_POINT('',(9.55039239759994,-88.4495701200814,-5.1));
#11258=CARTESIAN_POINT('',(9.55039239759993,-75.5991402401628,-0.1));
#11259=CARTESIAN_POINT('',(9.55039239759998,-75.5991402401632,11.45));
#11260=CARTESIAN_POINT('',(9.55039239759993,-75.6999339831407,-0.1));
#11261=CARTESIAN_POINT('',(9.55039239759993,-78.6128877527307,-0.1));
#11262=CARTESIAN_POINT('',(9.55039239759993,-75.6999339831407,3.175));
#11263=CARTESIAN_POINT('Origin',(-8.95672868013289,-70.8998080280575,3.175));
#11264=CARTESIAN_POINT('',(-7.72386547148786,-61.140690839248,6.45));
#11265=CARTESIAN_POINT('',(-7.72386547148786,-61.140690839248,6.45));
#11266=CARTESIAN_POINT('',(-9.55039239759998,-75.5991402401632,6.45));
#11267=CARTESIAN_POINT('Origin',(-8.95672868013289,-70.8998080280575,3.175));
#11268=CARTESIAN_POINT('',(-7.72386547148786,-61.140690839248,-0.1));
#11269=CARTESIAN_POINT('',(-9.55039239759998,-75.5991402401632,-0.1));
#11270=CARTESIAN_POINT('',(-7.72386547148786,-61.140690839248,-5.1));
#11271=CARTESIAN_POINT('',(-7.72386547148786,-61.140690839248,-0.1));
#11272=CARTESIAN_POINT('',(-7.72386547148786,-61.140690839248,-5.1));
#11273=CARTESIAN_POINT('Origin',(0.,-76.3,6.45));
#11274=CARTESIAN_POINT('',(7.72386547148786,-61.140690839248,6.45));
#11275=CARTESIAN_POINT('Origin',(4.16333634234434E-14,-7.72715225139109E-13,
6.45));
#11276=CARTESIAN_POINT('',(9.55039239759998,-75.5991402401632,6.45));
#11277=CARTESIAN_POINT('Origin',(-1.2712053631958E-13,4.2632564145606E-13,
6.45));
#11278=CARTESIAN_POINT('Origin',(0.,0.,3.175));
#11279=CARTESIAN_POINT('Origin',(-1.2712053631958E-13,4.2632564145606E-13,
-0.1));
#11280=CARTESIAN_POINT('Origin',(0.,-61.6266352652986,-0.1));
#11281=CARTESIAN_POINT('',(7.72386547148786,-61.140690839248,-0.1));
#11282=CARTESIAN_POINT('',(9.55039239759998,-75.5991402401632,-0.1));
#11283=CARTESIAN_POINT('Origin',(4.16333634234434E-14,-7.72715225139109E-13,
-0.1));
#11284=CARTESIAN_POINT('Origin',(8.95672868013289,-70.8998080280575,3.175));
#11285=CARTESIAN_POINT('',(7.72386547148786,-61.140690839248,-5.1));
#11286=CARTESIAN_POINT('',(7.72386547148786,-61.140690839248,-5.1));
#11287=CARTESIAN_POINT('',(7.72386547148786,-61.140690839248,-0.1));
#11288=CARTESIAN_POINT('Origin',(8.95672868013289,-70.8998080280575,3.175));
#11289=CARTESIAN_POINT('',(7.72386547148786,-61.140690839248,6.45));
#11290=CARTESIAN_POINT('Origin',(0.,0.,-2.6));
#11291=CARTESIAN_POINT('Origin',(4.16333634234434E-14,-7.72715225139109E-13,
-5.1));
#11292=CARTESIAN_POINT('Origin',(0.,-81.3,-5.1));
#11293=CARTESIAN_POINT('Origin',(-1.85407245112401E-13,1.72306613421824E-12,
-5.1));
#11294=CARTESIAN_POINT('Origin',(0.,0.,3.175));
#11295=CARTESIAN_POINT('Origin',(0.,0.,8.95));
#11296=CARTESIAN_POINT('Origin',(-3.5,-104.016985698676,-38.6873666507458));
#11297=CARTESIAN_POINT('',(-3.5,-90.715671715425,4.24195451141255));
#11298=CARTESIAN_POINT('',(-3.5,-82.9170082818047,1.70801515753799));
#11299=CARTESIAN_POINT('Origin',(-3.5,-86.8163399986148,2.97498483447527));
#11300=CARTESIAN_POINT('',(-3.5,-86.3565596855974,-8.87783557318285));
#11301=CARTESIAN_POINT('',(-3.5,-82.9170082818047,1.70801515753799));
#11302=CARTESIAN_POINT('',(-3.5,-95.5676010506787,-71.6660722047839));
#11303=CARTESIAN_POINT('',(-3.5,-86.3565596855974,-8.87783557318285));
#11304=CARTESIAN_POINT('',(-3.5,-123.609333628481,-62.5547609737599));
#11305=CARTESIAN_POINT('Origin',(-3.5,-110.363434969986,-69.4955217072154));
#11306=CARTESIAN_POINT('',(-3.5,-94.1552231192177,-6.34389621930827));
#11307=CARTESIAN_POINT('',(-3.5,-94.1552231192177,-6.34389621930827));
#11308=CARTESIAN_POINT('',(-3.5,-90.715671715425,4.24195451141255));
#11309=CARTESIAN_POINT('',(-3.5,-121.463434969986,-69.4955217072154));
#11310=CARTESIAN_POINT('Origin',(-3.5,-110.363434969986,-69.4955217072154));
#11311=CARTESIAN_POINT('',(-3.5,-88.9163399986148,2.97498483447527));
#11312=CARTESIAN_POINT('Origin',(-3.5,-86.8163399986148,2.97498483447527));
#11313=CARTESIAN_POINT('Origin',(0.,-86.8163399986148,2.97498483447527));
#11314=CARTESIAN_POINT('',(3.5,-88.9163399986148,2.97498483447527));
#11315=CARTESIAN_POINT('Origin',(3.5,-86.8163399986148,2.97498483447527));
#11316=CARTESIAN_POINT('',(0.,-88.9163399986148,2.97498483447527));
#11317=CARTESIAN_POINT('Origin',(0.,-110.363434969986,-69.4955217072154));
#11318=CARTESIAN_POINT('',(3.5,-121.463434969986,-69.4955217072154));
#11319=CARTESIAN_POINT('Origin',(3.5,-110.363434969986,-69.4955217072154));
#11320=CARTESIAN_POINT('',(0.,-121.463434969986,-69.4955217072154));
#11321=CARTESIAN_POINT('Origin',(0.,-86.3565596855974,-8.87783557318285));
#11322=CARTESIAN_POINT('',(3.5,-82.9170082818047,1.70801515753799));
#11323=CARTESIAN_POINT('',(0.,-82.9170082818047,1.70801515753799));
#11324=CARTESIAN_POINT('',(3.5,-86.3565596855974,-8.87783557318285));
#11325=CARTESIAN_POINT('',(3.5,-82.9170082818047,1.70801515753799));
#11326=CARTESIAN_POINT('',(0.,-86.3565596855974,-8.87783557318285));
#11327=CARTESIAN_POINT('Origin',(0.,-95.5676010506787,-71.6660722047839));
#11328=CARTESIAN_POINT('',(3.5,-95.5676010506787,-71.6660722047839));
#11329=CARTESIAN_POINT('',(3.5,-86.3565596855974,-8.87783557318285));
#11330=CARTESIAN_POINT('',(0.,-95.5676010506787,-71.6660722047839));
#11331=CARTESIAN_POINT('Origin',(0.,-110.363434969986,-69.4955217072154));
#11332=CARTESIAN_POINT('',(3.5,-123.609333628481,-62.5547609737599));
#11333=CARTESIAN_POINT('Origin',(3.5,-110.363434969986,-69.4955217072154));
#11334=CARTESIAN_POINT('',(0.,-123.609333628481,-62.5547609737599));
#11335=CARTESIAN_POINT('Origin',(0.,-94.1552231192177,-6.34389621930827));
#11336=CARTESIAN_POINT('',(3.5,-94.1552231192177,-6.34389621930827));
#11337=CARTESIAN_POINT('',(3.5,-94.1552231192177,-6.34389621930827));
#11338=CARTESIAN_POINT('',(0.,-94.1552231192177,-6.34389621930827));
#11339=CARTESIAN_POINT('Origin',(0.,-90.715671715425,4.24195451141255));
#11340=CARTESIAN_POINT('',(3.5,-90.715671715425,4.24195451141255));
#11341=CARTESIAN_POINT('',(3.5,-90.715671715425,4.24195451141255));
#11342=CARTESIAN_POINT('',(0.,-90.715671715425,4.24195451141255));
#11343=CARTESIAN_POINT('Origin',(0.,-86.8163399986148,2.97498483447527));
#11344=CARTESIAN_POINT('Origin',(3.5,-86.8163399986148,2.97498483447527));
#11345=CARTESIAN_POINT('Origin',(3.5,-104.016985698676,-38.6873666507458));
#11346=CARTESIAN_POINT('',(0.,0.,0.));
#11347=CARTESIAN_POINT('',(0.,0.,0.));
#11348=CARTESIAN_POINT('Origin',(17.0659872117928,-85.5885202487768,-70.));
#11349=CARTESIAN_POINT('',(17.0659872117928,-87.5885202487768,-70.));
#11350=CARTESIAN_POINT('Origin',(17.0659872117928,-85.5885202487768,-70.));
#11351=CARTESIAN_POINT('',(9.56598721179284,-87.5885202487768,-70.));
#11352=CARTESIAN_POINT('',(17.0659872117928,-87.5885202487768,-70.));
#11353=CARTESIAN_POINT('Origin',(9.56598721179284,-85.5885202487768,-70.));
#11354=CARTESIAN_POINT('Origin',(17.0659872117928,-48.0659872117929,-70.));
#11355=CARTESIAN_POINT('',(17.0659872117928,-49.6159872117929,-70.));
#11356=CARTESIAN_POINT('Origin',(17.0659872117928,-48.0659872117929,-70.));
#11357=CARTESIAN_POINT('',(12.5659872117928,-49.6159872117929,-70.));
#11358=CARTESIAN_POINT('',(17.0659872117928,-49.6159872117929,-70.));
#11359=CARTESIAN_POINT('Origin',(12.5659872117928,-48.0659872117929,-70.));
#11360=CARTESIAN_POINT('Origin',(17.0659872117928,-44.0659872117929,-70.));
#11361=CARTESIAN_POINT('',(17.0659872117928,-45.6159872117929,-70.));
#11362=CARTESIAN_POINT('Origin',(17.0659872117928,-44.0659872117929,-70.));
#11363=CARTESIAN_POINT('',(12.5659872117928,-45.6159872117929,-70.));
#11364=CARTESIAN_POINT('',(17.0659872117928,-45.6159872117929,-70.));
#11365=CARTESIAN_POINT('Origin',(12.5659872117928,-44.0659872117929,-70.));
#11366=CARTESIAN_POINT('Origin',(12.5659872117928,-48.0659872117929,-74.15));
#11367=CARTESIAN_POINT('',(9.56598721179284,-48.0659872117929,-74.15));
#11368=CARTESIAN_POINT('',(9.56598721179284,-40.0548126916068,-74.15));
#11369=CARTESIAN_POINT('',(9.56598721179284,-48.318761930202,-74.15));
#11370=CARTESIAN_POINT('',(12.5659872117928,-48.0659872117929,-74.15));
#11371=CARTESIAN_POINT('',(12.5659872117928,-48.0659872117929,-74.15));
#11372=CARTESIAN_POINT('',(12.5659872117928,-40.0548126916068,-74.15));
#11373=CARTESIAN_POINT('',(12.5659872117928,-48.0659872117929,-74.15));
#11374=CARTESIAN_POINT('',(12.5659872117928,-40.0548126916068,-74.15));
#11375=CARTESIAN_POINT('Origin',(12.5659872117928,-48.0659872117929,-70.));
#11376=CARTESIAN_POINT('',(9.56598721179284,-48.0659872117929,-65.85));
#11377=CARTESIAN_POINT('Origin',(9.56598721179284,-48.0659872117929,-70.));
#11378=CARTESIAN_POINT('',(12.5659872117928,-48.0659872117929,-65.85));
#11379=CARTESIAN_POINT('',(12.5659872117928,-48.0659872117929,-65.85));
#11380=CARTESIAN_POINT('Origin',(12.5659872117928,-48.0659872117929,-70.));
#11381=CARTESIAN_POINT('Origin',(12.5659872117928,-40.0548126916068,-65.85));
#11382=CARTESIAN_POINT('',(9.56598721179284,-40.0548126916068,-65.85));
#11383=CARTESIAN_POINT('',(9.56598721179284,-44.313174670109,-65.85));
#11384=CARTESIAN_POINT('',(12.5659872117928,-40.0548126916068,-65.85));
#11385=CARTESIAN_POINT('',(12.5659872117928,-40.0548126916068,-65.85));
#11386=CARTESIAN_POINT('',(12.5659872117928,-44.0603999516998,-65.85));
#11387=CARTESIAN_POINT('Origin',(9.56598721179284,-48.5715366486112,-70.));
#11388=CARTESIAN_POINT('',(9.56598721179284,-57.0882606056155,-70.));
#11389=CARTESIAN_POINT('Origin',(9.56598721179284,-48.0659872117929,-70.));
#11390=CARTESIAN_POINT('Origin',(9.56598721179284,-48.0659872117929,-70.));
#11391=CARTESIAN_POINT('Origin',(13.0659872117928,-85.5885202487768,-70.));
#11392=CARTESIAN_POINT('',(9.56598721179284,-81.7385202487768,-70.));
#11393=CARTESIAN_POINT('Origin',(9.56598721179284,-85.5885202487768,-70.));
#11394=CARTESIAN_POINT('',(13.0659872117928,-81.7385202487768,-70.));
#11395=CARTESIAN_POINT('',(13.0659872117928,-81.7385202487768,-70.));
#11396=CARTESIAN_POINT('Origin',(13.0659872117928,-85.5885202487768,-70.));
#11397=CARTESIAN_POINT('Origin',(9.56598721179284,-85.5885202487768,-70.));
#11398=CARTESIAN_POINT('Origin',(13.0659872117928,-48.0659872117929,-60.9777266061774));
#11399=CARTESIAN_POINT('',(13.0659872117928,-48.0659872117929,-60.9777266061774));
#11400=CARTESIAN_POINT('',(13.0659872117928,-73.6626419315708,-60.9777266061774));
#11401=CARTESIAN_POINT('',(13.0659872117928,-48.0659872117929,-60.9777266061774));
#11402=CARTESIAN_POINT('',(17.0659872117928,-73.6626419315708,-60.9777266061774));
#11403=CARTESIAN_POINT('',(13.0659872117928,-73.6626419315708,-60.9777266061774));
#11404=CARTESIAN_POINT('',(17.0659872117928,-48.0659872117929,-60.9777266061774));
#11405=CARTESIAN_POINT('',(17.0659872117928,-48.0659872117929,-60.9777266061774));
#11406=CARTESIAN_POINT('',(13.0659872117928,-48.0659872117929,-60.9777266061774));
#11407=CARTESIAN_POINT('Origin',(13.0659872117928,-73.6626419315708,-79.0222733938227));
#11408=CARTESIAN_POINT('',(13.0659872117928,-73.6626419315708,-79.0222733938227));
#11409=CARTESIAN_POINT('',(13.0659872117928,-48.0659872117929,-79.0222733938227));
#11410=CARTESIAN_POINT('',(13.0659872117928,-85.5884830761434,-79.0222733938227));
#11411=CARTESIAN_POINT('',(17.0659872117928,-48.0659872117929,-79.0222733938227));
#11412=CARTESIAN_POINT('',(13.0659872117928,-48.0659872117929,-79.0222733938227));
#11413=CARTESIAN_POINT('',(17.0659872117928,-73.6626419315708,-79.0222733938227));
#11414=CARTESIAN_POINT('',(17.0659872117928,-85.5884830761434,-79.0222733938227));
#11415=CARTESIAN_POINT('',(13.0659872117928,-73.6626419315708,-79.0222733938227));
#11416=CARTESIAN_POINT('Origin',(13.0659872117928,-85.5885202487768,-70.));
#11417=CARTESIAN_POINT('Origin',(13.0659872117928,-85.5885202487768,-70.));
#11418=CARTESIAN_POINT('Origin',(17.0659872117928,-85.5885202487768,-70.));
#11419=CARTESIAN_POINT('Origin',(17.0659872117928,-69.7932152477493,-70.));
#11420=CARTESIAN_POINT('Origin',(17.0659872117928,-48.0659872117929,-70.));
#11421=CARTESIAN_POINT('Origin',(13.0659872117928,-69.7932152477493,-70.));
#11422=CARTESIAN_POINT('',(13.0659872117928,-57.0882606056155,-70.));
#11423=CARTESIAN_POINT('Origin',(13.0659872117928,-48.0659872117929,-70.));
#11424=CARTESIAN_POINT('Origin',(13.0659872117928,-48.0659872117929,-70.));
#11425=CARTESIAN_POINT('Origin',(12.5659872117928,-48.0659872117929,-70.));
#11426=CARTESIAN_POINT('',(12.5659872117928,-57.0882606056155,-70.));
#11427=CARTESIAN_POINT('Origin',(12.5659872117928,-48.0659872117929,-70.));
#11428=CARTESIAN_POINT('Origin',(12.5659872117928,-48.0659872117929,-70.));
#11429=CARTESIAN_POINT('Origin',(2.06598721179284,-85.5885202487768,-70.));
#11430=CARTESIAN_POINT('',(2.06598721179284,-87.5885202487768,-70.));
#11431=CARTESIAN_POINT('Origin',(2.06598721179284,-85.5885202487768,-70.));
#11432=CARTESIAN_POINT('',(9.56598721179284,-87.5885202487768,-70.));
#11433=CARTESIAN_POINT('',(2.06598721179284,-87.5885202487768,-70.));
#11434=CARTESIAN_POINT('Origin',(9.56598721179284,-85.5885202487768,-70.));
#11435=CARTESIAN_POINT('Origin',(2.06598721179284,-48.0659872117929,-70.));
#11436=CARTESIAN_POINT('',(2.06598721179284,-49.6159872117929,-70.));
#11437=CARTESIAN_POINT('Origin',(2.06598721179284,-48.0659872117929,-70.));
#11438=CARTESIAN_POINT('',(6.56598721179285,-49.6159872117929,-70.));
#11439=CARTESIAN_POINT('',(2.06598721179284,-49.6159872117929,-70.));
#11440=CARTESIAN_POINT('Origin',(6.56598721179285,-48.0659872117929,-70.));
#11441=CARTESIAN_POINT('Origin',(2.06598721179284,-44.0659872117929,-70.));
#11442=CARTESIAN_POINT('',(2.06598721179284,-45.6159872117929,-70.));
#11443=CARTESIAN_POINT('Origin',(2.06598721179284,-44.0659872117929,-70.));
#11444=CARTESIAN_POINT('',(6.56598721179285,-45.6159872117929,-70.));
#11445=CARTESIAN_POINT('',(2.06598721179284,-45.6159872117929,-70.));
#11446=CARTESIAN_POINT('Origin',(6.56598721179285,-44.0659872117929,-70.));
#11447=CARTESIAN_POINT('Origin',(6.56598721179285,-48.0659872117929,-74.15));
#11448=CARTESIAN_POINT('',(9.56598721179284,-48.0659872117929,-74.15));
#11449=CARTESIAN_POINT('',(9.56598721179284,-40.0548126916068,-74.15));
#11450=CARTESIAN_POINT('',(9.56598721179284,-48.318761930202,-74.15));
#11451=CARTESIAN_POINT('',(6.56598721179285,-40.0548126916068,-74.15));
#11452=CARTESIAN_POINT('',(6.56598721179285,-40.0548126916068,-74.15));
#11453=CARTESIAN_POINT('',(6.56598721179285,-48.0659872117929,-74.15));
#11454=CARTESIAN_POINT('',(6.56598721179285,-48.0659872117929,-74.15));
#11455=CARTESIAN_POINT('',(6.56598721179285,-48.0659872117929,-74.15));
#11456=CARTESIAN_POINT('Origin',(6.56598721179285,-48.0659872117929,-70.));
#11457=CARTESIAN_POINT('',(9.56598721179284,-48.0659872117929,-65.85));
#11458=CARTESIAN_POINT('Origin',(9.56598721179284,-48.0659872117929,-70.));
#11459=CARTESIAN_POINT('',(6.56598721179285,-48.0659872117929,-65.85));
#11460=CARTESIAN_POINT('Origin',(6.56598721179285,-48.0659872117929,-70.));
#11461=CARTESIAN_POINT('',(6.56598721179285,-48.0659872117929,-65.85));
#11462=CARTESIAN_POINT('Origin',(6.56598721179285,-40.0548126916068,-65.85));
#11463=CARTESIAN_POINT('',(9.56598721179284,-40.0548126916068,-65.85));
#11464=CARTESIAN_POINT('',(9.56598721179284,-44.313174670109,-65.85));
#11465=CARTESIAN_POINT('',(6.56598721179285,-40.0548126916068,-65.85));
#11466=CARTESIAN_POINT('',(6.56598721179285,-44.0603999516998,-65.85));
#11467=CARTESIAN_POINT('',(6.56598721179285,-40.0548126916068,-65.85));
#11468=CARTESIAN_POINT('Origin',(9.56598721179284,-48.5715366486112,-70.));
#11469=CARTESIAN_POINT('',(9.56598721179284,-57.0882606056155,-70.));
#11470=CARTESIAN_POINT('Origin',(9.56598721179284,-48.0659872117929,-70.));
#11471=CARTESIAN_POINT('Origin',(9.56598721179284,-48.0659872117929,-70.));
#11472=CARTESIAN_POINT('Origin',(6.06598721179284,-85.5885202487768,-70.));
#11473=CARTESIAN_POINT('',(9.56598721179284,-81.7385202487768,-70.));
#11474=CARTESIAN_POINT('Origin',(9.56598721179284,-85.5885202487768,-70.));
#11475=CARTESIAN_POINT('',(6.06598721179284,-81.7385202487768,-70.));
#11476=CARTESIAN_POINT('',(6.06598721179284,-81.7385202487768,-70.));
#11477=CARTESIAN_POINT('Origin',(6.06598721179284,-85.5885202487768,-70.));
#11478=CARTESIAN_POINT('Origin',(9.56598721179284,-85.5885202487768,-70.));
#11479=CARTESIAN_POINT('Origin',(6.06598721179284,-48.0659872117929,-60.9777266061774));
#11480=CARTESIAN_POINT('',(6.06598721179284,-48.0659872117929,-60.9777266061774));
#11481=CARTESIAN_POINT('',(6.06598721179284,-73.6626419315708,-60.9777266061774));
#11482=CARTESIAN_POINT('',(6.06598721179284,-48.0659872117929,-60.9777266061774));
#11483=CARTESIAN_POINT('',(2.06598721179284,-48.0659872117929,-60.9777266061774));
#11484=CARTESIAN_POINT('',(6.06598721179284,-48.0659872117929,-60.9777266061774));
#11485=CARTESIAN_POINT('',(2.06598721179284,-73.6626419315708,-60.9777266061774));
#11486=CARTESIAN_POINT('',(2.06598721179284,-48.0659872117929,-60.9777266061774));
#11487=CARTESIAN_POINT('',(6.06598721179284,-73.6626419315708,-60.9777266061774));
#11488=CARTESIAN_POINT('Origin',(6.06598721179284,-73.6626419315708,-79.0222733938227));
#11489=CARTESIAN_POINT('',(6.06598721179284,-73.6626419315708,-79.0222733938227));
#11490=CARTESIAN_POINT('',(6.06598721179284,-48.0659872117929,-79.0222733938227));
#11491=CARTESIAN_POINT('',(6.06598721179284,-85.5884830761434,-79.0222733938227));
#11492=CARTESIAN_POINT('',(2.06598721179284,-73.6626419315708,-79.0222733938227));
#11493=CARTESIAN_POINT('',(6.06598721179284,-73.6626419315708,-79.0222733938227));
#11494=CARTESIAN_POINT('',(2.06598721179284,-48.0659872117929,-79.0222733938227));
#11495=CARTESIAN_POINT('',(2.06598721179284,-85.5884830761434,-79.0222733938227));
#11496=CARTESIAN_POINT('',(6.06598721179284,-48.0659872117929,-79.0222733938227));
#11497=CARTESIAN_POINT('Origin',(6.06598721179284,-85.5885202487768,-70.));
#11498=CARTESIAN_POINT('Origin',(6.06598721179284,-85.5885202487768,-70.));
#11499=CARTESIAN_POINT('Origin',(2.06598721179284,-85.5885202487768,-70.));
#11500=CARTESIAN_POINT('Origin',(2.06598721179284,-69.7932152477493,-70.));
#11501=CARTESIAN_POINT('Origin',(2.06598721179284,-48.0659872117929,-70.));
#11502=CARTESIAN_POINT('Origin',(6.06598721179284,-69.7932152477493,-70.));
#11503=CARTESIAN_POINT('',(6.06598721179284,-57.0882606056155,-70.));
#11504=CARTESIAN_POINT('Origin',(6.06598721179284,-48.0659872117929,-70.));
#11505=CARTESIAN_POINT('Origin',(6.06598721179284,-48.0659872117929,-70.));
#11506=CARTESIAN_POINT('Origin',(6.56598721179285,-48.0659872117929,-70.));
#11507=CARTESIAN_POINT('',(6.56598721179285,-57.0882606056155,-70.));
#11508=CARTESIAN_POINT('Origin',(6.56598721179285,-48.0659872117929,-70.));
#11509=CARTESIAN_POINT('Origin',(6.56598721179285,-48.0659872117929,-70.));
#11510=CARTESIAN_POINT('',(0.,0.,0.));
#11511=CARTESIAN_POINT('',(0.,0.,0.));
#11512=CARTESIAN_POINT('',(0.,0.,0.));
#11513=CARTESIAN_POINT('',(0.,0.,0.));
#11514=CARTESIAN_POINT('Origin',(-3.5,-110.363434969986,-69.4955217072154));
#11515=CARTESIAN_POINT('',(-3.5,-121.338434969986,-69.4955217072154));
#11516=CARTESIAN_POINT('Origin',(-3.5,-110.363434969986,-69.4955217072154));
#11517=CARTESIAN_POINT('',(-3.5,-114.313434969986,-69.4955217072154));
#11518=CARTESIAN_POINT('Origin',(-3.5,-110.363434969986,-69.4955217072154));
#11519=CARTESIAN_POINT('Origin',(0.,-110.363434969986,-69.4955217072154));
#11520=CARTESIAN_POINT('',(3.5,-114.313434969986,-69.4955217072154));
#11521=CARTESIAN_POINT('Origin',(3.5,-110.363434969986,-69.4955217072154));
#11522=CARTESIAN_POINT('',(0.,-114.313434969986,-69.4955217072154));
#11523=CARTESIAN_POINT('Origin',(0.,-110.363434969986,-69.4955217072154));
#11524=CARTESIAN_POINT('',(3.5,-121.338434969986,-69.4955217072154));
#11525=CARTESIAN_POINT('Origin',(3.5,-110.363434969986,-69.4955217072154));
#11526=CARTESIAN_POINT('',(0.,-121.338434969986,-69.4955217072154));
#11527=CARTESIAN_POINT('Origin',(3.5,-110.363434969986,-69.4955217072154));
#11528=CARTESIAN_POINT('',(0.,0.,0.));
#11529=CARTESIAN_POINT('Origin',(-10.,0.,-107.998589643531));
#11530=CARTESIAN_POINT('',(-10.,99.498743710662,-107.998589643531));
#11531=CARTESIAN_POINT('',(-10.,99.498743710662,-104.998589643531));
#11532=CARTESIAN_POINT('',(-10.,99.498743710662,-63.2492948217654));
#11533=CARTESIAN_POINT('',(-10.,109.544511501033,-107.998589643531));
#11534=CARTESIAN_POINT('',(-10.,0.,-107.998589643531));
#11535=CARTESIAN_POINT('',(-10.,109.544511501033,-104.998589643531));
#11536=CARTESIAN_POINT('',(-10.,109.544511501033,-63.2492948217654));
#11537=CARTESIAN_POINT('',(-10.,0.,-104.998589643531));
#11538=CARTESIAN_POINT('Origin',(-10.,0.,-104.998589643531));
#11539=CARTESIAN_POINT('',(10.,99.498743710662,-104.998589643531));
#11540=CARTESIAN_POINT('Origin',(0.,0.,-104.998589643531));
#11541=CARTESIAN_POINT('',(10.,109.544511501033,-104.998589643531));
#11542=CARTESIAN_POINT('Origin',(0.,0.,-104.998589643531));
#11543=CARTESIAN_POINT('',(10.,0.,-104.998589643531));
#11544=CARTESIAN_POINT('Origin',(10.,0.,-104.998589643531));
#11545=CARTESIAN_POINT('',(10.,99.498743710662,-107.998589643531));
#11546=CARTESIAN_POINT('',(10.,99.498743710662,-63.2492948217654));
#11547=CARTESIAN_POINT('',(10.,109.544511501033,-107.998589643531));
#11548=CARTESIAN_POINT('',(10.,109.544511501033,-63.2492948217654));
#11549=CARTESIAN_POINT('',(10.,0.,-107.998589643531));
#11550=CARTESIAN_POINT('Origin',(10.,0.,-107.998589643531));
#11551=CARTESIAN_POINT('Origin',(0.,0.,-107.998589643531));
#11552=CARTESIAN_POINT('Origin',(0.,0.,-107.998589643531));
#11553=CARTESIAN_POINT('Origin',(-12.,120.523989189796,-76.4985896435309));
#11554=CARTESIAN_POINT('',(-12.,109.343495462693,29.9999999999998));
#11555=CARTESIAN_POINT('',(-12.,109.343495462693,-76.4985896435309));
#11556=CARTESIAN_POINT('',(-12.,109.343495462693,-63.2492948217654));
#11557=CARTESIAN_POINT('',(-12.,120.523989189796,30.));
#11558=CARTESIAN_POINT('',(-12.,100.,30.));
#11559=CARTESIAN_POINT('',(-12.,120.523989189796,-76.4985896435309));
#11560=CARTESIAN_POINT('',(-12.,120.523989189796,-76.4985896435309));
#11561=CARTESIAN_POINT('',(-12.,100.,-76.4985896435309));
#11562=CARTESIAN_POINT('Origin',(10.4062497355172,118.000001758337,-76.4985896435309));
#11563=CARTESIAN_POINT('',(10.4062497355172,109.506666310513,30.));
#11564=CARTESIAN_POINT('',(10.4062497355172,109.506666310513,-76.4985896435309));
#11565=CARTESIAN_POINT('',(10.4062497355172,109.506666310513,-63.2492948217654));
#11566=CARTESIAN_POINT('',(10.4062497355172,118.000001758337,30.));
#11567=CARTESIAN_POINT('',(10.4062497355172,118.000001758337,30.));
#11568=CARTESIAN_POINT('',(10.4062497355172,118.000001758337,-76.4985896435309));
#11569=CARTESIAN_POINT('',(10.4062497355172,118.000001758337,-76.4985896435309));
#11570=CARTESIAN_POINT('',(10.4062497355172,118.000001758337,-76.4985896435309));
#11571=CARTESIAN_POINT('Origin',(0.,110.261994594898,-76.4985896435309));
#11572=CARTESIAN_POINT('',(-10.4062497355172,109.506666310513,-76.4985896435309));
#11573=CARTESIAN_POINT('Origin',(0.,0.,-76.4985896435309));
#11574=CARTESIAN_POINT('',(12.,120.523989189796,-76.4985896435309));
#11575=CARTESIAN_POINT('',(12.,120.523989189796,-76.4985896435309));
#11576=CARTESIAN_POINT('',(12.,109.343495462693,-76.4985896435309));
#11577=CARTESIAN_POINT('',(12.,100.,-76.4985896435309));
#11578=CARTESIAN_POINT('Origin',(0.,0.,-76.4985896435309));
#11579=CARTESIAN_POINT('',(-10.4062497355172,118.000001758337,-76.4985896435309));
#11580=CARTESIAN_POINT('',(0.,118.000001758337,-76.4985896435309));
#11581=CARTESIAN_POINT('',(-10.4062497355172,118.000001758337,-76.4985896435309));
#11582=CARTESIAN_POINT('Origin',(-10.4062497355172,106.000001579523,-76.4985896435309));
#11583=CARTESIAN_POINT('',(-10.4062497355172,109.506666310513,29.9999999999998));
#11584=CARTESIAN_POINT('',(-10.4062497355172,109.506666310513,-63.2492948217654));
#11585=CARTESIAN_POINT('',(-10.4062497355172,118.000001758337,30.));
#11586=CARTESIAN_POINT('',(-10.4062497355172,118.000001758337,-76.4985896435309));
#11587=CARTESIAN_POINT('',(-10.4062497355172,118.000001758337,30.));
#11588=CARTESIAN_POINT('Origin',(-10.4062497355172,118.000001758337,-76.4985896435309));
#11589=CARTESIAN_POINT('',(0.,118.000001758337,30.));
#11590=CARTESIAN_POINT('Origin',(12.,120.523989189796,-76.4985896435309));
#11591=CARTESIAN_POINT('',(12.,120.523989189796,30.));
#11592=CARTESIAN_POINT('',(12.,120.523989189796,30.));
#11593=CARTESIAN_POINT('',(12.,120.523989189796,-76.4985896435309));
#11594=CARTESIAN_POINT('Origin',(12.,100.,-76.4985896435309));
#11595=CARTESIAN_POINT('',(12.,109.343495462693,30.));
#11596=CARTESIAN_POINT('',(12.,109.343495462693,-63.2492948217654));
#11597=CARTESIAN_POINT('',(12.,100.,30.));
#11598=CARTESIAN_POINT('Origin',(0.,110.,30.));
#11599=CARTESIAN_POINT('',(-15.3090411056072,108.929487561573,30.));
#11600=CARTESIAN_POINT('Origin',(-9.2148511043888E-14,-1.03028696685215E-12,
29.9999999999855));
#11601=CARTESIAN_POINT('',(-14.9143046525569,106.120791755217,30.));
#11602=CARTESIAN_POINT('',(-15.3090411056072,108.929487561573,30.));
#11603=CARTESIAN_POINT('',(14.9143046525569,106.120791755217,30.));
#11604=CARTESIAN_POINT('Origin',(-5.90638649100583E-13,-4.76063632959267E-12,
29.9999999999855));
#11605=CARTESIAN_POINT('',(15.3090411056072,108.929487561573,30.));
#11606=CARTESIAN_POINT('',(15.3090411056072,108.929487561573,30.));
#11607=CARTESIAN_POINT('Origin',(-9.2148511043888E-14,-1.03028696685215E-12,
29.9999999999855));
#11608=CARTESIAN_POINT('Origin',(-9.2148511043888E-14,-1.03028696685215E-12,
29.9999999999855));
#11609=CARTESIAN_POINT('Origin',(0.,102.836298468075,30.));
#11610=CARTESIAN_POINT('',(-14.3120465490568,101.835502680512,30.));
#11611=CARTESIAN_POINT('',(14.3120465490568,101.835502680512,30.));
#11612=CARTESIAN_POINT('Origin',(-5.52891066263328E-13,-3.85469434149854E-12,
29.9999999999855));
#11613=CARTESIAN_POINT('',(-13.9173100960065,99.026806874157,30.));
#11614=CARTESIAN_POINT('',(-15.3090411056072,108.929487561573,30.));
#11615=CARTESIAN_POINT('',(13.9173100960065,99.026806874157,30.));
#11616=CARTESIAN_POINT('Origin',(-6.96109836439973E-13,-7.51398943066306E-12,
29.9999999999855));
#11617=CARTESIAN_POINT('',(15.3090411056072,108.929487561573,30.));
#11618=CARTESIAN_POINT('Origin',(-14.6131756008069,103.978147217865,-52.200940411993));
#11619=CARTESIAN_POINT('',(-15.3090411056072,108.929487561573,-156.498589643531));
#11620=CARTESIAN_POINT('',(-13.9173100960065,99.026806874157,-156.498589643531));
#11621=CARTESIAN_POINT('',(-13.9173100960065,99.026806874157,-156.498589643531));
#11622=CARTESIAN_POINT('',(-13.9173100960065,99.026806874157,-101.498589643531));
#11623=CARTESIAN_POINT('',(-14.3120465490568,101.835502680512,52.0967088195448));
#11624=CARTESIAN_POINT('',(-14.3120465490568,101.835502680512,30.));
#11625=CARTESIAN_POINT('',(-14.9143046525569,106.120791755217,52.0967088195448));
#11626=CARTESIAN_POINT('',(-14.9143046525569,106.120791755217,52.0967088195448));
#11627=CARTESIAN_POINT('',(-14.9143046525569,106.120791755217,30.));
#11628=CARTESIAN_POINT('',(-15.3090411056072,108.929487561573,-156.498589643531));
#11629=CARTESIAN_POINT('Origin',(0.,0.,-63.2492948217654));
#11630=CARTESIAN_POINT('',(13.9173100960065,99.026806874157,-156.498589643531));
#11631=CARTESIAN_POINT('Origin',(4.54081217071689E-13,-7.62057084102707E-12,
-156.498589643531));
#11632=CARTESIAN_POINT('',(13.9173100960065,99.026806874157,-101.498589643531));
#11633=CARTESIAN_POINT('Origin',(0.,0.,41.0483544097724));
#11634=CARTESIAN_POINT('',(14.3120465490568,101.835502680512,52.0967088195448));
#11635=CARTESIAN_POINT('',(14.3120465490568,101.835502680512,30.));
#11636=CARTESIAN_POINT('Origin',(-5.52891066263328E-13,-3.85469434149854E-12,
52.0967088195285));
#11637=CARTESIAN_POINT('Origin',(0.,107.163701531925,52.0967088195448));
#11638=CARTESIAN_POINT('',(14.9143046525569,106.120791755217,52.0967088195448));
#11639=CARTESIAN_POINT('',(14.9143046525569,106.120791755217,52.0967088195448));
#11640=CARTESIAN_POINT('Origin',(-4.10782519111308E-13,-4.72510919280467E-12,
52.0967088195285));
#11641=CARTESIAN_POINT('Origin',(0.,0.,41.0483544097724));
#11642=CARTESIAN_POINT('',(14.9143046525569,106.120791755217,30.));
#11643=CARTESIAN_POINT('Origin',(0.,0.,-63.2492948217654));
#11644=CARTESIAN_POINT('',(15.3090411056072,108.929487561573,-156.498589643531));
#11645=CARTESIAN_POINT('',(15.3090411056072,108.929487561573,-156.498589643531));
#11646=CARTESIAN_POINT('Origin',(-7.66053886991358E-14,-1.03028696685215E-12,
-156.498589643531));
#11647=CARTESIAN_POINT('Origin',(0.,100.,-156.498589643531));
#11648=CARTESIAN_POINT('',(13.9173100960065,99.026806874157,-156.498589643531));
#11649=CARTESIAN_POINT('Origin',(14.6131756008069,103.978147217865,-52.200940411993));
#11650=CARTESIAN_POINT('Origin',(0.,-135.548370319132,86.8920988168557));
#11651=CARTESIAN_POINT('',(-10.4062497355172,118.000001758337,86.8921023386401));
#11652=CARTESIAN_POINT('',(10.4062497355172,118.000001758337,86.8921023386401));
#11653=CARTESIAN_POINT('',(10.4062497355172,118.000001758337,86.8921023386401));
#11654=CARTESIAN_POINT('',(10.4062497355172,87.2304810305049,207.955554799539));
#11655=CARTESIAN_POINT('Origin',(10.4062497355171,-135.548370319132,86.8920988168557));
#11656=CARTESIAN_POINT('',(-10.4062497355172,87.2304810305049,207.955554799539));
#11657=CARTESIAN_POINT('',(10.4062497355172,87.2304810305049,207.955554799539));
#11658=CARTESIAN_POINT('Origin',(-10.4062497355171,-135.548370319132,86.8920988168557));
#11659=CARTESIAN_POINT('Origin',(0.,-135.548370319132,86.8920988168557));
#11660=CARTESIAN_POINT('',(-12.,109.343495462693,86.8921023386401));
#11661=CARTESIAN_POINT('',(-10.4062497355172,109.506666310513,86.8921023386401));
#11662=CARTESIAN_POINT('Origin',(4.9960036108132E-14,-4.63629135083465E-12,
86.8921023386401));
#11663=CARTESIAN_POINT('',(-10.4062497355172,79.7678595434405,203.900184585851));
#11664=CARTESIAN_POINT('Origin',(-10.4062497355172,-135.548370319132,86.8920988168559));
#11665=CARTESIAN_POINT('',(-12.,79.6244903944785,203.822274299597));
#11666=CARTESIAN_POINT('Origin',(0.,-16.4495577487255,151.613297357147));
#11667=CARTESIAN_POINT('Origin',(-12.,-135.548370319133,86.8920988168558));
#11668=CARTESIAN_POINT('Origin',(0.,-135.548370319132,86.8920988168557));
#11669=CARTESIAN_POINT('',(12.,120.523989189796,86.8921023386401));
#11670=CARTESIAN_POINT('',(-12.,120.523989189796,86.8921023386401));
#11671=CARTESIAN_POINT('',(-12.,120.523989189796,86.8921023386401));
#11672=CARTESIAN_POINT('',(-12.,89.4481684107809,209.160700117553));
#11673=CARTESIAN_POINT('Origin',(-11.9999999999999,-135.548370319132,86.8920988168556));
#11674=CARTESIAN_POINT('',(12.,89.4481684107809,209.160700117553));
#11675=CARTESIAN_POINT('',(-12.,89.4481684107809,209.160700117553));
#11676=CARTESIAN_POINT('Origin',(11.9999999999999,-135.548370319132,86.8920988168556));
#11677=CARTESIAN_POINT('Origin',(0.,-135.548370319132,86.8920988168557));
#11678=CARTESIAN_POINT('',(10.4062497355172,109.506666310513,86.8921023386401));
#11679=CARTESIAN_POINT('',(12.0000000000013,109.343495462693,86.8921023386401));
#11680=CARTESIAN_POINT('Origin',(4.9960036108132E-14,-4.63629135083465E-12,
86.8921023386401));
#11681=CARTESIAN_POINT('',(12.0000000000013,79.6244903944784,203.822274299597));
#11682=CARTESIAN_POINT('Origin',(12.0000000000012,-135.548370319132,86.8920988168558));
#11683=CARTESIAN_POINT('',(10.4062497355172,79.7678595434405,203.900184585851));
#11684=CARTESIAN_POINT('Origin',(0.,-16.4495577487255,151.613297357147));
#11685=CARTESIAN_POINT('Origin',(10.4062497355171,-135.548370319133,86.8920988168558));
#11686=CARTESIAN_POINT('Origin',(-10.4062497355172,118.000001758337,30.1));
#11687=CARTESIAN_POINT('',(10.4062497355172,118.000001758337,30.1));
#11688=CARTESIAN_POINT('',(-10.4062497355172,118.000001758337,30.1));
#11689=CARTESIAN_POINT('',(10.4062497355172,118.000001758337,30.1));
#11690=CARTESIAN_POINT('',(10.4062497355172,118.000001758337,30.1));
#11691=CARTESIAN_POINT('',(-10.4062497355172,118.000001758337,30.1));
#11692=CARTESIAN_POINT('Origin',(-10.4062497355172,109.506666310513,30.1));
#11693=CARTESIAN_POINT('',(-10.4062497355172,109.506666310513,30.1));
#11694=CARTESIAN_POINT('',(-10.4062497355172,118.000001758337,30.1));
#11695=CARTESIAN_POINT('',(-10.4062497355172,87.2304810305049,207.955554799539));
#11696=CARTESIAN_POINT('',(-10.4062497355172,109.506666310513,58.49605116932));
#11697=CARTESIAN_POINT('Origin',(-12.,120.523989189796,30.1));
#11698=CARTESIAN_POINT('',(-12.,109.343495462693,30.1));
#11699=CARTESIAN_POINT('',(-12.,120.523989189796,30.1));
#11700=CARTESIAN_POINT('',(-12.,109.343495462693,30.1));
#11701=CARTESIAN_POINT('',(-12.,109.343495462693,58.49605116932));
#11702=CARTESIAN_POINT('',(-12.,79.6244903944785,203.822274299597));
#11703=CARTESIAN_POINT('',(-12.,120.523989189796,30.1));
#11704=CARTESIAN_POINT('Origin',(12.,120.523989189796,30.1));
#11705=CARTESIAN_POINT('',(12.,120.523989189796,30.1));
#11706=CARTESIAN_POINT('',(-12.,120.523989189796,30.1));
#11707=CARTESIAN_POINT('',(12.,120.523989189796,30.1));
#11708=CARTESIAN_POINT('Origin',(12.,109.343495462693,30.1));
#11709=CARTESIAN_POINT('',(12.0000000000013,109.343495462693,30.1));
#11710=CARTESIAN_POINT('',(12.,120.523989189796,30.1));
#11711=CARTESIAN_POINT('',(12.,89.4481684107809,209.160700117553));
#11712=CARTESIAN_POINT('',(12.,109.343495462693,58.49605116932));
#11713=CARTESIAN_POINT('Origin',(10.4062497355172,118.000001758337,30.1));
#11714=CARTESIAN_POINT('',(10.4062497355172,109.506666310513,30.1));
#11715=CARTESIAN_POINT('',(10.4062497355172,109.506666310513,30.1));
#11716=CARTESIAN_POINT('',(10.4062497355172,109.506666310513,58.49605116932));
#11717=CARTESIAN_POINT('',(10.4062497355172,79.7678595434405,203.900184585851));
#11718=CARTESIAN_POINT('Origin',(6.3948846218409E-13,84.5363294026296,206.491487208575));
#11719=CARTESIAN_POINT('Origin',(0.,0.,58.49605116932));
#11720=CARTESIAN_POINT('',(15.3090411056072,108.929487561573,86.8921023386401));
#11721=CARTESIAN_POINT('Origin',(4.9960036108132E-14,-4.63629135083465E-12,
86.8921023386401));
#11722=CARTESIAN_POINT('',(15.3090411056072,108.929487561573,30.1));
#11723=CARTESIAN_POINT('',(15.3090411056072,108.929487561573,-101.298591828308));
#11724=CARTESIAN_POINT('Origin',(4.9960036108132E-14,-4.63629135083465E-12,
30.1));
#11725=CARTESIAN_POINT('Origin',(0.,0.,58.49605116932));
#11726=CARTESIAN_POINT('',(-15.3090411056072,108.929487561573,30.1));
#11727=CARTESIAN_POINT('Origin',(4.9960036108132E-14,-4.63629135083465E-12,
30.1));
#11728=CARTESIAN_POINT('',(-15.3090411056072,108.929487561573,86.8921023386401));
#11729=CARTESIAN_POINT('',(-15.3090411056072,108.929487561573,-101.298591828308));
#11730=CARTESIAN_POINT('Origin',(4.9960036108132E-14,-4.63629135083465E-12,
86.8921023386401));
#11731=CARTESIAN_POINT('Origin',(0.,0.,58.49605116932));
#11732=CARTESIAN_POINT('Origin',(4.9960036108132E-14,-4.63629135083465E-12,
86.8921023386401));
#11733=CARTESIAN_POINT('Origin',(4.9960036108132E-14,-4.63629135083465E-12,
30.1));
#11734=CARTESIAN_POINT('Origin',(-7.30000000000007,8.60000000000049,252.197223774931));
#11735=CARTESIAN_POINT('',(-5.30000000000007,5.30000000000065,254.197223774931));
#11736=CARTESIAN_POINT('',(-5.30000000000007,3.05995642670567,254.197223774931));
#11737=CARTESIAN_POINT('',(-5.30000000000007,8.60000000000049,254.197223774931));
#11738=CARTESIAN_POINT('',(-9.30000000000007,5.36935750346418,250.197223774931));
#11739=CARTESIAN_POINT('',(-4.04254549607807,2.3339647303726,255.454678278853));
#11740=CARTESIAN_POINT('',(-9.30000000000007,9.30000000000066,250.197223774931));
#11741=CARTESIAN_POINT('',(-9.30000000000007,8.60000000000049,250.197223774931));
#11742=CARTESIAN_POINT('',(-9.30000000000007,9.30000000000066,250.197223774931));
#11743=CARTESIAN_POINT('Origin',(7.29999999999993,13.9000000000005,252.197223774931));
#11744=CARTESIAN_POINT('',(9.29999999999993,9.30000000000066,250.197223774931));
#11745=CARTESIAN_POINT('',(9.29999999999993,5.36935750346418,250.197223774931));
#11746=CARTESIAN_POINT('',(9.29999999999993,13.9000000000005,250.197223774931));
#11747=CARTESIAN_POINT('',(5.29999999999993,3.05995642670567,254.197223774931));
#11748=CARTESIAN_POINT('',(15.8328627790288,9.14110758751538,243.664360995902));
#11749=CARTESIAN_POINT('',(5.29999999999993,5.30000000000065,254.197223774931));
#11750=CARTESIAN_POINT('',(5.29999999999993,13.9000000000005,254.197223774931));
#11751=CARTESIAN_POINT('',(5.29999999999993,5.30000000000065,254.197223774931));
#11752=CARTESIAN_POINT('Origin',(-2.65000000000007,7.30000000000065,252.197223774931));
#11753=CARTESIAN_POINT('',(-2.65000000000007,9.30000000000066,250.197223774931));
#11754=CARTESIAN_POINT('',(-2.65000000000007,5.30000000000065,254.197223774931));
#11755=CARTESIAN_POINT('Origin',(-6.83481049534862E-14,6.55031584528842E-13,
260.197223774931));
#11756=CARTESIAN_POINT('',(-5.30000000000007,3.05995642670567,260.197223774931));
#11757=CARTESIAN_POINT('',(-5.30000000000007,3.05995642670567,260.197223774931));
#11758=CARTESIAN_POINT('',(-38.9711431702992,22.5000000000003,260.197223774931));
#11759=CARTESIAN_POINT('',(-6.83481049534862E-14,6.55031584528842E-13,260.197223774931));
#11760=CARTESIAN_POINT('',(-38.9711431702992,22.5000000000003,250.197223774931));
#11761=CARTESIAN_POINT('',(-38.9711431702992,22.5000000000003,260.197223774931));
#11762=CARTESIAN_POINT('',(-6.83481049534862E-14,6.55031584528842E-13,250.197223774931));
#11763=CARTESIAN_POINT('',(-21.8238401753676,12.6000000000005,255.197223774931));
#11764=CARTESIAN_POINT('Origin',(-19.4855715851497,11.2500000000005,255.197223774931));
#11765=CARTESIAN_POINT('Origin',(-5.30000000000007,-5.29999999999935,260.197223774931));
#11766=CARTESIAN_POINT('',(-5.30000000000007,5.30000000000065,260.197223774931));
#11767=CARTESIAN_POINT('',(-5.30000000000007,5.30000000000065,260.197223774931));
#11768=CARTESIAN_POINT('',(-5.30000000000007,16.5518687714553,260.197223774931));
#11769=CARTESIAN_POINT('Origin',(-5.30000000000007,5.30000000000065,260.197223774931));
#11770=CARTESIAN_POINT('',(5.29999999999993,5.30000000000065,260.197223774931));
#11771=CARTESIAN_POINT('',(5.29999999999993,5.30000000000065,260.197223774931));
#11772=CARTESIAN_POINT('',(-2.65000000000003,5.30000000000065,260.197223774931));
#11773=CARTESIAN_POINT('Origin',(5.29999999999993,5.30000000000065,260.197223774931));
#11774=CARTESIAN_POINT('',(5.29999999999993,3.05995642670567,260.197223774931));
#11775=CARTESIAN_POINT('',(5.29999999999993,3.05995642670567,260.197223774931));
#11776=CARTESIAN_POINT('',(5.29999999999993,21.8518687714553,260.197223774931));
#11777=CARTESIAN_POINT('Origin',(0.,38.40373754291,260.197223774931));
#11778=CARTESIAN_POINT('',(38.9711431702991,22.5000000000003,260.197223774931));
#11779=CARTESIAN_POINT('',(-6.83481049534862E-14,6.55031584528842E-13,260.197223774931));
#11780=CARTESIAN_POINT('Origin',(-6.83481049534862E-14,6.55031584528842E-13,
260.197223774931));
#11781=CARTESIAN_POINT('Origin',(-19.4855715851496,11.2500000000005,255.197223774931));
#11782=CARTESIAN_POINT('',(-24.3238401753676,8.2698729810783,255.197223774931));
#11783=CARTESIAN_POINT('Origin',(-21.9855715851496,6.9198729810783,255.197223774931));
#11784=CARTESIAN_POINT('',(-21.8238401753676,12.6000000000005,255.197223774931));
#11785=CARTESIAN_POINT('Origin',(-21.9855715851496,6.9198729810783,255.197223774931));
#11786=CARTESIAN_POINT('Origin',(19.4855715851495,11.2500000000005,255.197223774931));
#11787=CARTESIAN_POINT('',(16.8874953737962,9.7500000000005,255.197223774931));
#11788=CARTESIAN_POINT('Origin',(19.4855715851495,11.2500000000005,255.197223774931));
#11789=CARTESIAN_POINT('',(14.3874953737962,14.0801270189227,255.197223774931));
#11790=CARTESIAN_POINT('',(16.8874953737962,9.7500000000005,255.197223774931));
#11791=CARTESIAN_POINT('Origin',(16.9855715851495,15.5801270189227,255.197223774931));
#11792=CARTESIAN_POINT('Origin',(16.9855715851495,15.5801270189227,255.197223774931));
#11793=CARTESIAN_POINT('Origin',(-6.83481049534862E-14,6.55031584528842E-13,
260.197223774931));
#11794=CARTESIAN_POINT('',(6.26278954320293,44.5620630933705,253.314117016033));
#11795=CARTESIAN_POINT('',(6.26278954320294,44.5620630933706,250.197223774931));
#11796=CARTESIAN_POINT('',(6.26278954320294,44.5620630933706,260.197223774931));
#11797=CARTESIAN_POINT('',(-6.26278954320294,44.5620630933706,253.314117016033));
#11798=CARTESIAN_POINT('Origin',(0.,0.,253.314117016033));
#11799=CARTESIAN_POINT('',(-6.26278954320294,44.5620630933707,250.197223774931));
#11800=CARTESIAN_POINT('',(-6.26278954320294,44.5620630933707,260.197223774931));
#11801=CARTESIAN_POINT('Origin',(-6.83481049534862E-14,6.55031584528842E-13,
250.197223774931));
#11802=CARTESIAN_POINT('',(38.9711431702991,22.5000000000003,250.197223774931));
#11803=CARTESIAN_POINT('',(38.9711431702991,22.5000000000003,260.197223774931));
#11804=CARTESIAN_POINT('Origin',(-6.83481049534862E-14,6.55031584528842E-13,
250.197223774931));
#11805=CARTESIAN_POINT('Origin',(38.9711431702991,22.5000000000003,260.197223774931));
#11806=CARTESIAN_POINT('',(-6.83481049534862E-14,6.55031584528842E-13,250.197223774931));
#11807=CARTESIAN_POINT('Origin',(-6.66133814775094E-14,22.5000000000003,
250.197223774931));
#11808=CARTESIAN_POINT('',(-4.73132446219551,33.6651228250817,250.197223774931));
#11809=CARTESIAN_POINT('',(-5.82603571148822,41.4543981030524,250.197223774931));
#11810=CARTESIAN_POINT('',(4.73132446219551,33.6651228250817,250.197223774931));
#11811=CARTESIAN_POINT('Origin',(0.,0.,250.197223774931));
#11812=CARTESIAN_POINT('',(5.82603571148822,41.4543981030524,250.197223774931));
#11813=CARTESIAN_POINT('Ctrl Pts',(-4.73132446219551,33.6651228250817,250.197223774931));
#11814=CARTESIAN_POINT('Ctrl Pts',(0.,34.3300671142465,250.197223774931));
#11815=CARTESIAN_POINT('Ctrl Pts',(4.73132446219551,33.6651228250817,250.197223774931));
#11816=CARTESIAN_POINT('Ctrl Pts',(-4.89006071658275,34.7945899633933,249.224916449354));
#11817=CARTESIAN_POINT('Ctrl Pts',(0.,35.4818431782472,249.224916449354));
#11818=CARTESIAN_POINT('Ctrl Pts',(4.89006071658274,34.7945899633933,249.224916449354));
#11819=CARTESIAN_POINT('Ctrl Pts',(-5.0328448978476,35.8105522036006,248.132346930099));
#11820=CARTESIAN_POINT('Ctrl Pts',(0.,36.5178724264718,248.132346930099));
#11821=CARTESIAN_POINT('Ctrl Pts',(5.03284489784759,35.8105522036006,248.132346930099));
#11822=CARTESIAN_POINT('',(-5.03284489784758,35.8105522036006,248.132346930099));
#11823=CARTESIAN_POINT('Origin',(-2.29356310571543,16.319549478785,229.65));
#11824=CARTESIAN_POINT('',(5.03284489784758,35.8105522036006,248.132346930099));
#11825=CARTESIAN_POINT('Origin',(-4.94604357470507E-13,-7.24753590475302E-12,
248.132346930099));
#11826=CARTESIAN_POINT('Origin',(2.29356310571543,16.319549478785,229.65));
#11827=CARTESIAN_POINT('Origin',(-8.55115117003515,60.8446021267984,145.148611887466));
#11828=CARTESIAN_POINT('Origin',(18.864687027397,-134.229222896994,86.8920988168557));
#11829=CARTESIAN_POINT('',(-14.9282219626529,106.219818562092,30.1));
#11830=CARTESIAN_POINT('',(-14.9282219626529,106.219818562091,30.1));
#11831=CARTESIAN_POINT('',(-14.9282219626529,106.219818562091,52.1967088195448));
#11832=CARTESIAN_POINT('',(-14.9282219626529,106.219818562091,30.));
#11833=CARTESIAN_POINT('',(-14.2981292389608,101.736475873638,52.1967088195448));
#11834=CARTESIAN_POINT('',(-14.2981292389608,101.736475873638,52.1967088195448));
#11835=CARTESIAN_POINT('',(-14.2981292389608,101.736475873638,30.1));
#11836=CARTESIAN_POINT('',(-14.2981292389608,101.736475873638,30.));
#11837=CARTESIAN_POINT('',(-13.9173100960065,99.026806874157,30.1));
#11838=CARTESIAN_POINT('',(-14.2981292389608,101.736475873638,30.1));
#11839=CARTESIAN_POINT('',(-13.9173100960065,99.026806874157,86.8920988168557));
#11840=CARTESIAN_POINT('',(-13.9173100960065,99.026806874157,-101.498589643531));
#11841=CARTESIAN_POINT('Origin',(18.864687027397,-134.229222896994,86.8920988168557));
#11842=CARTESIAN_POINT('Origin',(0.,0.,41.1483544097724));
#11843=CARTESIAN_POINT('',(14.2981292389608,101.736475873638,52.1967088195448));
#11844=CARTESIAN_POINT('Origin',(5.48450174164827E-13,-3.97903932025656E-12,
52.1967088195448));
#11845=CARTESIAN_POINT('',(14.2981292389608,101.736475873638,30.1));
#11846=CARTESIAN_POINT('',(14.2981292389608,101.736475873638,30.));
#11847=CARTESIAN_POINT('Origin',(-5.48450174164827E-13,-3.97903932025656E-12,
30.1));
#11848=CARTESIAN_POINT('Origin',(0.,100.,30.1));
#11849=CARTESIAN_POINT('',(13.9173100960065,99.026806874157,30.1));
#11850=CARTESIAN_POINT('',(14.2981292389608,101.736475873638,30.1));
#11851=CARTESIAN_POINT('Origin',(-1.96509475358653E-13,-3.85469434149854E-12,
30.1));
#11852=CARTESIAN_POINT('Origin',(0.,0.,58.4960494084279));
#11853=CARTESIAN_POINT('',(13.9173100960065,99.026806874157,86.8920988168557));
#11854=CARTESIAN_POINT('',(13.9173100960065,99.026806874157,-101.498589643531));
#11855=CARTESIAN_POINT('Origin',(-1.96509475358653E-13,-3.85469434149854E-12,
86.8920988168557));
#11856=CARTESIAN_POINT('Ctrl Pts',(-5.03284489784759,35.8105522036006,248.132346930099));
#11857=CARTESIAN_POINT('Ctrl Pts',(0.,36.5178724264717,248.132346930099));
#11858=CARTESIAN_POINT('Ctrl Pts',(5.03284489784758,35.8105522036006,248.132346930099));
#11859=CARTESIAN_POINT('Ctrl Pts',(-13.9173100960066,99.0268068741571,180.149354805846));
#11860=CARTESIAN_POINT('Ctrl Pts',(0.,100.982757251862,180.149354805846));
#11861=CARTESIAN_POINT('Ctrl Pts',(13.9173100960065,99.0268068741571,180.149354805846));
#11862=CARTESIAN_POINT('Ctrl Pts',(-13.9173100960065,99.026806874157,86.8920988168557));
#11863=CARTESIAN_POINT('Ctrl Pts',(0.,100.982757251862,86.8920988168557));
#11864=CARTESIAN_POINT('Ctrl Pts',(13.9173100960065,99.026806874157,86.8920988168557));
#11865=CARTESIAN_POINT('Origin',(-18.864687027397,-134.229222896994,86.8920988168557));
#11866=CARTESIAN_POINT('Ctrl Pts',(-6.26278954320286,44.56206309337,253.314117016033));
#11867=CARTESIAN_POINT('Ctrl Pts',(0.,45.4422407633372,253.314117016033));
#11868=CARTESIAN_POINT('Ctrl Pts',(6.26278954320286,44.56206309337,253.314117016033));
#11869=CARTESIAN_POINT('Ctrl Pts',(-15.3090409141725,108.929486199444,182.796742275684));
#11870=CARTESIAN_POINT('Ctrl Pts',(0.,111.081031588015,182.796742275684));
#11871=CARTESIAN_POINT('Ctrl Pts',(15.3090409141725,108.929486199444,182.796742275684));
#11872=CARTESIAN_POINT('Ctrl Pts',(-15.3090411056072,108.929487561573,86.8921023386401));
#11873=CARTESIAN_POINT('Ctrl Pts',(0.,111.081032977048,86.8921023386401));
#11874=CARTESIAN_POINT('Ctrl Pts',(15.3090411056072,108.929487561573,86.8921023386401));
#11875=CARTESIAN_POINT('Origin',(-18.864687027397,-134.229222896994,86.8920988168557));
#11876=CARTESIAN_POINT('Origin',(0.,107.263701531925,30.1));
#11877=CARTESIAN_POINT('',(14.9282219626529,106.219818562092,30.1));
#11878=CARTESIAN_POINT('',(14.9282219626529,106.219818562091,30.1));
#11879=CARTESIAN_POINT('Origin',(-3.77475828372553E-14,-4.45865566689463E-12,
30.1));
#11880=CARTESIAN_POINT('Origin',(0.,0.,41.1483544097724));
#11881=CARTESIAN_POINT('',(14.9282219626529,106.219818562091,52.1967088195448));
#11882=CARTESIAN_POINT('',(14.9282219626529,106.219818562091,30.));
#11883=CARTESIAN_POINT('Origin',(-3.88578058618805E-14,-4.44089209850063E-12,
52.1967088195448));
#11884=CARTESIAN_POINT('Origin',(0.,102.736298468075,52.1967088195448));
#11885=CARTESIAN_POINT('',(14.2981292389608,101.736475873638,52.1967088195448));
#11886=CARTESIAN_POINT('Origin',(8.55115117003515,60.8446021267984,145.148611887466));
#11887=CARTESIAN_POINT('',(0.,0.,0.));
#11888=CARTESIAN_POINT('Origin',(-82.7411291287059,-64.6444549091941,-52.200940411993));
#11889=CARTESIAN_POINT('',(-86.6811828967395,-67.7227622858224,-156.498589643531));
#11890=CARTESIAN_POINT('',(-78.8010753606722,-61.5661475325658,-156.498589643531));
#11891=CARTESIAN_POINT('',(-78.8010753606722,-61.5661475325658,-156.498589643531));
#11892=CARTESIAN_POINT('',(-78.8010753606722,-61.5661475325658,30.));
#11893=CARTESIAN_POINT('',(-78.8010753606722,-61.5661475325658,-101.498589643531));
#11894=CARTESIAN_POINT('',(-81.0361090539537,-63.3123472318848,30.));
#11895=CARTESIAN_POINT('',(-86.6811828967394,-67.7227622858224,30.));
#11896=CARTESIAN_POINT('',(-81.0361090539537,-63.3123472318848,52.0967088195448));
#11897=CARTESIAN_POINT('',(-81.0361090539537,-63.3123472318848,30.));
#11898=CARTESIAN_POINT('',(-84.446149203458,-65.9765625865034,52.0967088195448));
#11899=CARTESIAN_POINT('',(-84.446149203458,-65.9765625865034,52.0967088195448));
#11900=CARTESIAN_POINT('',(-84.446149203458,-65.9765625865034,30.));
#11901=CARTESIAN_POINT('',(-84.446149203458,-65.9765625865034,30.));
#11902=CARTESIAN_POINT('',(-86.6811828967394,-67.7227622858224,30.));
#11903=CARTESIAN_POINT('',(-86.6811828967394,-67.7227622858224,30.));
#11904=CARTESIAN_POINT('',(-86.6811828967395,-67.7227622858224,-156.498589643531));
#11905=CARTESIAN_POINT('Origin',(0.,0.,-63.2492948217655));
#11906=CARTESIAN_POINT('',(-92.7183854566788,-37.4606593415912,-156.498589643531));
#11907=CARTESIAN_POINT('Origin',(6.3682392692499E-12,4.20552481728009E-12,
-156.498589643531));
#11908=CARTESIAN_POINT('',(-92.7183854566788,-37.4606593415912,30.));
#11909=CARTESIAN_POINT('',(-92.7183854566788,-37.4606593415912,-101.498589643531));
#11910=CARTESIAN_POINT('Origin',(6.85673740008497E-12,3.15303338993544E-12,
29.9999999999855));
#11911=CARTESIAN_POINT('Origin',(-89.0588469045118,-51.4181492340375,30.));
#11912=CARTESIAN_POINT('',(-95.3481556030105,-38.5231554486276,30.));
#11913=CARTESIAN_POINT('',(-101.990224002347,-41.2067252757503,30.));
#11914=CARTESIAN_POINT('Origin',(3.61488616817951E-12,1.4477308241112E-12,
29.9999999999855));
#11915=CARTESIAN_POINT('Origin',(0.,0.,41.0483544097724));
#11916=CARTESIAN_POINT('',(-95.3481556030105,-38.5231554486276,52.0967088195448));
#11917=CARTESIAN_POINT('',(-95.3481556030105,-38.5231554486276,30.));
#11918=CARTESIAN_POINT('Origin',(3.61488616817951E-12,1.4477308241112E-12,
52.0967088195285));
#11919=CARTESIAN_POINT('Origin',(-92.8064878902204,-53.5818507659624,52.0967088195448));
#11920=CARTESIAN_POINT('',(-99.3604538560149,-40.1442291687139,52.0967088195448));
#11921=CARTESIAN_POINT('',(-99.3604538560149,-40.1442291687139,52.0967088195448));
#11922=CARTESIAN_POINT('Origin',(4.29878355134861E-12,2.00728322852228E-12,
52.0967088195285));
#11923=CARTESIAN_POINT('Origin',(0.,0.,41.0483544097724));
#11924=CARTESIAN_POINT('',(-99.3604538560149,-40.1442291687139,30.));
#11925=CARTESIAN_POINT('',(-99.3604538560149,-40.1442291687139,30.));
#11926=CARTESIAN_POINT('Origin',(4.41424674590962E-12,1.86961557346876E-12,
29.9999999999855));
#11927=CARTESIAN_POINT('Origin',(-95.2627944162883,-55.,30.));
#11928=CARTESIAN_POINT('',(-101.990224002347,-41.2067252757503,30.));
#11929=CARTESIAN_POINT('',(-101.990224002347,-41.2067252757503,30.));
#11930=CARTESIAN_POINT('Origin',(9.41469124882133E-13,4.35207425653061E-13,
29.9999999999855));
#11931=CARTESIAN_POINT('Origin',(0.,0.,-63.2492948217655));
#11932=CARTESIAN_POINT('',(-101.990224002347,-41.2067252757503,-156.498589643531));
#11933=CARTESIAN_POINT('',(-101.990224002347,-41.2067252757503,-156.498589643531));
#11934=CARTESIAN_POINT('Origin',(9.32587340685131E-13,4.48530101948563E-13,
-156.498589643531));
#11935=CARTESIAN_POINT('Origin',(-86.6025403784439,-50.,-156.498589643531));
#11936=CARTESIAN_POINT('',(-92.7183854566788,-37.4606593415912,-156.498589643531));
#11937=CARTESIAN_POINT('Origin',(-97.3543047295127,-39.3336923086708,-52.200940411993));
#11938=CARTESIAN_POINT('Origin',(-7.30000000000007,-8.27499999999978,252.197223774931));
#11939=CARTESIAN_POINT('',(-9.30000000000007,-9.29999999999935,250.197223774931));
#11940=CARTESIAN_POINT('',(-9.30000000000007,5.36935750346287,250.197223774931));
#11941=CARTESIAN_POINT('',(-9.30000000000007,-8.27499999999978,250.197223774931));
#11942=CARTESIAN_POINT('',(-5.30000000000007,3.05995642670436,254.197223774931));
#11943=CARTESIAN_POINT('',(-13.0894180177549,7.55717901608565,246.407805757176));
#11944=CARTESIAN_POINT('',(-5.30000000000007,-5.29999999999935,254.197223774931));
#11945=CARTESIAN_POINT('',(-5.30000000000007,-8.27499999999978,254.197223774931));
#11946=CARTESIAN_POINT('',(-5.30000000000007,-5.29999999999935,254.197223774931));
#11947=CARTESIAN_POINT('Origin',(-7.0927857925751,-7.29999999999935,252.197223774931));
#11948=CARTESIAN_POINT('',(-5.34572386357013E-13,-5.29999999999935,254.197223774931));
#11949=CARTESIAN_POINT('',(-7.0927857925751,-5.29999999999935,254.197223774931));
#11950=CARTESIAN_POINT('',(-5.35488320352328E-13,-9.29999999999935,250.197223774931));
#11951=CARTESIAN_POINT('',(-5.34572386357013E-13,-3.4749999999996,256.022223774931));
#11952=CARTESIAN_POINT('',(-7.0927857925751,-9.29999999999935,250.197223774931));
#11953=CARTESIAN_POINT('Origin',(-5.32907051820075E-13,-3.86357612569554E-13,
260.197223774931));
#11954=CARTESIAN_POINT('',(-5.34378097327703E-13,-5.29999999999935,260.197223774931));
#11955=CARTESIAN_POINT('',(-5.34572386357013E-13,-5.29999999999935,260.197223774931));
#11956=CARTESIAN_POINT('',(-5.50670620214078E-13,-44.9999999999997,260.197223774931));
#11957=CARTESIAN_POINT('',(-5.32907051820075E-13,-3.86357612569554E-13,
260.197223774931));
#11958=CARTESIAN_POINT('',(-5.50670620214078E-13,-44.9999999999997,250.197223774931));
#11959=CARTESIAN_POINT('',(-5.50670620214078E-13,-44.9999999999997,260.197223774931));
#11960=CARTESIAN_POINT('',(-5.32907051820075E-13,-3.86357612569554E-13,
250.197223774931));
#11961=CARTESIAN_POINT('',(-5.41788836017076E-13,-25.2000000000001,255.197223774931));
#11962=CARTESIAN_POINT('Origin',(-5.32907051820075E-13,-22.5000000000001,
255.197223774931));
#11963=CARTESIAN_POINT('Origin',(5.29999999999993,-5.29999999999935,260.197223774931));
#11964=CARTESIAN_POINT('',(-5.30000000000007,-5.29999999999935,260.197223774931));
#11965=CARTESIAN_POINT('',(-5.30000000000007,-5.29999999999935,260.197223774931));
#11966=CARTESIAN_POINT('',(-13.9793061562152,-5.29999999999935,260.197223774931));
#11967=CARTESIAN_POINT('Origin',(-5.30000000000007,-5.29999999999935,260.197223774931));
#11968=CARTESIAN_POINT('',(-5.30000000000007,3.05995642670436,260.197223774931));
#11969=CARTESIAN_POINT('',(-5.30000000000007,3.05995642670436,260.197223774931));
#11970=CARTESIAN_POINT('',(-5.30000000000007,-12.2509343857272,260.197223774931));
#11971=CARTESIAN_POINT('Origin',(-11.5000000000001,2.19285638276984E-13,
260.197223774931));
#11972=CARTESIAN_POINT('',(-10.5500000000001,2.19401979722903E-13,260.197223774931));
#11973=CARTESIAN_POINT('Origin',(-11.5000000000001,2.19285638276984E-13,
260.197223774931));
#11974=CARTESIAN_POINT('',(-10.5500000000001,2.19401979722903E-13,250.197223774931));
#11975=CARTESIAN_POINT('',(-10.5500000000001,2.19169296831065E-13,260.197223774931));
#11976=CARTESIAN_POINT('Origin',(-11.5000000000001,2.19285638276984E-13,
250.197223774931));
#11977=CARTESIAN_POINT('Origin',(-38.9711431702997,22.4999999999993,260.197223774931));
#11978=CARTESIAN_POINT('',(-38.9711431702997,22.4999999999993,250.197223774931));
#11979=CARTESIAN_POINT('',(-5.32907051820075E-13,-3.86357612569554E-13,
250.197223774931));
#11980=CARTESIAN_POINT('',(-38.9711431702997,22.4999999999993,260.197223774931));
#11981=CARTESIAN_POINT('',(-38.9711431702997,22.4999999999993,260.197223774931));
#11982=CARTESIAN_POINT('',(-5.32907051820075E-13,-3.86357612569554E-13,
260.197223774931));
#11983=CARTESIAN_POINT('',(-16.8874953737968,9.74999999999945,255.197223774931));
#11984=CARTESIAN_POINT('Origin',(-19.4855715851501,11.2499999999995,255.197223774931));
#11985=CARTESIAN_POINT('Origin',(-33.2586123124303,-19.201868771455,260.197223774931));
#11986=CARTESIAN_POINT('Origin',(-5.32907051820075E-13,-3.86357612569554E-13,
260.197223774931));
#11987=CARTESIAN_POINT('Origin',(-56.9685467099817,-23.0167869185477,145.148611887466));
#11988=CARTESIAN_POINT('',(-41.7232734555054,-16.857296703716,250.197223774931));
#11989=CARTESIAN_POINT('',(-31.5205138191418,-12.7351142347328,250.197223774931));
#11990=CARTESIAN_POINT('',(-38.8135797115809,-15.6817041220221,250.197223774931));
#11991=CARTESIAN_POINT('',(-33.5292703807907,-13.5467045669574,248.132346930099));
#11992=CARTESIAN_POINT('Origin',(-15.2799259798027,-6.17349082466023,229.65));
#11993=CARTESIAN_POINT('',(-92.7183854566788,-37.4606593415912,86.8920988168557));
#11994=CARTESIAN_POINT('Origin',(125.67826047274,50.7773132483287,86.8920988168557));
#11995=CARTESIAN_POINT('',(-92.7183854566788,-37.4606593415912,30.1));
#11996=CARTESIAN_POINT('',(-92.7183854566788,-37.4606593415912,-101.498589643531));
#11997=CARTESIAN_POINT('',(-95.2554372175538,-38.485694789286,30.1));
#11998=CARTESIAN_POINT('',(-95.2554372175538,-38.485694789286,30.1));
#11999=CARTESIAN_POINT('',(-95.2554372175538,-38.485694789286,52.1967088195448));
#12000=CARTESIAN_POINT('',(-95.2554372175538,-38.485694789286,30.));
#12001=CARTESIAN_POINT('',(-99.4531722414716,-40.1816898280555,52.1967088195448));
#12002=CARTESIAN_POINT('',(-95.2554372175538,-38.485694789286,52.1967088195448));
#12003=CARTESIAN_POINT('',(-99.4531722414716,-40.1816898280555,30.1));
#12004=CARTESIAN_POINT('',(-99.4531722414716,-40.1816898280555,30.));
#12005=CARTESIAN_POINT('',(-101.990224002347,-41.2067252757503,30.1));
#12006=CARTESIAN_POINT('',(-99.4531722414716,-40.1816898280555,30.1));
#12007=CARTESIAN_POINT('',(-101.990224002347,-41.2067252757503,86.8921023386401));
#12008=CARTESIAN_POINT('',(-101.990224002347,-41.2067252757503,-101.298591828308));
#12009=CARTESIAN_POINT('',(-41.7232734555053,-16.857296703716,253.314117016033));
#12010=CARTESIAN_POINT('Origin',(125.67826047274,50.7773132483287,86.8920988168557));
#12011=CARTESIAN_POINT('',(-41.7232734555054,-16.857296703716,260.197223774931));
#12012=CARTESIAN_POINT('Origin',(-88.9722443641334,-51.3681492340375,52.1967088195448));
#12013=CARTESIAN_POINT('',(-84.5249502788187,-66.038128734036,52.1967088195448));
#12014=CARTESIAN_POINT('Origin',(3.86357612569554E-12,2.18491891246231E-12,
52.1967088195448));
#12015=CARTESIAN_POINT('',(-80.957307978593,-63.2507810843523,52.1967088195448));
#12016=CARTESIAN_POINT('Origin',(3.17079695832945E-12,2.46469511466785E-12,
52.1967088195448));
#12017=CARTESIAN_POINT('',(-80.957307978593,-63.2507810843523,52.1967088195448));
#12018=CARTESIAN_POINT('Origin',(0.,0.,41.1483544097724));
#12019=CARTESIAN_POINT('',(-84.5249502788187,-66.038128734036,30.1));
#12020=CARTESIAN_POINT('Origin',(3.88133969408955E-12,2.19824158875781E-12,
30.1));
#12021=CARTESIAN_POINT('',(-84.5249502788187,-66.038128734036,30.));
#12022=CARTESIAN_POINT('Origin',(-92.8930904305988,-53.6318507659624,30.1));
#12023=CARTESIAN_POINT('',(-86.6811828967394,-67.7227622858224,30.1));
#12024=CARTESIAN_POINT('Origin',(3.98792110445356E-12,2.36255459640233E-12,
30.1));
#12025=CARTESIAN_POINT('',(-84.5249502788187,-66.038128734036,30.1));
#12026=CARTESIAN_POINT('Origin',(0.,0.,58.49605116932));
#12027=CARTESIAN_POINT('',(-86.6811828967394,-67.7227622858224,86.8921023386401));
#12028=CARTESIAN_POINT('Origin',(3.98792110445356E-12,2.36255459640233E-12,
86.8921023386401));
#12029=CARTESIAN_POINT('',(-86.6811828967394,-67.7227622858224,-101.298591828308));
#12030=CARTESIAN_POINT('Ctrl Pts',(-35.460483912302,-27.7047663896542,253.314117016034));
#12031=CARTESIAN_POINT('Ctrl Pts',(-39.3541349059387,-22.7211203816686,
253.314117016034));
#12032=CARTESIAN_POINT('Ctrl Pts',(-41.7232734555048,-16.8572967037158,
253.314117016034));
#12033=CARTESIAN_POINT('Ctrl Pts',(-86.6811818128188,-67.7227614389708,
182.796742275684));
#12034=CARTESIAN_POINT('Ctrl Pts',(-96.1989952338027,-55.5405157940075,
182.796742275684));
#12035=CARTESIAN_POINT('Ctrl Pts',(-101.990222726991,-41.2067247604733,
182.796742275684));
#12036=CARTESIAN_POINT('Ctrl Pts',(-86.6811828967394,-67.7227622858224,
86.8921023386401));
#12037=CARTESIAN_POINT('Ctrl Pts',(-96.1989964367405,-55.540516488524,86.8921023386401));
#12038=CARTESIAN_POINT('Ctrl Pts',(-101.990224002347,-41.2067252757503,
86.8921023386401));
#12039=CARTESIAN_POINT('',(-35.4604839123024,-27.7047663896546,253.314117016033));
#12040=CARTESIAN_POINT('Origin',(0.,0.,253.314117016034));
#12041=CARTESIAN_POINT('Origin',(106.813573445343,83.4519096486657,86.8920988168557));
#12042=CARTESIAN_POINT('Ctrl Pts',(-28.4964254829431,-22.2638476366431,
248.132346930099));
#12043=CARTESIAN_POINT('Ctrl Pts',(-31.6254052134838,-18.2589362132358,
248.132346930099));
#12044=CARTESIAN_POINT('Ctrl Pts',(-33.5292703807907,-13.5467045669573,
248.132346930099));
#12045=CARTESIAN_POINT('Ctrl Pts',(-78.8010753606723,-61.5661475325658,
180.149354805846));
#12046=CARTESIAN_POINT('Ctrl Pts',(-87.4536331243096,-50.4913786259309,
180.149354805846));
#12047=CARTESIAN_POINT('Ctrl Pts',(-92.7183854566788,-37.4606593415912,
180.149354805846));
#12048=CARTESIAN_POINT('Ctrl Pts',(-78.8010753606722,-61.5661475325658,
86.8920988168557));
#12049=CARTESIAN_POINT('Ctrl Pts',(-87.4536331243096,-50.4913786259309,
86.8920988168557));
#12050=CARTESIAN_POINT('Ctrl Pts',(-92.7183854566788,-37.4606593415912,
86.8920988168557));
#12051=CARTESIAN_POINT('',(-78.8010753606722,-61.5661475325658,86.8920988168557));
#12052=CARTESIAN_POINT('Origin',(3.43725048423948E-12,1.75859327100625E-12,
86.8920988168557));
#12053=CARTESIAN_POINT('',(-28.4964254829431,-22.2638476366432,248.132346930099));
#12054=CARTESIAN_POINT('Origin',(6.52811138479592E-12,3.19744231092045E-12,
248.132346930099));
#12055=CARTESIAN_POINT('Origin',(106.813573445343,83.4519096486657,86.8920988168557));
#12056=CARTESIAN_POINT('Origin',(0.,0.,58.4960494084279));
#12057=CARTESIAN_POINT('',(-78.8010753606722,-61.5661475325658,30.1));
#12058=CARTESIAN_POINT('Origin',(3.43725048423948E-12,1.75859327100625E-12,
30.1));
#12059=CARTESIAN_POINT('',(-78.8010753606722,-61.5661475325658,-101.498589643531));
#12060=CARTESIAN_POINT('Origin',(-86.6025403784439,-50.,30.1));
#12061=CARTESIAN_POINT('',(-80.957307978593,-63.2507810843523,30.1));
#12062=CARTESIAN_POINT('Origin',(3.72146757854352E-12,1.51434420558871E-12,
30.1));
#12063=CARTESIAN_POINT('',(-80.957307978593,-63.2507810843523,30.1));
#12064=CARTESIAN_POINT('Origin',(0.,0.,41.1483544097724));
#12065=CARTESIAN_POINT('',(-80.957307978593,-63.2507810843523,30.));
#12066=CARTESIAN_POINT('Origin',(-48.4173955399466,-37.8278152082507,145.148611887466));
#12067=CARTESIAN_POINT('',(-26.7891893569463,-20.9300085903489,250.197223774931));
#12068=CARTESIAN_POINT('',(-35.4604839123025,-27.7047663896546,250.197223774931));
#12069=CARTESIAN_POINT('',(-32.9875440000927,-25.7726939810303,250.197223774931));
#12070=CARTESIAN_POINT('',(-35.4604839123025,-27.7047663896546,260.197223774931));
#12071=CARTESIAN_POINT('Origin',(-12.9863628740872,-10.1460586541248,229.65));
#12072=CARTESIAN_POINT('Ctrl Pts',(-26.7891893569463,-20.9300085903489,
250.197223774931));
#12073=CARTESIAN_POINT('Ctrl Pts',(-29.7307102345622,-17.1650335571232,
250.197223774931));
#12074=CARTESIAN_POINT('Ctrl Pts',(-31.5205138191418,-12.7351142347328,
250.197223774931));
#12075=CARTESIAN_POINT('Ctrl Pts',(-27.6879684642703,-21.6322117883057,
249.224916449354));
#12076=CARTESIAN_POINT('Ctrl Pts',(-30.7281775654577,-17.7409215891236,
249.224916449354));
#12077=CARTESIAN_POINT('Ctrl Pts',(-32.5780291808531,-13.1623781750877,
249.224916449354));
#12078=CARTESIAN_POINT('Ctrl Pts',(-28.4964254829431,-22.2638476366432,
248.132346930099));
#12079=CARTESIAN_POINT('Ctrl Pts',(-31.6254052134838,-18.2589362132359,
248.132346930099));
#12080=CARTESIAN_POINT('Ctrl Pts',(-33.5292703807907,-13.5467045669574,
248.132346930099));
#12081=CARTESIAN_POINT('Origin',(0.,0.,250.197223774931));
#12082=CARTESIAN_POINT('Origin',(-19.4855715851501,-11.2500000000002,250.197223774931));
#12083=CARTESIAN_POINT('Origin',(-5.32907051820075E-13,-3.86357612569554E-13,
250.197223774931));
#12084=CARTESIAN_POINT('Origin',(-5.32907051820075E-13,-3.86357612569554E-13,
250.197223774931));
#12085=CARTESIAN_POINT('Origin',(-5.32907051820075E-13,-3.86357612569554E-13,
260.197223774931));
#12086=CARTESIAN_POINT('Origin',(-21.9855715851501,6.91987298107726,255.197223774931));
#12087=CARTESIAN_POINT('',(-19.3874953737968,5.41987298107726,255.197223774931));
#12088=CARTESIAN_POINT('Origin',(-21.9855715851501,6.91987298107726,255.197223774931));
#12089=CARTESIAN_POINT('Origin',(-19.4855715851501,11.2499999999995,255.197223774931));
#12090=CARTESIAN_POINT('',(-16.8874953737968,9.74999999999945,255.197223774931));
#12091=CARTESIAN_POINT('Origin',(4.99999999999946,-22.5000000000001,255.197223774931));
#12092=CARTESIAN_POINT('',(4.99999999999946,-25.2000000000001,255.197223774931));
#12093=CARTESIAN_POINT('Origin',(4.99999999999946,-22.5000000000001,255.197223774931));
#12094=CARTESIAN_POINT('Origin',(-5.41788836017076E-13,-22.5000000000001,
255.197223774931));
#12095=CARTESIAN_POINT('',(-5.42343947529389E-13,-25.2000000000001,255.197223774931));
#12096=CARTESIAN_POINT('',(0.,0.,0.));
#12097=CARTESIAN_POINT('Origin',(97.3543047295127,-39.3336923086708,-52.200940411993));
#12098=CARTESIAN_POINT('',(101.990224002347,-41.2067252757504,-156.498589643531));
#12099=CARTESIAN_POINT('',(92.7183854566787,-37.4606593415913,-156.498589643531));
#12100=CARTESIAN_POINT('',(92.7183854566787,-37.4606593415913,-156.498589643531));
#12101=CARTESIAN_POINT('',(92.7183854566787,-37.4606593415913,30.));
#12102=CARTESIAN_POINT('',(92.7183854566787,-37.4606593415913,-101.498589643531));
#12103=CARTESIAN_POINT('',(95.3481556030104,-38.5231554486276,30.));
#12104=CARTESIAN_POINT('',(101.990224002347,-41.2067252757504,30.));
#12105=CARTESIAN_POINT('',(95.3481556030104,-38.5231554486276,52.0967088195448));
#12106=CARTESIAN_POINT('',(95.3481556030105,-38.5231554486276,30.));
#12107=CARTESIAN_POINT('',(99.3604538560149,-40.144229168714,52.0967088195448));
#12108=CARTESIAN_POINT('',(99.3604538560149,-40.144229168714,52.0967088195448));
#12109=CARTESIAN_POINT('',(99.3604538560149,-40.144229168714,30.));
#12110=CARTESIAN_POINT('',(99.3604538560149,-40.144229168714,30.));
#12111=CARTESIAN_POINT('',(101.990224002347,-41.2067252757504,30.));
#12112=CARTESIAN_POINT('',(101.990224002347,-41.2067252757504,30.));
#12113=CARTESIAN_POINT('',(101.990224002347,-41.2067252757504,-156.498589643531));
#12114=CARTESIAN_POINT('Origin',(0.,0.,-63.2492948217654));
#12115=CARTESIAN_POINT('',(78.8010753606722,-61.5661475325659,-156.498589643531));
#12116=CARTESIAN_POINT('Origin',(-6.83009204749396E-12,3.41504602374698E-12,
-156.498589643531));
#12117=CARTESIAN_POINT('',(78.8010753606722,-61.5661475325659,30.));
#12118=CARTESIAN_POINT('',(78.8010753606722,-61.5661475325659,-101.498589643531));
#12119=CARTESIAN_POINT('Origin',(-6.15507644852187E-12,4.36095604072761E-12,
29.9999999999855));
#12120=CARTESIAN_POINT('Origin',(89.0588469045118,-51.4181492340376,30.));
#12121=CARTESIAN_POINT('',(81.0361090539536,-63.3123472318849,30.));
#12122=CARTESIAN_POINT('',(86.6811828967394,-67.7227622858225,30.));
#12123=CARTESIAN_POINT('Origin',(-3.06421554796543E-12,2.40696351738734E-12,
29.9999999999855));
#12124=CARTESIAN_POINT('Origin',(0.,0.,41.0483544097724));
#12125=CARTESIAN_POINT('',(81.0361090539536,-63.3123472318849,52.0967088195448));
#12126=CARTESIAN_POINT('',(81.0361090539536,-63.3123472318849,30.));
#12127=CARTESIAN_POINT('Origin',(-3.06421554796543E-12,2.40696351738734E-12,
52.0967088195285));
#12128=CARTESIAN_POINT('Origin',(92.8064878902203,-53.5818507659625,52.0967088195448));
#12129=CARTESIAN_POINT('',(84.4461492034579,-65.9765625865034,52.0967088195448));
#12130=CARTESIAN_POINT('',(84.4461492034579,-65.9765625865034,52.0967088195448));
#12131=CARTESIAN_POINT('Origin',(-3.89022147828655E-12,2.71782596428238E-12,
52.0967088195285));
#12132=CARTESIAN_POINT('Origin',(0.,0.,41.0483544097724));
#12133=CARTESIAN_POINT('',(84.4461492034579,-65.9765625865034,30.));
#12134=CARTESIAN_POINT('',(84.446149203458,-65.9765625865035,30.));
#12135=CARTESIAN_POINT('Origin',(-3.82804898890754E-12,2.89102075612391E-12,
29.9999999999855));
#12136=CARTESIAN_POINT('Origin',(95.2627944162882,-55.0000000000001,30.));
#12137=CARTESIAN_POINT('',(86.6811828967394,-67.7227622858224,30.));
#12138=CARTESIAN_POINT('',(86.6811828967394,-67.7227622858225,30.));
#12139=CARTESIAN_POINT('Origin',(-8.43769498715119E-13,5.95079541199084E-13,
29.9999999999855));
#12140=CARTESIAN_POINT('Origin',(0.,0.,-63.2492948217654));
#12141=CARTESIAN_POINT('',(86.6811828967394,-67.7227622858225,-156.498589643531));
#12142=CARTESIAN_POINT('',(86.6811828967394,-67.7227622858225,-156.498589643531));
#12143=CARTESIAN_POINT('Origin',(-8.5265128291212E-13,5.81756864903582E-13,
-156.498589643531));
#12144=CARTESIAN_POINT('Origin',(86.6025403784438,-50.0000000000001,-156.498589643531));
#12145=CARTESIAN_POINT('',(78.8010753606722,-61.5661475325659,-156.498589643531));
#12146=CARTESIAN_POINT('Origin',(82.7411291287058,-64.6444549091942,-52.200940411993));
#12147=CARTESIAN_POINT('Origin',(12.3927857925751,-7.29999999999935,252.197223774931));
#12148=CARTESIAN_POINT('',(9.29999999999993,-9.29999999999935,250.197223774931));
#12149=CARTESIAN_POINT('',(6.00863803157381E-13,-9.29999999999935,250.197223774931));
#12150=CARTESIAN_POINT('',(12.3927857925751,-9.29999999999935,250.197223774931));
#12151=CARTESIAN_POINT('',(5.99520433297585E-13,-5.29999999999935,254.197223774931));
#12152=CARTESIAN_POINT('',(5.96189764223709E-13,-14.7249999999994,244.772223774931));
#12153=CARTESIAN_POINT('',(5.29999999999993,-5.29999999999935,254.197223774931));
#12154=CARTESIAN_POINT('',(12.3927857925751,-5.29999999999935,254.197223774931));
#12155=CARTESIAN_POINT('',(5.29999999999993,-5.29999999999935,254.197223774931));
#12156=CARTESIAN_POINT('Origin',(7.29999999999993,-2.97499999999973,252.197223774931));
#12157=CARTESIAN_POINT('',(5.29999999999993,3.05995642670436,254.197223774931));
#12158=CARTESIAN_POINT('',(5.29999999999993,-2.97499999999973,254.197223774931));
#12159=CARTESIAN_POINT('',(9.29999999999993,5.36935750346286,250.197223774931));
#12160=CARTESIAN_POINT('',(2.61051063196327,1.50717901608576,256.886713142968));
#12161=CARTESIAN_POINT('',(9.29999999999993,-2.97499999999973,250.197223774931));
#12162=CARTESIAN_POINT('Origin',(6.03961325396085E-13,-2.66453525910038E-13,
260.197223774931));
#12163=CARTESIAN_POINT('',(5.29999999999993,3.05995642670436,260.197223774931));
#12164=CARTESIAN_POINT('',(5.29999999999993,3.05995642670436,260.197223774931));
#12165=CARTESIAN_POINT('',(38.9711431702998,22.4999999999994,260.197223774931));
#12166=CARTESIAN_POINT('',(6.03961325396085E-13,-2.66453525910038E-13,260.197223774931));
#12167=CARTESIAN_POINT('',(38.9711431702998,22.4999999999994,250.197223774931));
#12168=CARTESIAN_POINT('',(38.9711431702998,22.4999999999994,260.197223774931));
#12169=CARTESIAN_POINT('',(6.03961325396085E-13,-2.66453525910038E-13,250.197223774931));
#12170=CARTESIAN_POINT('',(21.8238401753682,12.5999999999996,255.197223774931));
#12171=CARTESIAN_POINT('Origin',(19.4855715851502,11.2499999999996,255.197223774931));
#12172=CARTESIAN_POINT('Origin',(5.29999999999993,5.30000000000065,260.197223774931));
#12173=CARTESIAN_POINT('',(5.29999999999993,-5.29999999999935,260.197223774931));
#12174=CARTESIAN_POINT('',(5.29999999999993,-5.29999999999935,260.197223774931));
#12175=CARTESIAN_POINT('',(5.29999999999993,-6.95093438572719,260.197223774931));
#12176=CARTESIAN_POINT('Origin',(5.29999999999993,-5.29999999999935,260.197223774931));
#12177=CARTESIAN_POINT('',(6.02196070786932E-13,-5.29999999999935,260.197223774931));
#12178=CARTESIAN_POINT('',(5.99520433297585E-13,-5.29999999999935,260.197223774931));
#12179=CARTESIAN_POINT('',(19.2793061562151,-5.29999999999934,260.197223774931));
#12180=CARTESIAN_POINT('Origin',(11.4999999999999,2.18088679096396E-13,
260.197223774931));
#12181=CARTESIAN_POINT('',(12.4499999999999,2.18205020542315E-13,260.197223774931));
#12182=CARTESIAN_POINT('Origin',(11.4999999999999,2.18088679096396E-13,
260.197223774931));
#12183=CARTESIAN_POINT('',(12.4499999999999,2.18205020542315E-13,250.197223774931));
#12184=CARTESIAN_POINT('',(12.4499999999999,2.17972337650477E-13,260.197223774931));
#12185=CARTESIAN_POINT('Origin',(11.4999999999999,2.18088679096396E-13,
250.197223774931));
#12186=CARTESIAN_POINT('Origin',(5.86197757002083E-13,-44.9999999999996,
260.197223774931));
#12187=CARTESIAN_POINT('',(5.86197757002083E-13,-44.9999999999996,250.197223774931));
#12188=CARTESIAN_POINT('',(6.03961325396085E-13,-2.66453525910038E-13,250.197223774931));
#12189=CARTESIAN_POINT('',(5.86197757002083E-13,-44.9999999999996,260.197223774931));
#12190=CARTESIAN_POINT('',(5.86197757002083E-13,-44.9999999999996,260.197223774931));
#12191=CARTESIAN_POINT('',(6.03961325396085E-13,-2.66453525910038E-13,260.197223774931));
#12192=CARTESIAN_POINT('',(5.95079541199084E-13,-19.4999999999999,255.197223774931));
#12193=CARTESIAN_POINT('Origin',(5.95079541199084E-13,-22.4999999999999,
255.197223774931));
#12194=CARTESIAN_POINT('Origin',(33.2586123124303,-19.201868771455,260.197223774931));
#12195=CARTESIAN_POINT('Origin',(6.03961325396085E-13,-2.66453525910038E-13,
260.197223774931));
#12196=CARTESIAN_POINT('Origin',(48.4173955399465,-37.8278152082507,145.148611887466));
#12197=CARTESIAN_POINT('',(35.4604839123025,-27.7047663896546,250.197223774931));
#12198=CARTESIAN_POINT('',(26.7891893569463,-20.9300085903489,250.197223774931));
#12199=CARTESIAN_POINT('',(32.9875440000927,-25.7726939810304,250.197223774931));
#12200=CARTESIAN_POINT('',(28.4964254829431,-22.2638476366432,248.132346930099));
#12201=CARTESIAN_POINT('Origin',(12.9863628740872,-10.1460586541248,229.65));
#12202=CARTESIAN_POINT('',(78.8010753606722,-61.5661475325659,86.8920988168557));
#12203=CARTESIAN_POINT('Origin',(-106.813573445343,83.4519096486658,86.8920988168557));
#12204=CARTESIAN_POINT('',(78.8010753606722,-61.5661475325659,30.1));
#12205=CARTESIAN_POINT('',(78.8010753606722,-61.5661475325659,-101.498589643531));
#12206=CARTESIAN_POINT('',(80.957307978593,-63.2507810843523,30.1));
#12207=CARTESIAN_POINT('',(80.957307978593,-63.2507810843523,30.1));
#12208=CARTESIAN_POINT('',(80.957307978593,-63.2507810843523,52.1967088195448));
#12209=CARTESIAN_POINT('',(80.957307978593,-63.2507810843523,30.));
#12210=CARTESIAN_POINT('',(84.5249502788186,-66.038128734036,52.1967088195448));
#12211=CARTESIAN_POINT('',(80.957307978593,-63.2507810843523,52.1967088195448));
#12212=CARTESIAN_POINT('',(84.5249502788186,-66.038128734036,30.1));
#12213=CARTESIAN_POINT('',(84.5249502788186,-66.038128734036,30.));
#12214=CARTESIAN_POINT('',(86.6811828967394,-67.7227622858225,30.1));
#12215=CARTESIAN_POINT('',(84.5249502788186,-66.038128734036,30.1));
#12216=CARTESIAN_POINT('',(86.6811828967394,-67.7227622858225,86.8921023386401));
#12217=CARTESIAN_POINT('',(86.6811828967394,-67.7227622858225,-101.298591828308));
#12218=CARTESIAN_POINT('',(35.4604839123024,-27.7047663896546,253.314117016033));
#12219=CARTESIAN_POINT('Origin',(-106.813573445343,83.4519096486658,86.8920988168557));
#12220=CARTESIAN_POINT('',(35.4604839123025,-27.7047663896546,260.197223774931));
#12221=CARTESIAN_POINT('Origin',(88.9722443641333,-51.3681492340376,52.1967088195448));
#12222=CARTESIAN_POINT('',(99.4531722414715,-40.1816898280556,52.1967088195448));
#12223=CARTESIAN_POINT('Origin',(-3.82804898890754E-12,2.25597318603832E-12,
52.1967088195448));
#12224=CARTESIAN_POINT('',(95.2554372175538,-38.485694789286,52.1967088195448));
#12225=CARTESIAN_POINT('Origin',(-3.72146757854352E-12,1.51434420558871E-12,
52.1967088195448));
#12226=CARTESIAN_POINT('',(95.2554372175538,-38.485694789286,52.1967088195448));
#12227=CARTESIAN_POINT('Origin',(0.,0.,41.1483544097724));
#12228=CARTESIAN_POINT('',(99.4531722414715,-40.1816898280556,30.1));
#12229=CARTESIAN_POINT('Origin',(-3.84581255730154E-12,2.26041407813682E-12,
30.1));
#12230=CARTESIAN_POINT('',(99.4531722414715,-40.1816898280556,30.));
#12231=CARTESIAN_POINT('Origin',(92.8930904305987,-53.6318507659625,30.1));
#12232=CARTESIAN_POINT('',(101.990224002347,-41.2067252757504,30.1));
#12233=CARTESIAN_POINT('Origin',(-4.04121180963557E-12,2.27373675443232E-12,
30.1));
#12234=CARTESIAN_POINT('',(99.4531722414715,-40.1816898280556,30.1));
#12235=CARTESIAN_POINT('Origin',(0.,0.,58.49605116932));
#12236=CARTESIAN_POINT('',(101.990224002347,-41.2067252757504,86.8921023386401));
#12237=CARTESIAN_POINT('Origin',(-4.04121180963557E-12,2.27373675443232E-12,
86.8921023386401));
#12238=CARTESIAN_POINT('',(101.990224002347,-41.2067252757504,-101.298591828308));
#12239=CARTESIAN_POINT('Ctrl Pts',(41.7232734555048,-16.8572967037158,253.314117016033));
#12240=CARTESIAN_POINT('Ctrl Pts',(39.3541349059387,-22.7211203816686,253.314117016033));
#12241=CARTESIAN_POINT('Ctrl Pts',(35.4604839123019,-27.7047663896542,253.314117016033));
#12242=CARTESIAN_POINT('Ctrl Pts',(101.990222726991,-41.2067247604734,182.796742275684));
#12243=CARTESIAN_POINT('Ctrl Pts',(96.1989952338026,-55.5405157940076,182.796742275684));
#12244=CARTESIAN_POINT('Ctrl Pts',(86.6811818128187,-67.7227614389709,182.796742275684));
#12245=CARTESIAN_POINT('Ctrl Pts',(101.990224002347,-41.2067252757504,86.8921023386401));
#12246=CARTESIAN_POINT('Ctrl Pts',(96.1989964367405,-55.540516488524,86.8921023386401));
#12247=CARTESIAN_POINT('Ctrl Pts',(86.6811828967393,-67.7227622858225,86.8921023386401));
#12248=CARTESIAN_POINT('',(41.7232734555054,-16.857296703716,253.314117016033));
#12249=CARTESIAN_POINT('Origin',(0.,0.,253.314117016033));
#12250=CARTESIAN_POINT('Origin',(-125.67826047274,50.7773132483288,86.8920988168557));
#12251=CARTESIAN_POINT('Ctrl Pts',(33.5292703807907,-13.5467045669574,248.132346930099));
#12252=CARTESIAN_POINT('Ctrl Pts',(31.6254052134838,-18.2589362132359,248.132346930099));
#12253=CARTESIAN_POINT('Ctrl Pts',(28.4964254829431,-22.2638476366432,248.132346930099));
#12254=CARTESIAN_POINT('Ctrl Pts',(92.7183854566787,-37.4606593415912,180.149354805846));
#12255=CARTESIAN_POINT('Ctrl Pts',(87.4536331243095,-50.4913786259309,180.149354805846));
#12256=CARTESIAN_POINT('Ctrl Pts',(78.8010753606721,-61.5661475325659,180.149354805846));
#12257=CARTESIAN_POINT('Ctrl Pts',(92.7183854566787,-37.4606593415913,86.8920988168557));
#12258=CARTESIAN_POINT('Ctrl Pts',(87.4536331243095,-50.4913786259309,86.8920988168557));
#12259=CARTESIAN_POINT('Ctrl Pts',(78.8010753606721,-61.5661475325659,86.8920988168557));
#12260=CARTESIAN_POINT('',(92.7183854566787,-37.4606593415913,86.8920988168557));
#12261=CARTESIAN_POINT('Origin',(-3.24185123190546E-12,2.0961010704923E-12,
86.8920988168557));
#12262=CARTESIAN_POINT('',(33.5292703807907,-13.5467045669574,248.132346930099));
#12263=CARTESIAN_POINT('Origin',(-6.03073146976385E-12,4.05009359383257E-12,
248.132346930099));
#12264=CARTESIAN_POINT('Origin',(-125.67826047274,50.7773132483288,86.8920988168557));
#12265=CARTESIAN_POINT('Origin',(0.,0.,58.4960494084279));
#12266=CARTESIAN_POINT('',(92.7183854566787,-37.4606593415913,30.1));
#12267=CARTESIAN_POINT('Origin',(-3.24185123190546E-12,2.0961010704923E-12,
30.1));
#12268=CARTESIAN_POINT('',(92.7183854566787,-37.4606593415913,-101.498589643531));
#12269=CARTESIAN_POINT('Origin',(86.6025403784438,-50.,30.1));
#12270=CARTESIAN_POINT('',(95.2554372175538,-38.485694789286,30.1));
#12271=CARTESIAN_POINT('Origin',(-3.17079695832945E-12,2.46469511466785E-12,
30.1));
#12272=CARTESIAN_POINT('',(95.2554372175538,-38.485694789286,30.1));
#12273=CARTESIAN_POINT('Origin',(0.,0.,41.1483544097724));
#12274=CARTESIAN_POINT('',(95.2554372175538,-38.485694789286,30.));
#12275=CARTESIAN_POINT('Origin',(56.9685467099817,-23.0167869185478,145.148611887466));
#12276=CARTESIAN_POINT('',(31.5205138191418,-12.7351142347328,250.197223774931));
#12277=CARTESIAN_POINT('',(41.7232734555054,-16.8572967037161,250.197223774931));
#12278=CARTESIAN_POINT('',(38.8135797115809,-15.6817041220221,250.197223774931));
#12279=CARTESIAN_POINT('',(41.7232734555054,-16.8572967037161,260.197223774931));
#12280=CARTESIAN_POINT('Origin',(15.2799259798027,-6.17349082466024,229.65));
#12281=CARTESIAN_POINT('Ctrl Pts',(31.5205138191418,-12.7351142347328,250.197223774931));
#12282=CARTESIAN_POINT('Ctrl Pts',(29.7307102345622,-17.1650335571233,250.197223774931));
#12283=CARTESIAN_POINT('Ctrl Pts',(26.7891893569463,-20.9300085903489,250.197223774931));
#12284=CARTESIAN_POINT('Ctrl Pts',(32.578029180853,-13.1623781750877,249.224916449354));
#12285=CARTESIAN_POINT('Ctrl Pts',(30.7281775654576,-17.7409215891236,249.224916449354));
#12286=CARTESIAN_POINT('Ctrl Pts',(27.6879684642702,-21.6322117883056,249.224916449354));
#12287=CARTESIAN_POINT('Ctrl Pts',(33.5292703807907,-13.5467045669574,248.132346930099));
#12288=CARTESIAN_POINT('Ctrl Pts',(31.6254052134838,-18.2589362132359,248.132346930099));
#12289=CARTESIAN_POINT('Ctrl Pts',(28.4964254829431,-22.2638476366432,248.132346930099));
#12290=CARTESIAN_POINT('Origin',(0.,0.,250.197223774931));
#12291=CARTESIAN_POINT('Origin',(19.4855715851502,-11.2500000000001,250.197223774931));
#12292=CARTESIAN_POINT('Origin',(6.03961325396085E-13,-2.66453525910038E-13,
250.197223774931));
#12293=CARTESIAN_POINT('Origin',(6.03961325396085E-13,-2.66453525910038E-13,
250.197223774931));
#12294=CARTESIAN_POINT('Origin',(6.03961325396085E-13,-2.66453525910038E-13,
260.197223774931));
#12295=CARTESIAN_POINT('Origin',(5.0000000000006,-22.4999999999999,255.197223774931));
#12296=CARTESIAN_POINT('',(5.0000000000006,-19.4999999999999,255.197223774931));
#12297=CARTESIAN_POINT('Origin',(5.0000000000006,-22.4999999999999,255.197223774931));
#12298=CARTESIAN_POINT('Origin',(5.95079541199084E-13,-22.4999999999999,
255.197223774931));
#12299=CARTESIAN_POINT('',(5.95634652711396E-13,-19.4999999999999,255.197223774931));
#12300=CARTESIAN_POINT('Origin',(16.9855715851502,15.5801270189217,255.197223774931));
#12301=CARTESIAN_POINT('',(19.3238401753682,16.9301270189218,255.197223774931));
#12302=CARTESIAN_POINT('Origin',(16.9855715851502,15.5801270189217,255.197223774931));
#12303=CARTESIAN_POINT('Origin',(19.4855715851502,11.2499999999996,255.197223774931));
#12304=CARTESIAN_POINT('',(21.8238401753682,12.5999999999996,255.197223774931));
#12305=CARTESIAN_POINT('',(0.,0.,0.));
#12306=CARTESIAN_POINT('',(-9.56598721179284,-24.774914721209,0.504478292784603));
#12307=CARTESIAN_POINT('',(0.,0.,0.));
#12308=CARTESIAN_POINT('',(0.,0.,0.));
#12309=CARTESIAN_POINT('',(0.,0.,0.));
#12310=CARTESIAN_POINT('',(26.2386991310565,4.10306942291484,0.504478292784603));
#12311=CARTESIAN_POINT('',(0.,0.,0.));
#12312=CARTESIAN_POINT('',(0.,0.,0.));
#12313=CARTESIAN_POINT('',(-16.6727119192636,20.6718452982942,0.504478292784603));
#12314=CARTESIAN_POINT('',(0.,0.,0.));
#12315=CARTESIAN_POINT('',(0.,0.,0.));
#12316=CARTESIAN_POINT('',(0.,0.,0.));
#12317=CARTESIAN_POINT('',(0.,0.,0.));
#12318=UNCERTAINTY_MEASURE_WITH_UNIT(LENGTH_MEASURE(0.01),#12362,
'DISTANCE_ACCURACY_VALUE',
'Maximum model space distance between geometric entities at asserted c
onnectivities');
#12319=UNCERTAINTY_MEASURE_WITH_UNIT(LENGTH_MEASURE(0.01),#12362,
'DISTANCE_ACCURACY_VALUE',
'Maximum model space distance between geometric entities at asserted c
onnectivities');
#12320=UNCERTAINTY_MEASURE_WITH_UNIT(LENGTH_MEASURE(0.01),#12362,
'DISTANCE_ACCURACY_VALUE',
'Maximum model space distance between geometric entities at asserted c
onnectivities');
#12321=UNCERTAINTY_MEASURE_WITH_UNIT(LENGTH_MEASURE(0.01),#12362,
'DISTANCE_ACCURACY_VALUE',
'Maximum model space distance between geometric entities at asserted c
onnectivities');
#12322=UNCERTAINTY_MEASURE_WITH_UNIT(LENGTH_MEASURE(0.01),#12362,
'DISTANCE_ACCURACY_VALUE',
'Maximum model space distance between geometric entities at asserted c
onnectivities');
#12323=UNCERTAINTY_MEASURE_WITH_UNIT(LENGTH_MEASURE(0.01),#12362,
'DISTANCE_ACCURACY_VALUE',
'Maximum model space distance between geometric entities at asserted c
onnectivities');
#12324=UNCERTAINTY_MEASURE_WITH_UNIT(LENGTH_MEASURE(0.01),#12362,
'DISTANCE_ACCURACY_VALUE',
'Maximum model space distance between geometric entities at asserted c
onnectivities');
#12325=UNCERTAINTY_MEASURE_WITH_UNIT(LENGTH_MEASURE(0.01),#12362,
'DISTANCE_ACCURACY_VALUE',
'Maximum model space distance between geometric entities at asserted c
onnectivities');
#12326=UNCERTAINTY_MEASURE_WITH_UNIT(LENGTH_MEASURE(0.01),#12362,
'DISTANCE_ACCURACY_VALUE',
'Maximum model space distance between geometric entities at asserted c
onnectivities');
#12327=UNCERTAINTY_MEASURE_WITH_UNIT(LENGTH_MEASURE(0.01),#12362,
'DISTANCE_ACCURACY_VALUE',
'Maximum model space distance between geometric entities at asserted c
onnectivities');
#12328=UNCERTAINTY_MEASURE_WITH_UNIT(LENGTH_MEASURE(0.01),#12362,
'DISTANCE_ACCURACY_VALUE',
'Maximum model space distance between geometric entities at asserted c
onnectivities');
#12329=UNCERTAINTY_MEASURE_WITH_UNIT(LENGTH_MEASURE(0.01),#12362,
'DISTANCE_ACCURACY_VALUE',
'Maximum model space distance between geometric entities at asserted c
onnectivities');
#12330=UNCERTAINTY_MEASURE_WITH_UNIT(LENGTH_MEASURE(0.01),#12362,
'DISTANCE_ACCURACY_VALUE',
'Maximum model space distance between geometric entities at asserted c
onnectivities');
#12331=UNCERTAINTY_MEASURE_WITH_UNIT(LENGTH_MEASURE(0.01),#12362,
'DISTANCE_ACCURACY_VALUE',
'Maximum model space distance between geometric entities at asserted c
onnectivities');
#12332=UNCERTAINTY_MEASURE_WITH_UNIT(LENGTH_MEASURE(0.01),#12362,
'DISTANCE_ACCURACY_VALUE',
'Maximum model space distance between geometric entities at asserted c
onnectivities');
#12333=UNCERTAINTY_MEASURE_WITH_UNIT(LENGTH_MEASURE(0.01),#12362,
'DISTANCE_ACCURACY_VALUE',
'Maximum model space distance between geometric entities at asserted c
onnectivities');
#12334=UNCERTAINTY_MEASURE_WITH_UNIT(LENGTH_MEASURE(0.01),#12362,
'DISTANCE_ACCURACY_VALUE',
'Maximum model space distance between geometric entities at asserted c
onnectivities');
#12335=UNCERTAINTY_MEASURE_WITH_UNIT(LENGTH_MEASURE(0.01),#12362,
'DISTANCE_ACCURACY_VALUE',
'Maximum model space distance between geometric entities at asserted c
onnectivities');
#12336=UNCERTAINTY_MEASURE_WITH_UNIT(LENGTH_MEASURE(0.01),#12362,
'DISTANCE_ACCURACY_VALUE',
'Maximum model space distance between geometric entities at asserted c
onnectivities');
#12337=UNCERTAINTY_MEASURE_WITH_UNIT(LENGTH_MEASURE(0.01),#12362,
'DISTANCE_ACCURACY_VALUE',
'Maximum model space distance between geometric entities at asserted c
onnectivities');
#12338=UNCERTAINTY_MEASURE_WITH_UNIT(LENGTH_MEASURE(0.01),#12362,
'DISTANCE_ACCURACY_VALUE',
'Maximum model space distance between geometric entities at asserted c
onnectivities');
#12339=UNCERTAINTY_MEASURE_WITH_UNIT(LENGTH_MEASURE(0.01),#12362,
'DISTANCE_ACCURACY_VALUE',
'Maximum model space distance between geometric entities at asserted c
onnectivities');
#12340=(
GEOMETRIC_REPRESENTATION_CONTEXT(3)
GLOBAL_UNCERTAINTY_ASSIGNED_CONTEXT((#12318))
GLOBAL_UNIT_ASSIGNED_CONTEXT((#12362,#12364,#12365))
REPRESENTATION_CONTEXT('','3D')
);
#12341=(
GEOMETRIC_REPRESENTATION_CONTEXT(3)
GLOBAL_UNCERTAINTY_ASSIGNED_CONTEXT((#12319))
GLOBAL_UNIT_ASSIGNED_CONTEXT((#12362,#12364,#12365))
REPRESENTATION_CONTEXT('','3D')
);
#12342=(
GEOMETRIC_REPRESENTATION_CONTEXT(3)
GLOBAL_UNCERTAINTY_ASSIGNED_CONTEXT((#12320))
GLOBAL_UNIT_ASSIGNED_CONTEXT((#12362,#12364,#12365))
REPRESENTATION_CONTEXT('','3D')
);
#12343=(
GEOMETRIC_REPRESENTATION_CONTEXT(3)
GLOBAL_UNCERTAINTY_ASSIGNED_CONTEXT((#12321))
GLOBAL_UNIT_ASSIGNED_CONTEXT((#12362,#12364,#12365))
REPRESENTATION_CONTEXT('','3D')
);
#12344=(
GEOMETRIC_REPRESENTATION_CONTEXT(3)
GLOBAL_UNCERTAINTY_ASSIGNED_CONTEXT((#12322))
GLOBAL_UNIT_ASSIGNED_CONTEXT((#12362,#12364,#12365))
REPRESENTATION_CONTEXT('','3D')
);
#12345=(
GEOMETRIC_REPRESENTATION_CONTEXT(3)
GLOBAL_UNCERTAINTY_ASSIGNED_CONTEXT((#12323))
GLOBAL_UNIT_ASSIGNED_CONTEXT((#12362,#12364,#12365))
REPRESENTATION_CONTEXT('','3D')
);
#12346=(
GEOMETRIC_REPRESENTATION_CONTEXT(3)
GLOBAL_UNCERTAINTY_ASSIGNED_CONTEXT((#12324))
GLOBAL_UNIT_ASSIGNED_CONTEXT((#12362,#12364,#12365))
REPRESENTATION_CONTEXT('','3D')
);
#12347=(
GEOMETRIC_REPRESENTATION_CONTEXT(3)
GLOBAL_UNCERTAINTY_ASSIGNED_CONTEXT((#12325))
GLOBAL_UNIT_ASSIGNED_CONTEXT((#12362,#12364,#12365))
REPRESENTATION_CONTEXT('','3D')
);
#12348=(
GEOMETRIC_REPRESENTATION_CONTEXT(3)
GLOBAL_UNCERTAINTY_ASSIGNED_CONTEXT((#12326))
GLOBAL_UNIT_ASSIGNED_CONTEXT((#12362,#12364,#12365))
REPRESENTATION_CONTEXT('','3D')
);
#12349=(
GEOMETRIC_REPRESENTATION_CONTEXT(3)
GLOBAL_UNCERTAINTY_ASSIGNED_CONTEXT((#12327))
GLOBAL_UNIT_ASSIGNED_CONTEXT((#12362,#12364,#12365))
REPRESENTATION_CONTEXT('','3D')
);
#12350=(
GEOMETRIC_REPRESENTATION_CONTEXT(3)
GLOBAL_UNCERTAINTY_ASSIGNED_CONTEXT((#12328))
GLOBAL_UNIT_ASSIGNED_CONTEXT((#12362,#12364,#12365))
REPRESENTATION_CONTEXT('','3D')
);
#12351=(
GEOMETRIC_REPRESENTATION_CONTEXT(3)
GLOBAL_UNCERTAINTY_ASSIGNED_CONTEXT((#12329))
GLOBAL_UNIT_ASSIGNED_CONTEXT((#12362,#12364,#12365))
REPRESENTATION_CONTEXT('','3D')
);
#12352=(
GEOMETRIC_REPRESENTATION_CONTEXT(3)
GLOBAL_UNCERTAINTY_ASSIGNED_CONTEXT((#12330))
GLOBAL_UNIT_ASSIGNED_CONTEXT((#12362,#12364,#12365))
REPRESENTATION_CONTEXT('','3D')
);
#12353=(
GEOMETRIC_REPRESENTATION_CONTEXT(3)
GLOBAL_UNCERTAINTY_ASSIGNED_CONTEXT((#12331))
GLOBAL_UNIT_ASSIGNED_CONTEXT((#12362,#12364,#12365))
REPRESENTATION_CONTEXT('','3D')
);
#12354=(
GEOMETRIC_REPRESENTATION_CONTEXT(3)
GLOBAL_UNCERTAINTY_ASSIGNED_CONTEXT((#12332))
GLOBAL_UNIT_ASSIGNED_CONTEXT((#12362,#12364,#12365))
REPRESENTATION_CONTEXT('','3D')
);
#12355=(
GEOMETRIC_REPRESENTATION_CONTEXT(3)
GLOBAL_UNCERTAINTY_ASSIGNED_CONTEXT((#12333))
GLOBAL_UNIT_ASSIGNED_CONTEXT((#12362,#12364,#12365))
REPRESENTATION_CONTEXT('','3D')
);
#12356=(
GEOMETRIC_REPRESENTATION_CONTEXT(3)
GLOBAL_UNCERTAINTY_ASSIGNED_CONTEXT((#12334))
GLOBAL_UNIT_ASSIGNED_CONTEXT((#12362,#12364,#12365))
REPRESENTATION_CONTEXT('','3D')
);
#12357=(
GEOMETRIC_REPRESENTATION_CONTEXT(3)
GLOBAL_UNCERTAINTY_ASSIGNED_CONTEXT((#12335))
GLOBAL_UNIT_ASSIGNED_CONTEXT((#12362,#12364,#12365))
REPRESENTATION_CONTEXT('','3D')
);
#12358=(
GEOMETRIC_REPRESENTATION_CONTEXT(3)
GLOBAL_UNCERTAINTY_ASSIGNED_CONTEXT((#12336))
GLOBAL_UNIT_ASSIGNED_CONTEXT((#12362,#12364,#12365))
REPRESENTATION_CONTEXT('','3D')
);
#12359=(
GEOMETRIC_REPRESENTATION_CONTEXT(3)
GLOBAL_UNCERTAINTY_ASSIGNED_CONTEXT((#12337))
GLOBAL_UNIT_ASSIGNED_CONTEXT((#12362,#12364,#12365))
REPRESENTATION_CONTEXT('','3D')
);
#12360=(
GEOMETRIC_REPRESENTATION_CONTEXT(3)
GLOBAL_UNCERTAINTY_ASSIGNED_CONTEXT((#12338))
GLOBAL_UNIT_ASSIGNED_CONTEXT((#12362,#12364,#12365))
REPRESENTATION_CONTEXT('','3D')
);
#12361=(
GEOMETRIC_REPRESENTATION_CONTEXT(3)
GLOBAL_UNCERTAINTY_ASSIGNED_CONTEXT((#12339))
GLOBAL_UNIT_ASSIGNED_CONTEXT((#12362,#12364,#12365))
REPRESENTATION_CONTEXT('','3D')
);
#12362=(
LENGTH_UNIT()
NAMED_UNIT(*)
SI_UNIT(.MILLI.,.METRE.)
);
#12363=(
LENGTH_UNIT()
NAMED_UNIT(*)
SI_UNIT($,.METRE.)
);
#12364=(
NAMED_UNIT(*)
PLANE_ANGLE_UNIT()
SI_UNIT($,.RADIAN.)
);
#12365=(
NAMED_UNIT(*)
SI_UNIT($,.STERADIAN.)
SOLID_ANGLE_UNIT()
);
#12366=SHAPE_DEFINITION_REPRESENTATION(#12387,#12435);
#12367=SHAPE_DEFINITION_REPRESENTATION(#12388,#12436);
#12368=SHAPE_DEFINITION_REPRESENTATION(#12389,#12437);
#12369=SHAPE_DEFINITION_REPRESENTATION(#12390,#12438);
#12370=SHAPE_DEFINITION_REPRESENTATION(#12391,#12439);
#12371=SHAPE_DEFINITION_REPRESENTATION(#12392,#12440);
#12372=SHAPE_DEFINITION_REPRESENTATION(#12393,#12441);
#12373=SHAPE_DEFINITION_REPRESENTATION(#12394,#12442);
#12374=SHAPE_DEFINITION_REPRESENTATION(#12395,#12443);
#12375=SHAPE_DEFINITION_REPRESENTATION(#12396,#12444);
#12376=SHAPE_DEFINITION_REPRESENTATION(#12397,#12445);
#12377=SHAPE_DEFINITION_REPRESENTATION(#12398,#12446);
#12378=SHAPE_DEFINITION_REPRESENTATION(#12410,#12447);
#12379=SHAPE_DEFINITION_REPRESENTATION(#12411,#12448);
#12380=SHAPE_DEFINITION_REPRESENTATION(#12412,#12449);
#12381=SHAPE_DEFINITION_REPRESENTATION(#12413,#12450);
#12382=SHAPE_DEFINITION_REPRESENTATION(#12414,#12451);
#12383=SHAPE_DEFINITION_REPRESENTATION(#12418,#12452);
#12384=SHAPE_DEFINITION_REPRESENTATION(#12419,#12453);
#12385=SHAPE_DEFINITION_REPRESENTATION(#12420,#12454);
#12386=SHAPE_DEFINITION_REPRESENTATION(#12421,#12455);
#12387=PRODUCT_DEFINITION_SHAPE('',$,#12457);
#12388=PRODUCT_DEFINITION_SHAPE('',$,#12458);
#12389=PRODUCT_DEFINITION_SHAPE('',$,#12459);
#12390=PRODUCT_DEFINITION_SHAPE('',$,#12460);
#12391=PRODUCT_DEFINITION_SHAPE('',$,#12461);
#12392=PRODUCT_DEFINITION_SHAPE('',$,#12462);
#12393=PRODUCT_DEFINITION_SHAPE('',$,#12463);
#12394=PRODUCT_DEFINITION_SHAPE('',$,#12464);
#12395=PRODUCT_DEFINITION_SHAPE('',$,#12465);
#12396=PRODUCT_DEFINITION_SHAPE('',$,#12466);
#12397=PRODUCT_DEFINITION_SHAPE('',$,#12467);
#12398=PRODUCT_DEFINITION_SHAPE('',$,#12468);
#12399=PRODUCT_DEFINITION_SHAPE($,$,#105);
#12400=PRODUCT_DEFINITION_SHAPE($,$,#106);
#12401=PRODUCT_DEFINITION_SHAPE($,$,#107);
#12402=PRODUCT_DEFINITION_SHAPE($,$,#108);
#12403=PRODUCT_DEFINITION_SHAPE($,$,#109);
#12404=PRODUCT_DEFINITION_SHAPE($,$,#110);
#12405=PRODUCT_DEFINITION_SHAPE($,$,#111);
#12406=PRODUCT_DEFINITION_SHAPE($,$,#112);
#12407=PRODUCT_DEFINITION_SHAPE($,$,#113);
#12408=PRODUCT_DEFINITION_SHAPE($,$,#114);
#12409=PRODUCT_DEFINITION_SHAPE($,$,#115);
#12410=PRODUCT_DEFINITION_SHAPE('',$,#12469);
#12411=PRODUCT_DEFINITION_SHAPE('',$,#12470);
#12412=PRODUCT_DEFINITION_SHAPE('',$,#12471);
#12413=PRODUCT_DEFINITION_SHAPE('',$,#12472);
#12414=PRODUCT_DEFINITION_SHAPE('',$,#12473);
#12415=PRODUCT_DEFINITION_SHAPE($,$,#116);
#12416=PRODUCT_DEFINITION_SHAPE($,$,#117);
#12417=PRODUCT_DEFINITION_SHAPE($,$,#118);
#12418=PRODUCT_DEFINITION_SHAPE('',$,#12474);
#12419=PRODUCT_DEFINITION_SHAPE('',$,#12475);
#12420=PRODUCT_DEFINITION_SHAPE('',$,#12476);
#12421=PRODUCT_DEFINITION_SHAPE('',$,#12477);
#12422=PRODUCT_DEFINITION_SHAPE($,$,#119);
#12423=PRODUCT_DEFINITION_SHAPE($,$,#120);
#12424=PRODUCT_DEFINITION_SHAPE($,$,#121);
#12425=PRODUCT_DEFINITION_SHAPE($,$,#122);
#12426=PRODUCT_DEFINITION_SHAPE($,$,#123);
#12427=PRODUCT_DEFINITION_SHAPE($,$,#124);
#12428=PRODUCT_DEFINITION_SHAPE($,$,#125);
#12429=PRODUCT_DEFINITION_SHAPE($,$,#126);
#12430=PRODUCT_DEFINITION_SHAPE($,$,#127);
#12431=PRODUCT_DEFINITION_SHAPE($,$,#128);
#12432=PRODUCT_DEFINITION_SHAPE($,$,#129);
#12433=PRODUCT_DEFINITION_SHAPE($,$,#130);
#12434=PRODUCT_DEFINITION_SHAPE($,$,#131);
#12435=SHAPE_REPRESENTATION('',(#7243,#7988,#7989,#7990,#7991,#7992,#7993,
#7994,#7995,#7996,#7997,#7998,#7999,#8000),#12340);
#12436=SHAPE_REPRESENTATION('',(#7244,#7725),#12341);
#12437=SHAPE_REPRESENTATION('',(#7245,#7542),#12342);
#12438=SHAPE_REPRESENTATION('',(#7246,#7378,#7379,#7380,#7381,#7382,#7383),
#12343);
#12439=SHAPE_REPRESENTATION('',(#7247),#12344);
#12440=SHAPE_REPRESENTATION('',(#7271),#12345);
#12441=SHAPE_REPRESENTATION('',(#7293),#12346);
#12442=SHAPE_REPRESENTATION('',(#7310),#12347);
#12443=SHAPE_REPRESENTATION('',(#7320,#7374,#7375),#12348);
#12444=SHAPE_REPRESENTATION('',(#7321,#7376,#7377),#12349);
#12445=SHAPE_REPRESENTATION('',(#7322),#12350);
#12446=SHAPE_REPRESENTATION('',(#7336),#12351);
#12447=SHAPE_REPRESENTATION('',(#7543,#7726),#12352);
#12448=SHAPE_REPRESENTATION('',(#7544),#12353);
#12449=SHAPE_REPRESENTATION('',(#7594),#12354);
#12450=SHAPE_REPRESENTATION('',(#7655,#7727),#12355);
#12451=SHAPE_REPRESENTATION('',(#7656),#12356);
#12452=SHAPE_REPRESENTATION('',(#7728),#12357);
#12453=SHAPE_REPRESENTATION('',(#7737),#12358);
#12454=SHAPE_REPRESENTATION('',(#7852),#12359);
#12455=SHAPE_REPRESENTATION('',(#7920),#12360);
#12456=PRODUCT_DEFINITION_CONTEXT('part definition',#12521,'design');
#12457=PRODUCT_DEFINITION('2026-05-30-20-32-26-662','Central Document',
#12478,#12456);
#12458=PRODUCT_DEFINITION('2026-05-30-21-21-14-677','Servo + Linkage',#12479,
#12456);
#12459=PRODUCT_DEFINITION('2026-05-31-14-00-40-014',
'Base And Electronics',#12480,#12456);
#12460=PRODUCT_DEFINITION('2026-05-31-14-53-09-654',
'dc_power_jack_assembly',#12481,#12456);
#12461=PRODUCT_DEFINITION('2026-05-31-14-53-09-654_1','main_body',#12482,
#12456);
#12462=PRODUCT_DEFINITION('2026-05-31-14-53-09-654_2',
'green_screw_section',#12483,#12456);
#12463=PRODUCT_DEFINITION('2026-05-31-14-53-09-654_3',
'jack_outer_metal',#12484,#12456);
#12464=PRODUCT_DEFINITION('2026-05-31-14-53-09-654_4','jack_inner_rod',
#12485,#12456);
#12465=PRODUCT_DEFINITION('2026-05-31-14-53-09-655',
'wireholder_with_screw_assembly',#12486,#12456);
#12466=PRODUCT_DEFINITION('2026-05-31-14-53-09-655_1',
'wireholder_with_screw_assembly',#12487,#12456);
#12467=PRODUCT_DEFINITION('2026-05-31-14-53-09-655_2','wireholder',#12488,
#12456);
#12468=PRODUCT_DEFINITION('2026-05-31-14-53-09-655_3',
'pan cross head_ai_CR-PHMS 0.06-80x0.125x0.125-N',#12489,#12456);
#12469=PRODUCT_DEFINITION('2026-05-30-21-21-14-677_1','Servo + Linkage',
#12490,#12456);
#12470=PRODUCT_DEFINITION('2026-05-31-13-12-13-897','Servo Holer',#12491,
#12456);
#12471=PRODUCT_DEFINITION('2026-05-30-20-40-41-918','Arm 1',#12492,#12456);
#12472=PRODUCT_DEFINITION('2026-05-30-21-21-14-677_2','Servo + Linkage',
#12493,#12456);
#12473=PRODUCT_DEFINITION('2026-05-31-11-55-21-095',
'Plastic Integrator',#12494,#12456);
#12474=PRODUCT_DEFINITION('2026-05-31-11-46-15-298','Bearing',#12495,#12456);
#12475=PRODUCT_DEFINITION('2026-05-31-15-31-36-577',
'Pi and Camera Holder',#12496,#12456);
#12476=PRODUCT_DEFINITION('2026-05-31-16-23-32-874','Component17',#12497,
#12456);
#12477=PRODUCT_DEFINITION('2026-05-31-16-23-52-075','Component18',#12498,
#12456);
#12478=PRODUCT_DEFINITION_FORMATION('',$,#12523);
#12479=PRODUCT_DEFINITION_FORMATION('',$,#12524);
#12480=PRODUCT_DEFINITION_FORMATION('',$,#12525);
#12481=PRODUCT_DEFINITION_FORMATION('',$,#12526);
#12482=PRODUCT_DEFINITION_FORMATION('',$,#12527);
#12483=PRODUCT_DEFINITION_FORMATION('',$,#12528);
#12484=PRODUCT_DEFINITION_FORMATION('',$,#12529);
#12485=PRODUCT_DEFINITION_FORMATION('',$,#12530);
#12486=PRODUCT_DEFINITION_FORMATION('',$,#12531);
#12487=PRODUCT_DEFINITION_FORMATION('',$,#12532);
#12488=PRODUCT_DEFINITION_FORMATION('',$,#12533);
#12489=PRODUCT_DEFINITION_FORMATION('',$,#12534);
#12490=PRODUCT_DEFINITION_FORMATION('',$,#12535);
#12491=PRODUCT_DEFINITION_FORMATION('',$,#12536);
#12492=PRODUCT_DEFINITION_FORMATION('',$,#12537);
#12493=PRODUCT_DEFINITION_FORMATION('',$,#12538);
#12494=PRODUCT_DEFINITION_FORMATION('',$,#12539);
#12495=PRODUCT_DEFINITION_FORMATION('',$,#12540);
#12496=PRODUCT_DEFINITION_FORMATION('',$,#12541);
#12497=PRODUCT_DEFINITION_FORMATION('',$,#12542);
#12498=PRODUCT_DEFINITION_FORMATION('',$,#12543);
#12499=PRODUCT_RELATED_PRODUCT_CATEGORY('Central Document',
'Central Document',(#12523));
#12500=PRODUCT_RELATED_PRODUCT_CATEGORY('Servo + Linkage',
'Servo + Linkage',(#12524));
#12501=PRODUCT_RELATED_PRODUCT_CATEGORY('Base And Electronics',
'Base And Electronics',(#12525));
#12502=PRODUCT_RELATED_PRODUCT_CATEGORY('dc_power_jack_assembly',
'dc_power_jack_assembly',(#12526));
#12503=PRODUCT_RELATED_PRODUCT_CATEGORY('main_body','main_body',(#12527));
#12504=PRODUCT_RELATED_PRODUCT_CATEGORY('green_screw_section',
'green_screw_section',(#12528));
#12505=PRODUCT_RELATED_PRODUCT_CATEGORY('jack_outer_metal',
'jack_outer_metal',(#12529));
#12506=PRODUCT_RELATED_PRODUCT_CATEGORY('jack_inner_rod',
'jack_inner_rod',(#12530));
#12507=PRODUCT_RELATED_PRODUCT_CATEGORY(
'wireholder_with_screw_assembly','wireholder_with_screw_assembly',(#12531));
#12508=PRODUCT_RELATED_PRODUCT_CATEGORY(
'wireholder_with_screw_assembly','wireholder_with_screw_assembly',(#12532));
#12509=PRODUCT_RELATED_PRODUCT_CATEGORY('wireholder','wireholder',(#12533));
#12510=PRODUCT_RELATED_PRODUCT_CATEGORY(
'pan cross head_ai_CR-PHMS 0.06-80x0.125x0.125-N',
'pan cross head_ai_CR-PHMS 0.06-80x0.125x0.125-N',(#12534));
#12511=PRODUCT_RELATED_PRODUCT_CATEGORY('Servo + Linkage',
'Servo + Linkage',(#12535));
#12512=PRODUCT_RELATED_PRODUCT_CATEGORY('Servo Holer','Servo Holer',(#12536));
#12513=PRODUCT_RELATED_PRODUCT_CATEGORY('Arm 1','Arm 1',(#12537));
#12514=PRODUCT_RELATED_PRODUCT_CATEGORY('Servo + Linkage',
'Servo + Linkage',(#12538));
#12515=PRODUCT_RELATED_PRODUCT_CATEGORY('Plastic Integrator',
'Plastic Integrator',(#12539));
#12516=PRODUCT_RELATED_PRODUCT_CATEGORY('Bearing','Bearing',(#12540));
#12517=PRODUCT_RELATED_PRODUCT_CATEGORY('Pi and Camera Holder',
'Pi and Camera Holder',(#12541));
#12518=PRODUCT_RELATED_PRODUCT_CATEGORY('Component17','Component17',(#12542));
#12519=PRODUCT_RELATED_PRODUCT_CATEGORY('Component18','Component18',(#12543));
#12520=APPLICATION_PROTOCOL_DEFINITION('international standard',
'automotive_design',2009,#12521);
#12521=APPLICATION_CONTEXT(
'Core Data for Automotive Mechanical Design Process');
#12522=PRODUCT_CONTEXT('part definition',#12521,'mechanical');
#12523=PRODUCT('2026-05-30-20-32-26-662','Central Document',$,(#12522));
#12524=PRODUCT('2026-05-30-21-21-14-677','Servo + Linkage',$,(#12522));
#12525=PRODUCT('2026-05-31-14-00-40-014','Base And Electronics',$,(#12522));
#12526=PRODUCT('2026-05-31-14-53-09-654','dc_power_jack_assembly',$,(#12522));
#12527=PRODUCT('2026-05-31-14-53-09-654_1','main_body',$,(#12522));
#12528=PRODUCT('2026-05-31-14-53-09-654_2','green_screw_section',$,(#12522));
#12529=PRODUCT('2026-05-31-14-53-09-654_3','jack_outer_metal',$,(#12522));
#12530=PRODUCT('2026-05-31-14-53-09-654_4','jack_inner_rod',$,(#12522));
#12531=PRODUCT('2026-05-31-14-53-09-655',
'wireholder_with_screw_assembly',$,(#12522));
#12532=PRODUCT('2026-05-31-14-53-09-655_1',
'wireholder_with_screw_assembly',$,(#12522));
#12533=PRODUCT('2026-05-31-14-53-09-655_2','wireholder',$,(#12522));
#12534=PRODUCT('2026-05-31-14-53-09-655_3',
'pan cross head_ai_CR-PHMS 0.06-80x0.125x0.125-N',$,(#12522));
#12535=PRODUCT('2026-05-30-21-21-14-677_1','Servo + Linkage',$,(#12522));
#12536=PRODUCT('2026-05-31-13-12-13-897','Servo Holer',$,(#12522));
#12537=PRODUCT('2026-05-30-20-40-41-918','Arm 1',$,(#12522));
#12538=PRODUCT('2026-05-30-21-21-14-677_2','Servo + Linkage',$,(#12522));
#12539=PRODUCT('2026-05-31-11-55-21-095','Plastic Integrator',$,(#12522));
#12540=PRODUCT('2026-05-31-11-46-15-298','Bearing',$,(#12522));
#12541=PRODUCT('2026-05-31-15-31-36-577','Pi and Camera Holder',$,(#12522));
#12542=PRODUCT('2026-05-31-16-23-32-874','Component17',$,(#12522));
#12543=PRODUCT('2026-05-31-16-23-52-075','Component18',$,(#12522));
#12544=PRESENTATION_STYLE_ASSIGNMENT((#12550));
#12545=PRESENTATION_STYLE_ASSIGNMENT((#12551));
#12546=PRESENTATION_STYLE_ASSIGNMENT((#12552));
#12547=PRESENTATION_STYLE_ASSIGNMENT((#12553));
#12548=PRESENTATION_STYLE_ASSIGNMENT((#12554));
#12549=PRESENTATION_STYLE_ASSIGNMENT((#12555));
#12550=SURFACE_STYLE_USAGE(.BOTH.,#12556);
#12551=SURFACE_STYLE_USAGE(.BOTH.,#12557);
#12552=SURFACE_STYLE_USAGE(.BOTH.,#12558);
#12553=SURFACE_STYLE_USAGE(.BOTH.,#12559);
#12554=SURFACE_STYLE_USAGE(.BOTH.,#12560);
#12555=SURFACE_STYLE_USAGE(.BOTH.,#12561);
#12556=SURFACE_SIDE_STYLE('',(#12562));
#12557=SURFACE_SIDE_STYLE('',(#12563));
#12558=SURFACE_SIDE_STYLE('',(#12564));
#12559=SURFACE_SIDE_STYLE('',(#12565));
#12560=SURFACE_SIDE_STYLE('',(#12566));
#12561=SURFACE_SIDE_STYLE('',(#12567));
#12562=SURFACE_STYLE_FILL_AREA(#12568);
#12563=SURFACE_STYLE_FILL_AREA(#12569);
#12564=SURFACE_STYLE_FILL_AREA(#12570);
#12565=SURFACE_STYLE_FILL_AREA(#12571);
#12566=SURFACE_STYLE_FILL_AREA(#12572);
#12567=SURFACE_STYLE_FILL_AREA(#12573);
#12568=FILL_AREA_STYLE('Steel - Satin',(#12574));
#12569=FILL_AREA_STYLE('Polymide (Kapton)',(#12575));
#12570=FILL_AREA_STYLE('Opaque(64,64,64)',(#12576));
#12571=FILL_AREA_STYLE('Opaque(128,255,128)',(#12577));
#12572=FILL_AREA_STYLE('Opaque(202,209,238)',(#12578));
#12573=FILL_AREA_STYLE('Opaque(198,193,188)',(#12579));
#12574=FILL_AREA_STYLE_COLOUR('Steel - Satin',#12580);
#12575=FILL_AREA_STYLE_COLOUR('Polymide (Kapton)',#12581);
#12576=FILL_AREA_STYLE_COLOUR('Opaque(64,64,64)',#12582);
#12577=FILL_AREA_STYLE_COLOUR('Opaque(128,255,128)',#12583);
#12578=FILL_AREA_STYLE_COLOUR('Opaque(202,209,238)',#12584);
#12579=FILL_AREA_STYLE_COLOUR('Opaque(198,193,188)',#12585);
#12580=COLOUR_RGB('Steel - Satin',0.627450980392157,0.627450980392157,0.627450980392157);
#12581=COLOUR_RGB('Polymide (Kapton)',1.,0.615686274509804,0.176470588235294);
#12582=COLOUR_RGB('Opaque(64,64,64)',0.250980392156863,0.250980392156863,
0.250980392156863);
#12583=COLOUR_RGB('Opaque(128,255,128)',0.501960784313725,1.,0.501960784313725);
#12584=COLOUR_RGB('Opaque(202,209,238)',0.792156862745098,0.819607843137255,
0.933333333333333);
#12585=COLOUR_RGB('Opaque(198,193,188)',0.776470588235294,0.756862745098039,
0.737254901960784);
ENDSEC;
END-ISO-10303-21;
